images,origin,type,component,package,version,vulnerability,severity,status,fixed_version,source
ci-base;ci-go;ci-node;ci-playwright;ci-vite,govulncheck,gobinary,opt/ci-tools/docker-compose/5.6.0/docker-compose,golang.org/x/crypto,v0.57.0,GO-2026-5932,UNKNOWN,affected,,https://pkg.go.dev/vuln/GO-2026-5932
ci-base;ci-go;ci-node;ci-playwright;ci-vite,govulncheck,gobinary,opt/ci-tools/gh/2.102.0/gh,golang.org/x/crypto,v0.57.0,GO-2026-5932,UNKNOWN,affected,,https://pkg.go.dev/vuln/GO-2026-5932
ci-base;ci-go;ci-node;ci-playwright;ci-vite,govulncheck,gobinary,opt/ci-tools/git-lfs/3.8.0/git-lfs,golang.org/x/crypto,v0.57.0,GO-2026-5932,UNKNOWN,affected,,https://pkg.go.dev/vuln/GO-2026-5932
ci-base;ci-go;ci-node;ci-playwright;ci-vite,govulncheck,gobinary,opt/ci-tools/gitleaks/8.30.1/gitleaks,golang.org/x/crypto,v0.57.0,GO-2026-5932,UNKNOWN,affected,,https://pkg.go.dev/vuln/GO-2026-5932
ci-go,govulncheck,gobinary,opt/ci-tools/goose/3.28.0/goose,golang.org/x/crypto,v0.57.0,GO-2026-5932,UNKNOWN,affected,,https://pkg.go.dev/vuln/GO-2026-5932
ci-base;ci-go;ci-node;ci-playwright;ci-vite,govulncheck,gobinary,opt/ci-tools/osv-scanner/2.6.0/osv-scanner,golang.org/x/crypto,v0.57.0,GO-2026-5932,UNKNOWN,affected,,https://pkg.go.dev/vuln/GO-2026-5932
ci-base;ci-go;ci-node;ci-playwright;ci-vite,govulncheck,gobinary,opt/ci-tools/trivy/0.75.0/trivy,golang.org/x/crypto,v0.57.0,GO-2026-5932,UNKNOWN,affected,,https://pkg.go.dev/vuln/GO-2026-5932
ci-node;ci-playwright;ci-vite,manual,node-pkg,opt/ci-tools/npm/12.2.0/node_modules/http-cache-semantics/package.json,http-cache-semantics,4.3.0,CVE-2026-93748,HIGH,advisory-scenario-reproduced,,https://github.com/advisories/GHSA-ch52-4w7c-c8xp
ci-base;ci-go;ci-node;ci-playwright;ci-postgres;ci-vite,trivy,debian,Debian,apt,3.0.3,CVE-2011-3374,LOW,affected,,https://avd.aquasec.com/nvd/cve-2011-3374
ci-base;ci-go;ci-node;ci-playwright;ci-postgres;ci-vite,trivy,debian,Debian,bash,5.2.37-2+b10,TEMP-0841856-B18BAF,LOW,affected,,https://security-tracker.debian.org/tracker/TEMP-0841856-B18BAF
ci-go,trivy,debian,Debian,binutils,2.44-3,CVE-2017-13716,LOW,affected,,https://avd.aquasec.com/nvd/cve-2017-13716
ci-go,trivy,debian,Debian,binutils,2.44-3,CVE-2018-20673,LOW,affected,,https://avd.aquasec.com/nvd/cve-2018-20673
ci-go,trivy,debian,Debian,binutils,2.44-3,CVE-2018-20712,LOW,affected,,https://avd.aquasec.com/nvd/cve-2018-20712
ci-go,trivy,debian,Debian,binutils,2.44-3,CVE-2018-9996,LOW,affected,,https://avd.aquasec.com/nvd/cve-2018-9996
ci-go,trivy,debian,Debian,binutils,2.44-3,CVE-2021-32256,LOW,affected,,https://avd.aquasec.com/nvd/cve-2021-32256
ci-go,trivy,debian,Debian,binutils,2.44-3,CVE-2025-11081,LOW,affected,,https://avd.aquasec.com/nvd/cve-2025-11081
ci-go,trivy,debian,Debian,binutils,2.44-3,CVE-2025-11082,LOW,affected,,https://avd.aquasec.com/nvd/cve-2025-11082
ci-go,trivy,debian,Debian,binutils,2.44-3,CVE-2025-11083,LOW,affected,,https://avd.aquasec.com/nvd/cve-2025-11083
ci-go,trivy,debian,Debian,binutils,2.44-3,CVE-2025-11412,LOW,affected,,https://avd.aquasec.com/nvd/cve-2025-11412
ci-go,trivy,debian,Debian,binutils,2.44-3,CVE-2025-11413,LOW,affected,,https://avd.aquasec.com/nvd/cve-2025-11413
ci-go,trivy,debian,Debian,binutils,2.44-3,CVE-2025-11414,LOW,affected,,https://avd.aquasec.com/nvd/cve-2025-11414
ci-go,trivy,debian,Debian,binutils,2.44-3,CVE-2025-1147,LOW,affected,,https://avd.aquasec.com/nvd/cve-2025-1147
ci-go,trivy,debian,Debian,binutils,2.44-3,CVE-2025-1148,LOW,affected,,https://avd.aquasec.com/nvd/cve-2025-1148
ci-go,trivy,debian,Debian,binutils,2.44-3,CVE-2025-1149,LOW,affected,,https://avd.aquasec.com/nvd/cve-2025-1149
ci-go,trivy,debian,Debian,binutils,2.44-3,CVE-2025-11494,LOW,affected,,https://avd.aquasec.com/nvd/cve-2025-11494
ci-go,trivy,debian,Debian,binutils,2.44-3,CVE-2025-11495,LOW,affected,,https://avd.aquasec.com/nvd/cve-2025-11495
ci-go,trivy,debian,Debian,binutils,2.44-3,CVE-2025-1150,LOW,affected,,https://avd.aquasec.com/nvd/cve-2025-1150
ci-go,trivy,debian,Debian,binutils,2.44-3,CVE-2025-1151,LOW,affected,,https://avd.aquasec.com/nvd/cve-2025-1151
ci-go,trivy,debian,Debian,binutils,2.44-3,CVE-2025-1152,LOW,affected,,https://avd.aquasec.com/nvd/cve-2025-1152
ci-go,trivy,debian,Debian,binutils,2.44-3,CVE-2025-1153,LOW,affected,,https://avd.aquasec.com/nvd/cve-2025-1153
ci-go,trivy,debian,Debian,binutils,2.44-3,CVE-2025-1176,LOW,affected,,https://avd.aquasec.com/nvd/cve-2025-1176
ci-go,trivy,debian,Debian,binutils,2.44-3,CVE-2025-1178,LOW,affected,,https://avd.aquasec.com/nvd/cve-2025-1178
ci-go,trivy,debian,Debian,binutils,2.44-3,CVE-2025-1180,LOW,affected,,https://avd.aquasec.com/nvd/cve-2025-1180
ci-go,trivy,debian,Debian,binutils,2.44-3,CVE-2025-1181,LOW,affected,,https://avd.aquasec.com/nvd/cve-2025-1181
ci-go,trivy,debian,Debian,binutils,2.44-3,CVE-2025-1182,LOW,affected,,https://avd.aquasec.com/nvd/cve-2025-1182
ci-go,trivy,debian,Debian,binutils,2.44-3,CVE-2025-11839,LOW,affected,,https://avd.aquasec.com/nvd/cve-2025-11839
ci-go,trivy,debian,Debian,binutils,2.44-3,CVE-2025-11840,LOW,affected,,https://avd.aquasec.com/nvd/cve-2025-11840
ci-go,trivy,debian,Debian,binutils,2.44-3,CVE-2025-3198,LOW,affected,,https://avd.aquasec.com/nvd/cve-2025-3198
ci-go,trivy,debian,Debian,binutils,2.44-3,CVE-2025-5244,LOW,affected,,https://avd.aquasec.com/nvd/cve-2025-5244
ci-go,trivy,debian,Debian,binutils,2.44-3,CVE-2025-5245,LOW,affected,,https://avd.aquasec.com/nvd/cve-2025-5245
ci-go,trivy,debian,Debian,binutils,2.44-3,CVE-2025-66861,LOW,affected,,https://avd.aquasec.com/nvd/cve-2025-66861
ci-go,trivy,debian,Debian,binutils,2.44-3,CVE-2025-66862,LOW,affected,,https://avd.aquasec.com/nvd/cve-2025-66862
ci-go,trivy,debian,Debian,binutils,2.44-3,CVE-2025-66863,LOW,affected,,https://avd.aquasec.com/nvd/cve-2025-66863
ci-go,trivy,debian,Debian,binutils,2.44-3,CVE-2025-66864,LOW,affected,,https://avd.aquasec.com/nvd/cve-2025-66864
ci-go,trivy,debian,Debian,binutils,2.44-3,CVE-2025-66865,LOW,affected,,https://avd.aquasec.com/nvd/cve-2025-66865
ci-go,trivy,debian,Debian,binutils,2.44-3,CVE-2025-66866,LOW,affected,,https://avd.aquasec.com/nvd/cve-2025-66866
ci-go,trivy,debian,Debian,binutils,2.44-3,CVE-2025-69644,LOW,affected,,https://avd.aquasec.com/nvd/cve-2025-69644
ci-go,trivy,debian,Debian,binutils,2.44-3,CVE-2025-69645,LOW,affected,,https://avd.aquasec.com/nvd/cve-2025-69645
ci-go,trivy,debian,Debian,binutils,2.44-3,CVE-2025-69646,LOW,affected,,https://avd.aquasec.com/nvd/cve-2025-69646
ci-go,trivy,debian,Debian,binutils,2.44-3,CVE-2025-69647,LOW,affected,,https://avd.aquasec.com/nvd/cve-2025-69647
ci-go,trivy,debian,Debian,binutils,2.44-3,CVE-2025-69648,LOW,affected,,https://avd.aquasec.com/nvd/cve-2025-69648
ci-go,trivy,debian,Debian,binutils,2.44-3,CVE-2025-69649,LOW,affected,,https://avd.aquasec.com/nvd/cve-2025-69649
ci-go,trivy,debian,Debian,binutils,2.44-3,CVE-2025-69650,LOW,affected,,https://avd.aquasec.com/nvd/cve-2025-69650
ci-go,trivy,debian,Debian,binutils,2.44-3,CVE-2025-69651,LOW,affected,,https://avd.aquasec.com/nvd/cve-2025-69651
ci-go,trivy,debian,Debian,binutils,2.44-3,CVE-2025-69652,LOW,affected,,https://avd.aquasec.com/nvd/cve-2025-69652
ci-go,trivy,debian,Debian,binutils,2.44-3,CVE-2025-7545,LOW,affected,,https://avd.aquasec.com/nvd/cve-2025-7545
ci-go,trivy,debian,Debian,binutils,2.44-3,CVE-2025-7546,LOW,affected,,https://avd.aquasec.com/nvd/cve-2025-7546
ci-go,trivy,debian,Debian,binutils,2.44-3,CVE-2025-8225,LOW,affected,,https://avd.aquasec.com/nvd/cve-2025-8225
ci-go,trivy,debian,Debian,binutils,2.44-3,CVE-2026-15003,LOW,affected,,https://avd.aquasec.com/nvd/cve-2026-15003
ci-go,trivy,debian,Debian,binutils,2.44-3,CVE-2026-18220,LOW,affected,,https://avd.aquasec.com/nvd/cve-2026-18220
ci-go,trivy,debian,Debian,binutils,2.44-3,CVE-2026-19548,LOW,affected,,https://avd.aquasec.com/nvd/cve-2026-19548
ci-go,trivy,debian,Debian,binutils,2.44-3,CVE-2026-3441,LOW,affected,,https://avd.aquasec.com/nvd/cve-2026-3441
ci-go,trivy,debian,Debian,binutils,2.44-3,CVE-2026-3442,LOW,affected,,https://avd.aquasec.com/nvd/cve-2026-3442
ci-go,trivy,debian,Debian,binutils,2.44-3,CVE-2026-4647,LOW,affected,,https://avd.aquasec.com/nvd/cve-2026-4647
ci-go,trivy,debian,Debian,binutils,2.44-3,CVE-2026-6844,LOW,affected,,https://avd.aquasec.com/nvd/cve-2026-6844
ci-go,trivy,debian,Debian,binutils,2.44-3,CVE-2026-6845,LOW,affected,,https://avd.aquasec.com/nvd/cve-2026-6845
ci-go,trivy,debian,Debian,binutils,2.44-3,CVE-2026-6846,LOW,affected,,https://avd.aquasec.com/nvd/cve-2026-6846
ci-go,trivy,debian,Debian,binutils,2.44-3,CVE-2026-90801,LOW,affected,,https://avd.aquasec.com/nvd/cve-2026-90801
ci-go,trivy,debian,Debian,binutils,2.44-3,CVE-2026-90802,LOW,affected,,https://avd.aquasec.com/nvd/cve-2026-90802
ci-go,trivy,debian,Debian,binutils,2.44-3,CVE-2026-90803,LOW,affected,,https://avd.aquasec.com/nvd/cve-2026-90803
ci-go,trivy,debian,Debian,binutils,2.44-3,CVE-2026-90804,LOW,affected,,https://avd.aquasec.com/nvd/cve-2026-90804
ci-go,trivy,debian,Debian,binutils,2.44-3,CVE-2026-90828,LOW,affected,,https://avd.aquasec.com/nvd/cve-2026-90828
ci-go,trivy,debian,Debian,binutils,2.44-3,CVE-2026-90829,LOW,affected,,https://avd.aquasec.com/nvd/cve-2026-90829
ci-go,trivy,debian,Debian,binutils,2.44-3,CVE-2026-90830,LOW,affected,,https://avd.aquasec.com/nvd/cve-2026-90830
ci-go,trivy,debian,Debian,binutils,2.44-3,CVE-2026-90831,LOW,affected,,https://avd.aquasec.com/nvd/cve-2026-90831
ci-go,trivy,debian,Debian,binutils,2.44-3,CVE-2026-91779,LOW,affected,,https://avd.aquasec.com/nvd/cve-2026-91779
ci-go,trivy,debian,Debian,binutils,2.44-3,CVE-2026-91780,LOW,affected,,https://avd.aquasec.com/nvd/cve-2026-91780
ci-go,trivy,debian,Debian,binutils,2.44-3,CVE-2026-91781,LOW,affected,,https://avd.aquasec.com/nvd/cve-2026-91781
ci-go,trivy,debian,Debian,binutils,2.44-3,CVE-2026-91782,LOW,affected,,https://avd.aquasec.com/nvd/cve-2026-91782
ci-go,trivy,debian,Debian,binutils-aarch64-linux-gnu,2.44-3,CVE-2017-13716,LOW,affected,,https://avd.aquasec.com/nvd/cve-2017-13716
ci-go,trivy,debian,Debian,binutils-aarch64-linux-gnu,2.44-3,CVE-2018-20673,LOW,affected,,https://avd.aquasec.com/nvd/cve-2018-20673
ci-go,trivy,debian,Debian,binutils-aarch64-linux-gnu,2.44-3,CVE-2018-20712,LOW,affected,,https://avd.aquasec.com/nvd/cve-2018-20712
ci-go,trivy,debian,Debian,binutils-aarch64-linux-gnu,2.44-3,CVE-2018-9996,LOW,affected,,https://avd.aquasec.com/nvd/cve-2018-9996
ci-go,trivy,debian,Debian,binutils-aarch64-linux-gnu,2.44-3,CVE-2021-32256,LOW,affected,,https://avd.aquasec.com/nvd/cve-2021-32256
ci-go,trivy,debian,Debian,binutils-aarch64-linux-gnu,2.44-3,CVE-2025-11081,LOW,affected,,https://avd.aquasec.com/nvd/cve-2025-11081
ci-go,trivy,debian,Debian,binutils-aarch64-linux-gnu,2.44-3,CVE-2025-11082,LOW,affected,,https://avd.aquasec.com/nvd/cve-2025-11082
ci-go,trivy,debian,Debian,binutils-aarch64-linux-gnu,2.44-3,CVE-2025-11083,LOW,affected,,https://avd.aquasec.com/nvd/cve-2025-11083
ci-go,trivy,debian,Debian,binutils-aarch64-linux-gnu,2.44-3,CVE-2025-11412,LOW,affected,,https://avd.aquasec.com/nvd/cve-2025-11412
ci-go,trivy,debian,Debian,binutils-aarch64-linux-gnu,2.44-3,CVE-2025-11413,LOW,affected,,https://avd.aquasec.com/nvd/cve-2025-11413
ci-go,trivy,debian,Debian,binutils-aarch64-linux-gnu,2.44-3,CVE-2025-11414,LOW,affected,,https://avd.aquasec.com/nvd/cve-2025-11414
ci-go,trivy,debian,Debian,binutils-aarch64-linux-gnu,2.44-3,CVE-2025-1147,LOW,affected,,https://avd.aquasec.com/nvd/cve-2025-1147
ci-go,trivy,debian,Debian,binutils-aarch64-linux-gnu,2.44-3,CVE-2025-1148,LOW,affected,,https://avd.aquasec.com/nvd/cve-2025-1148
ci-go,trivy,debian,Debian,binutils-aarch64-linux-gnu,2.44-3,CVE-2025-1149,LOW,affected,,https://avd.aquasec.com/nvd/cve-2025-1149
ci-go,trivy,debian,Debian,binutils-aarch64-linux-gnu,2.44-3,CVE-2025-11494,LOW,affected,,https://avd.aquasec.com/nvd/cve-2025-11494
ci-go,trivy,debian,Debian,binutils-aarch64-linux-gnu,2.44-3,CVE-2025-11495,LOW,affected,,https://avd.aquasec.com/nvd/cve-2025-11495
ci-go,trivy,debian,Debian,binutils-aarch64-linux-gnu,2.44-3,CVE-2025-1150,LOW,affected,,https://avd.aquasec.com/nvd/cve-2025-1150
ci-go,trivy,debian,Debian,binutils-aarch64-linux-gnu,2.44-3,CVE-2025-1151,LOW,affected,,https://avd.aquasec.com/nvd/cve-2025-1151
ci-go,trivy,debian,Debian,binutils-aarch64-linux-gnu,2.44-3,CVE-2025-1152,LOW,affected,,https://avd.aquasec.com/nvd/cve-2025-1152
ci-go,trivy,debian,Debian,binutils-aarch64-linux-gnu,2.44-3,CVE-2025-1153,LOW,affected,,https://avd.aquasec.com/nvd/cve-2025-1153
ci-go,trivy,debian,Debian,binutils-aarch64-linux-gnu,2.44-3,CVE-2025-1176,LOW,affected,,https://avd.aquasec.com/nvd/cve-2025-1176
ci-go,trivy,debian,Debian,binutils-aarch64-linux-gnu,2.44-3,CVE-2025-1178,LOW,affected,,https://avd.aquasec.com/nvd/cve-2025-1178
ci-go,trivy,debian,Debian,binutils-aarch64-linux-gnu,2.44-3,CVE-2025-1180,LOW,affected,,https://avd.aquasec.com/nvd/cve-2025-1180
ci-go,trivy,debian,Debian,binutils-aarch64-linux-gnu,2.44-3,CVE-2025-1181,LOW,affected,,https://avd.aquasec.com/nvd/cve-2025-1181
ci-go,trivy,debian,Debian,binutils-aarch64-linux-gnu,2.44-3,CVE-2025-1182,LOW,affected,,https://avd.aquasec.com/nvd/cve-2025-1182
ci-go,trivy,debian,Debian,binutils-aarch64-linux-gnu,2.44-3,CVE-2025-11839,LOW,affected,,https://avd.aquasec.com/nvd/cve-2025-11839
ci-go,trivy,debian,Debian,binutils-aarch64-linux-gnu,2.44-3,CVE-2025-11840,LOW,affected,,https://avd.aquasec.com/nvd/cve-2025-11840
ci-go,trivy,debian,Debian,binutils-aarch64-linux-gnu,2.44-3,CVE-2025-3198,LOW,affected,,https://avd.aquasec.com/nvd/cve-2025-3198
ci-go,trivy,debian,Debian,binutils-aarch64-linux-gnu,2.44-3,CVE-2025-5244,LOW,affected,,https://avd.aquasec.com/nvd/cve-2025-5244
ci-go,trivy,debian,Debian,binutils-aarch64-linux-gnu,2.44-3,CVE-2025-5245,LOW,affected,,https://avd.aquasec.com/nvd/cve-2025-5245
ci-go,trivy,debian,Debian,binutils-aarch64-linux-gnu,2.44-3,CVE-2025-66861,LOW,affected,,https://avd.aquasec.com/nvd/cve-2025-66861
ci-go,trivy,debian,Debian,binutils-aarch64-linux-gnu,2.44-3,CVE-2025-66862,LOW,affected,,https://avd.aquasec.com/nvd/cve-2025-66862
ci-go,trivy,debian,Debian,binutils-aarch64-linux-gnu,2.44-3,CVE-2025-66863,LOW,affected,,https://avd.aquasec.com/nvd/cve-2025-66863
ci-go,trivy,debian,Debian,binutils-aarch64-linux-gnu,2.44-3,CVE-2025-66864,LOW,affected,,https://avd.aquasec.com/nvd/cve-2025-66864
ci-go,trivy,debian,Debian,binutils-aarch64-linux-gnu,2.44-3,CVE-2025-66865,LOW,affected,,https://avd.aquasec.com/nvd/cve-2025-66865
ci-go,trivy,debian,Debian,binutils-aarch64-linux-gnu,2.44-3,CVE-2025-66866,LOW,affected,,https://avd.aquasec.com/nvd/cve-2025-66866
ci-go,trivy,debian,Debian,binutils-aarch64-linux-gnu,2.44-3,CVE-2025-69644,LOW,affected,,https://avd.aquasec.com/nvd/cve-2025-69644
ci-go,trivy,debian,Debian,binutils-aarch64-linux-gnu,2.44-3,CVE-2025-69645,LOW,affected,,https://avd.aquasec.com/nvd/cve-2025-69645
ci-go,trivy,debian,Debian,binutils-aarch64-linux-gnu,2.44-3,CVE-2025-69646,LOW,affected,,https://avd.aquasec.com/nvd/cve-2025-69646
ci-go,trivy,debian,Debian,binutils-aarch64-linux-gnu,2.44-3,CVE-2025-69647,LOW,affected,,https://avd.aquasec.com/nvd/cve-2025-69647
ci-go,trivy,debian,Debian,binutils-aarch64-linux-gnu,2.44-3,CVE-2025-69648,LOW,affected,,https://avd.aquasec.com/nvd/cve-2025-69648
ci-go,trivy,debian,Debian,binutils-aarch64-linux-gnu,2.44-3,CVE-2025-69649,LOW,affected,,https://avd.aquasec.com/nvd/cve-2025-69649
ci-go,trivy,debian,Debian,binutils-aarch64-linux-gnu,2.44-3,CVE-2025-69650,LOW,affected,,https://avd.aquasec.com/nvd/cve-2025-69650
ci-go,trivy,debian,Debian,binutils-aarch64-linux-gnu,2.44-3,CVE-2025-69651,LOW,affected,,https://avd.aquasec.com/nvd/cve-2025-69651
ci-go,trivy,debian,Debian,binutils-aarch64-linux-gnu,2.44-3,CVE-2025-69652,LOW,affected,,https://avd.aquasec.com/nvd/cve-2025-69652
ci-go,trivy,debian,Debian,binutils-aarch64-linux-gnu,2.44-3,CVE-2025-7545,LOW,affected,,https://avd.aquasec.com/nvd/cve-2025-7545
ci-go,trivy,debian,Debian,binutils-aarch64-linux-gnu,2.44-3,CVE-2025-7546,LOW,affected,,https://avd.aquasec.com/nvd/cve-2025-7546
ci-go,trivy,debian,Debian,binutils-aarch64-linux-gnu,2.44-3,CVE-2025-8225,LOW,affected,,https://avd.aquasec.com/nvd/cve-2025-8225
ci-go,trivy,debian,Debian,binutils-aarch64-linux-gnu,2.44-3,CVE-2026-15003,LOW,affected,,https://avd.aquasec.com/nvd/cve-2026-15003
ci-go,trivy,debian,Debian,binutils-aarch64-linux-gnu,2.44-3,CVE-2026-18220,LOW,affected,,https://avd.aquasec.com/nvd/cve-2026-18220
ci-go,trivy,debian,Debian,binutils-aarch64-linux-gnu,2.44-3,CVE-2026-19548,LOW,affected,,https://avd.aquasec.com/nvd/cve-2026-19548
ci-go,trivy,debian,Debian,binutils-aarch64-linux-gnu,2.44-3,CVE-2026-3441,LOW,affected,,https://avd.aquasec.com/nvd/cve-2026-3441
ci-go,trivy,debian,Debian,binutils-aarch64-linux-gnu,2.44-3,CVE-2026-3442,LOW,affected,,https://avd.aquasec.com/nvd/cve-2026-3442
ci-go,trivy,debian,Debian,binutils-aarch64-linux-gnu,2.44-3,CVE-2026-4647,LOW,affected,,https://avd.aquasec.com/nvd/cve-2026-4647
ci-go,trivy,debian,Debian,binutils-aarch64-linux-gnu,2.44-3,CVE-2026-6844,LOW,affected,,https://avd.aquasec.com/nvd/cve-2026-6844
ci-go,trivy,debian,Debian,binutils-aarch64-linux-gnu,2.44-3,CVE-2026-6845,LOW,affected,,https://avd.aquasec.com/nvd/cve-2026-6845
ci-go,trivy,debian,Debian,binutils-aarch64-linux-gnu,2.44-3,CVE-2026-6846,LOW,affected,,https://avd.aquasec.com/nvd/cve-2026-6846
ci-go,trivy,debian,Debian,binutils-aarch64-linux-gnu,2.44-3,CVE-2026-90801,LOW,affected,,https://avd.aquasec.com/nvd/cve-2026-90801
ci-go,trivy,debian,Debian,binutils-aarch64-linux-gnu,2.44-3,CVE-2026-90802,LOW,affected,,https://avd.aquasec.com/nvd/cve-2026-90802
ci-go,trivy,debian,Debian,binutils-aarch64-linux-gnu,2.44-3,CVE-2026-90803,LOW,affected,,https://avd.aquasec.com/nvd/cve-2026-90803
ci-go,trivy,debian,Debian,binutils-aarch64-linux-gnu,2.44-3,CVE-2026-90804,LOW,affected,,https://avd.aquasec.com/nvd/cve-2026-90804
ci-go,trivy,debian,Debian,binutils-aarch64-linux-gnu,2.44-3,CVE-2026-90828,LOW,affected,,https://avd.aquasec.com/nvd/cve-2026-90828
ci-go,trivy,debian,Debian,binutils-aarch64-linux-gnu,2.44-3,CVE-2026-90829,LOW,affected,,https://avd.aquasec.com/nvd/cve-2026-90829
ci-go,trivy,debian,Debian,binutils-aarch64-linux-gnu,2.44-3,CVE-2026-90830,LOW,affected,,https://avd.aquasec.com/nvd/cve-2026-90830
ci-go,trivy,debian,Debian,binutils-aarch64-linux-gnu,2.44-3,CVE-2026-90831,LOW,affected,,https://avd.aquasec.com/nvd/cve-2026-90831
ci-go,trivy,debian,Debian,binutils-aarch64-linux-gnu,2.44-3,CVE-2026-91779,LOW,affected,,https://avd.aquasec.com/nvd/cve-2026-91779
ci-go,trivy,debian,Debian,binutils-aarch64-linux-gnu,2.44-3,CVE-2026-91780,LOW,affected,,https://avd.aquasec.com/nvd/cve-2026-91780
ci-go,trivy,debian,Debian,binutils-aarch64-linux-gnu,2.44-3,CVE-2026-91781,LOW,affected,,https://avd.aquasec.com/nvd/cve-2026-91781
ci-go,trivy,debian,Debian,binutils-aarch64-linux-gnu,2.44-3,CVE-2026-91782,LOW,affected,,https://avd.aquasec.com/nvd/cve-2026-91782
ci-go,trivy,debian,Debian,binutils-common,2.44-3,CVE-2017-13716,LOW,affected,,https://avd.aquasec.com/nvd/cve-2017-13716
ci-go,trivy,debian,Debian,binutils-common,2.44-3,CVE-2018-20673,LOW,affected,,https://avd.aquasec.com/nvd/cve-2018-20673
ci-go,trivy,debian,Debian,binutils-common,2.44-3,CVE-2018-20712,LOW,affected,,https://avd.aquasec.com/nvd/cve-2018-20712
ci-go,trivy,debian,Debian,binutils-common,2.44-3,CVE-2018-9996,LOW,affected,,https://avd.aquasec.com/nvd/cve-2018-9996
ci-go,trivy,debian,Debian,binutils-common,2.44-3,CVE-2021-32256,LOW,affected,,https://avd.aquasec.com/nvd/cve-2021-32256
ci-go,trivy,debian,Debian,binutils-common,2.44-3,CVE-2025-11081,LOW,affected,,https://avd.aquasec.com/nvd/cve-2025-11081
ci-go,trivy,debian,Debian,binutils-common,2.44-3,CVE-2025-11082,LOW,affected,,https://avd.aquasec.com/nvd/cve-2025-11082
ci-go,trivy,debian,Debian,binutils-common,2.44-3,CVE-2025-11083,LOW,affected,,https://avd.aquasec.com/nvd/cve-2025-11083
ci-go,trivy,debian,Debian,binutils-common,2.44-3,CVE-2025-11412,LOW,affected,,https://avd.aquasec.com/nvd/cve-2025-11412
ci-go,trivy,debian,Debian,binutils-common,2.44-3,CVE-2025-11413,LOW,affected,,https://avd.aquasec.com/nvd/cve-2025-11413
ci-go,trivy,debian,Debian,binutils-common,2.44-3,CVE-2025-11414,LOW,affected,,https://avd.aquasec.com/nvd/cve-2025-11414
ci-go,trivy,debian,Debian,binutils-common,2.44-3,CVE-2025-1147,LOW,affected,,https://avd.aquasec.com/nvd/cve-2025-1147
ci-go,trivy,debian,Debian,binutils-common,2.44-3,CVE-2025-1148,LOW,affected,,https://avd.aquasec.com/nvd/cve-2025-1148
ci-go,trivy,debian,Debian,binutils-common,2.44-3,CVE-2025-1149,LOW,affected,,https://avd.aquasec.com/nvd/cve-2025-1149
ci-go,trivy,debian,Debian,binutils-common,2.44-3,CVE-2025-11494,LOW,affected,,https://avd.aquasec.com/nvd/cve-2025-11494
ci-go,trivy,debian,Debian,binutils-common,2.44-3,CVE-2025-11495,LOW,affected,,https://avd.aquasec.com/nvd/cve-2025-11495
ci-go,trivy,debian,Debian,binutils-common,2.44-3,CVE-2025-1150,LOW,affected,,https://avd.aquasec.com/nvd/cve-2025-1150
ci-go,trivy,debian,Debian,binutils-common,2.44-3,CVE-2025-1151,LOW,affected,,https://avd.aquasec.com/nvd/cve-2025-1151
ci-go,trivy,debian,Debian,binutils-common,2.44-3,CVE-2025-1152,LOW,affected,,https://avd.aquasec.com/nvd/cve-2025-1152
ci-go,trivy,debian,Debian,binutils-common,2.44-3,CVE-2025-1153,LOW,affected,,https://avd.aquasec.com/nvd/cve-2025-1153
ci-go,trivy,debian,Debian,binutils-common,2.44-3,CVE-2025-1176,LOW,affected,,https://avd.aquasec.com/nvd/cve-2025-1176
ci-go,trivy,debian,Debian,binutils-common,2.44-3,CVE-2025-1178,LOW,affected,,https://avd.aquasec.com/nvd/cve-2025-1178
ci-go,trivy,debian,Debian,binutils-common,2.44-3,CVE-2025-1180,LOW,affected,,https://avd.aquasec.com/nvd/cve-2025-1180
ci-go,trivy,debian,Debian,binutils-common,2.44-3,CVE-2025-1181,LOW,affected,,https://avd.aquasec.com/nvd/cve-2025-1181
ci-go,trivy,debian,Debian,binutils-common,2.44-3,CVE-2025-1182,LOW,affected,,https://avd.aquasec.com/nvd/cve-2025-1182
ci-go,trivy,debian,Debian,binutils-common,2.44-3,CVE-2025-11839,LOW,affected,,https://avd.aquasec.com/nvd/cve-2025-11839
ci-go,trivy,debian,Debian,binutils-common,2.44-3,CVE-2025-11840,LOW,affected,,https://avd.aquasec.com/nvd/cve-2025-11840
ci-go,trivy,debian,Debian,binutils-common,2.44-3,CVE-2025-3198,LOW,affected,,https://avd.aquasec.com/nvd/cve-2025-3198
ci-go,trivy,debian,Debian,binutils-common,2.44-3,CVE-2025-5244,LOW,affected,,https://avd.aquasec.com/nvd/cve-2025-5244
ci-go,trivy,debian,Debian,binutils-common,2.44-3,CVE-2025-5245,LOW,affected,,https://avd.aquasec.com/nvd/cve-2025-5245
ci-go,trivy,debian,Debian,binutils-common,2.44-3,CVE-2025-66861,LOW,affected,,https://avd.aquasec.com/nvd/cve-2025-66861
ci-go,trivy,debian,Debian,binutils-common,2.44-3,CVE-2025-66862,LOW,affected,,https://avd.aquasec.com/nvd/cve-2025-66862
ci-go,trivy,debian,Debian,binutils-common,2.44-3,CVE-2025-66863,LOW,affected,,https://avd.aquasec.com/nvd/cve-2025-66863
ci-go,trivy,debian,Debian,binutils-common,2.44-3,CVE-2025-66864,LOW,affected,,https://avd.aquasec.com/nvd/cve-2025-66864
ci-go,trivy,debian,Debian,binutils-common,2.44-3,CVE-2025-66865,LOW,affected,,https://avd.aquasec.com/nvd/cve-2025-66865
ci-go,trivy,debian,Debian,binutils-common,2.44-3,CVE-2025-66866,LOW,affected,,https://avd.aquasec.com/nvd/cve-2025-66866
ci-go,trivy,debian,Debian,binutils-common,2.44-3,CVE-2025-69644,LOW,affected,,https://avd.aquasec.com/nvd/cve-2025-69644
ci-go,trivy,debian,Debian,binutils-common,2.44-3,CVE-2025-69645,LOW,affected,,https://avd.aquasec.com/nvd/cve-2025-69645
ci-go,trivy,debian,Debian,binutils-common,2.44-3,CVE-2025-69646,LOW,affected,,https://avd.aquasec.com/nvd/cve-2025-69646
ci-go,trivy,debian,Debian,binutils-common,2.44-3,CVE-2025-69647,LOW,affected,,https://avd.aquasec.com/nvd/cve-2025-69647
ci-go,trivy,debian,Debian,binutils-common,2.44-3,CVE-2025-69648,LOW,affected,,https://avd.aquasec.com/nvd/cve-2025-69648
ci-go,trivy,debian,Debian,binutils-common,2.44-3,CVE-2025-69649,LOW,affected,,https://avd.aquasec.com/nvd/cve-2025-69649
ci-go,trivy,debian,Debian,binutils-common,2.44-3,CVE-2025-69650,LOW,affected,,https://avd.aquasec.com/nvd/cve-2025-69650
ci-go,trivy,debian,Debian,binutils-common,2.44-3,CVE-2025-69651,LOW,affected,,https://avd.aquasec.com/nvd/cve-2025-69651
ci-go,trivy,debian,Debian,binutils-common,2.44-3,CVE-2025-69652,LOW,affected,,https://avd.aquasec.com/nvd/cve-2025-69652
ci-go,trivy,debian,Debian,binutils-common,2.44-3,CVE-2025-7545,LOW,affected,,https://avd.aquasec.com/nvd/cve-2025-7545
ci-go,trivy,debian,Debian,binutils-common,2.44-3,CVE-2025-7546,LOW,affected,,https://avd.aquasec.com/nvd/cve-2025-7546
ci-go,trivy,debian,Debian,binutils-common,2.44-3,CVE-2025-8225,LOW,affected,,https://avd.aquasec.com/nvd/cve-2025-8225
ci-go,trivy,debian,Debian,binutils-common,2.44-3,CVE-2026-15003,LOW,affected,,https://avd.aquasec.com/nvd/cve-2026-15003
ci-go,trivy,debian,Debian,binutils-common,2.44-3,CVE-2026-18220,LOW,affected,,https://avd.aquasec.com/nvd/cve-2026-18220
ci-go,trivy,debian,Debian,binutils-common,2.44-3,CVE-2026-19548,LOW,affected,,https://avd.aquasec.com/nvd/cve-2026-19548
ci-go,trivy,debian,Debian,binutils-common,2.44-3,CVE-2026-3441,LOW,affected,,https://avd.aquasec.com/nvd/cve-2026-3441
ci-go,trivy,debian,Debian,binutils-common,2.44-3,CVE-2026-3442,LOW,affected,,https://avd.aquasec.com/nvd/cve-2026-3442
ci-go,trivy,debian,Debian,binutils-common,2.44-3,CVE-2026-4647,LOW,affected,,https://avd.aquasec.com/nvd/cve-2026-4647
ci-go,trivy,debian,Debian,binutils-common,2.44-3,CVE-2026-6844,LOW,affected,,https://avd.aquasec.com/nvd/cve-2026-6844
ci-go,trivy,debian,Debian,binutils-common,2.44-3,CVE-2026-6845,LOW,affected,,https://avd.aquasec.com/nvd/cve-2026-6845
ci-go,trivy,debian,Debian,binutils-common,2.44-3,CVE-2026-6846,LOW,affected,,https://avd.aquasec.com/nvd/cve-2026-6846
ci-go,trivy,debian,Debian,binutils-common,2.44-3,CVE-2026-90801,LOW,affected,,https://avd.aquasec.com/nvd/cve-2026-90801
ci-go,trivy,debian,Debian,binutils-common,2.44-3,CVE-2026-90802,LOW,affected,,https://avd.aquasec.com/nvd/cve-2026-90802
ci-go,trivy,debian,Debian,binutils-common,2.44-3,CVE-2026-90803,LOW,affected,,https://avd.aquasec.com/nvd/cve-2026-90803
ci-go,trivy,debian,Debian,binutils-common,2.44-3,CVE-2026-90804,LOW,affected,,https://avd.aquasec.com/nvd/cve-2026-90804
ci-go,trivy,debian,Debian,binutils-common,2.44-3,CVE-2026-90828,LOW,affected,,https://avd.aquasec.com/nvd/cve-2026-90828
ci-go,trivy,debian,Debian,binutils-common,2.44-3,CVE-2026-90829,LOW,affected,,https://avd.aquasec.com/nvd/cve-2026-90829
ci-go,trivy,debian,Debian,binutils-common,2.44-3,CVE-2026-90830,LOW,affected,,https://avd.aquasec.com/nvd/cve-2026-90830
ci-go,trivy,debian,Debian,binutils-common,2.44-3,CVE-2026-90831,LOW,affected,,https://avd.aquasec.com/nvd/cve-2026-90831
ci-go,trivy,debian,Debian,binutils-common,2.44-3,CVE-2026-91779,LOW,affected,,https://avd.aquasec.com/nvd/cve-2026-91779
ci-go,trivy,debian,Debian,binutils-common,2.44-3,CVE-2026-91780,LOW,affected,,https://avd.aquasec.com/nvd/cve-2026-91780
ci-go,trivy,debian,Debian,binutils-common,2.44-3,CVE-2026-91781,LOW,affected,,https://avd.aquasec.com/nvd/cve-2026-91781
ci-go,trivy,debian,Debian,binutils-common,2.44-3,CVE-2026-91782,LOW,affected,,https://avd.aquasec.com/nvd/cve-2026-91782
ci-base;ci-go;ci-node;ci-playwright;ci-postgres;ci-vite,trivy,debian,Debian,bsdutils,1:2.41.5-0+deb13u1,CVE-2022-0563,LOW,affected,,https://avd.aquasec.com/nvd/cve-2022-0563
ci-base;ci-go;ci-node;ci-playwright;ci-postgres;ci-vite,trivy,debian,Debian,bsdutils,1:2.41.5-0+deb13u1,CVE-2026-3184,MEDIUM,affected,,https://avd.aquasec.com/nvd/cve-2026-3184
ci-base;ci-go;ci-node;ci-playwright;ci-postgres;ci-vite,trivy,debian,Debian,bsdutils,1:2.41.5-0+deb13u1,CVE-2026-76642,HIGH,affected,,https://avd.aquasec.com/nvd/cve-2026-76642
ci-base;ci-go;ci-node;ci-playwright;ci-postgres;ci-vite,trivy,debian,Debian,bsdutils,1:2.41.5-0+deb13u1,CVE-2026-78408,HIGH,affected,,https://avd.aquasec.com/nvd/cve-2026-78408
ci-base;ci-go;ci-node;ci-playwright;ci-postgres;ci-vite,trivy,debian,Debian,bsdutils,1:2.41.5-0+deb13u1,CVE-2026-78409,HIGH,affected,,https://avd.aquasec.com/nvd/cve-2026-78409
ci-base;ci-go;ci-node;ci-playwright;ci-postgres;ci-vite,trivy,debian,Debian,bsdutils,1:2.41.5-0+deb13u1,CVE-2026-78410,HIGH,affected,,https://avd.aquasec.com/nvd/cve-2026-78410
ci-base;ci-go;ci-node;ci-playwright;ci-postgres;ci-vite,trivy,debian,Debian,coreutils,9.7-3,CVE-2017-18018,LOW,affected,,https://avd.aquasec.com/nvd/cve-2017-18018
ci-base;ci-go;ci-node;ci-playwright;ci-postgres;ci-vite,trivy,debian,Debian,coreutils,9.7-3,CVE-2025-5278,LOW,affected,,https://avd.aquasec.com/nvd/cve-2025-5278
ci-base;ci-go;ci-node;ci-playwright;ci-postgres;ci-vite,trivy,debian,Debian,coreutils,9.7-3,CVE-2026-56391,LOW,affected,,https://avd.aquasec.com/nvd/cve-2026-56391
ci-base;ci-go;ci-node;ci-playwright;ci-postgres;ci-vite,trivy,debian,Debian,coreutils,9.7-3,CVE-2026-56392,LOW,affected,,https://avd.aquasec.com/nvd/cve-2026-56392
ci-go,trivy,debian,Debian,cpp-14,14.2.0-19,CVE-2026-102010,MEDIUM,affected,,https://avd.aquasec.com/nvd/cve-2026-102010
ci-go,trivy,debian,Debian,cpp-14,14.2.0-19,CVE-2026-95619,MEDIUM,affected,,https://avd.aquasec.com/nvd/cve-2026-95619
ci-go,trivy,debian,Debian,cpp-14-aarch64-linux-gnu,14.2.0-19,CVE-2026-102010,MEDIUM,affected,,https://avd.aquasec.com/nvd/cve-2026-102010
ci-go,trivy,debian,Debian,cpp-14-aarch64-linux-gnu,14.2.0-19,CVE-2026-95619,MEDIUM,affected,,https://avd.aquasec.com/nvd/cve-2026-95619
ci-base;ci-go;ci-node;ci-playwright;ci-vite,trivy,debian,Debian,curl,8.14.1-2+deb13u5,CVE-2025-10966,LOW,affected,,https://avd.aquasec.com/nvd/cve-2025-10966
ci-base;ci-go;ci-node;ci-playwright;ci-vite,trivy,debian,Debian,curl,8.14.1-2+deb13u5,CVE-2025-14017,LOW,affected,,https://avd.aquasec.com/nvd/cve-2025-14017
ci-base;ci-go;ci-node;ci-playwright;ci-vite,trivy,debian,Debian,curl,8.14.1-2+deb13u5,CVE-2025-15079,LOW,affected,,https://avd.aquasec.com/nvd/cve-2025-15079
ci-base;ci-go;ci-node;ci-playwright;ci-vite,trivy,debian,Debian,curl,8.14.1-2+deb13u5,CVE-2025-15224,LOW,affected,,https://avd.aquasec.com/nvd/cve-2025-15224
ci-base;ci-go;ci-node;ci-playwright;ci-vite,trivy,debian,Debian,curl,8.14.1-2+deb13u5,CVE-2026-10536,MEDIUM,affected,,https://avd.aquasec.com/nvd/cve-2026-10536
ci-base;ci-go;ci-node;ci-playwright;ci-vite,trivy,debian,Debian,curl,8.14.1-2+deb13u5,CVE-2026-11856,MEDIUM,affected,,https://avd.aquasec.com/nvd/cve-2026-11856
ci-base;ci-go;ci-node;ci-playwright;ci-vite,trivy,debian,Debian,curl,8.14.1-2+deb13u5,CVE-2026-12064,HIGH,affected,,https://avd.aquasec.com/nvd/cve-2026-12064
ci-base;ci-go;ci-node;ci-playwright;ci-vite,trivy,debian,Debian,curl,8.14.1-2+deb13u5,CVE-2026-13608,LOW,affected,,https://avd.aquasec.com/nvd/cve-2026-13608
ci-base;ci-go;ci-node;ci-playwright;ci-vite,trivy,debian,Debian,curl,8.14.1-2+deb13u5,CVE-2026-18924,LOW,affected,,https://avd.aquasec.com/nvd/cve-2026-18924
ci-base;ci-go;ci-node;ci-playwright;ci-vite,trivy,debian,Debian,curl,8.14.1-2+deb13u5,CVE-2026-19931,MEDIUM,affected,,https://avd.aquasec.com/nvd/cve-2026-19931
ci-base;ci-go;ci-node;ci-playwright;ci-vite,trivy,debian,Debian,curl,8.14.1-2+deb13u5,CVE-2026-80229,MEDIUM,affected,,https://avd.aquasec.com/nvd/cve-2026-80229
ci-base;ci-go;ci-node;ci-playwright;ci-vite,trivy,debian,Debian,curl,8.14.1-2+deb13u5,CVE-2026-80230,LOW,affected,,https://avd.aquasec.com/nvd/cve-2026-80230
ci-base;ci-go;ci-node;ci-playwright;ci-vite,trivy,debian,Debian,curl,8.14.1-2+deb13u5,CVE-2026-80255,LOW,affected,,https://avd.aquasec.com/nvd/cve-2026-80255
ci-base;ci-go;ci-node;ci-playwright;ci-vite,trivy,debian,Debian,curl,8.14.1-2+deb13u5,CVE-2026-82208,LOW,affected,,https://avd.aquasec.com/nvd/cve-2026-82208
ci-base;ci-go;ci-node;ci-playwright;ci-vite,trivy,debian,Debian,curl,8.14.1-2+deb13u5,CVE-2026-82209,LOW,affected,,https://avd.aquasec.com/nvd/cve-2026-82209
ci-base;ci-go;ci-node;ci-playwright;ci-vite,trivy,debian,Debian,curl,8.14.1-2+deb13u5,CVE-2026-8286,HIGH,affected,,https://avd.aquasec.com/nvd/cve-2026-8286
ci-base;ci-go;ci-node;ci-playwright;ci-vite,trivy,debian,Debian,curl,8.14.1-2+deb13u5,CVE-2026-8458,HIGH,affected,,https://avd.aquasec.com/nvd/cve-2026-8458
ci-base;ci-go;ci-node;ci-playwright;ci-vite,trivy,debian,Debian,curl,8.14.1-2+deb13u5,CVE-2026-8924,MEDIUM,affected,,https://avd.aquasec.com/nvd/cve-2026-8924
ci-base;ci-go;ci-node;ci-playwright;ci-vite,trivy,debian,Debian,curl,8.14.1-2+deb13u5,CVE-2026-8926,MEDIUM,affected,,https://avd.aquasec.com/nvd/cve-2026-8926
ci-base;ci-go;ci-node;ci-playwright;ci-vite,trivy,debian,Debian,curl,8.14.1-2+deb13u5,CVE-2026-8927,HIGH,affected,,https://avd.aquasec.com/nvd/cve-2026-8927
ci-base;ci-go;ci-node;ci-playwright;ci-vite,trivy,debian,Debian,curl,8.14.1-2+deb13u5,CVE-2026-8932,MEDIUM,affected,,https://avd.aquasec.com/nvd/cve-2026-8932
ci-base;ci-go;ci-node;ci-playwright;ci-vite,trivy,debian,Debian,curl,8.14.1-2+deb13u5,CVE-2026-9079,MEDIUM,affected,,https://avd.aquasec.com/nvd/cve-2026-9079
ci-base;ci-go;ci-node;ci-playwright;ci-vite,trivy,debian,Debian,curl,8.14.1-2+deb13u5,CVE-2026-9080,MEDIUM,affected,,https://avd.aquasec.com/nvd/cve-2026-9080
ci-base;ci-go;ci-node;ci-playwright;ci-vite,trivy,debian,Debian,curl,8.14.1-2+deb13u5,CVE-2026-9545,MEDIUM,affected,,https://avd.aquasec.com/nvd/cve-2026-9545
ci-base;ci-go;ci-node;ci-playwright;ci-vite,trivy,debian,Debian,curl,8.14.1-2+deb13u5,CVE-2026-9547,LOW,affected,,https://avd.aquasec.com/nvd/cve-2026-9547
ci-base;ci-go;ci-node;ci-playwright;ci-postgres;ci-vite,trivy,debian,Debian,dash,0.5.12-12,CVE-2026-102473,LOW,affected,,https://avd.aquasec.com/nvd/cve-2026-102473
ci-base;ci-go;ci-node;ci-playwright;ci-postgres;ci-vite,trivy,debian,Debian,dash,0.5.12-12,CVE-2026-102474,LOW,affected,,https://avd.aquasec.com/nvd/cve-2026-102474
ci-base;ci-go;ci-node;ci-playwright;ci-postgres;ci-vite,trivy,debian,Debian,diffutils,1:3.10-4,CVE-2026-53910,LOW,affected,,https://avd.aquasec.com/nvd/cve-2026-53910
ci-postgres,trivy,debian,Debian,dirmngr,2.4.7-21+deb13u1+b5,CVE-2022-3219,LOW,affected,,https://avd.aquasec.com/nvd/cve-2022-3219
ci-postgres,trivy,debian,Debian,dirmngr,2.4.7-21+deb13u1+b5,CVE-2025-68972,MEDIUM,affected,,https://avd.aquasec.com/nvd/cve-2025-68972
ci-postgres,trivy,debian,Debian,dirmngr,2.4.7-21+deb13u1+b5,CVE-2026-105712,LOW,affected,,https://avd.aquasec.com/nvd/cve-2026-105712
ci-postgres,trivy,debian,Debian,dirmngr,2.4.7-21+deb13u1+b5,CVE-2026-24882,HIGH,affected,,https://avd.aquasec.com/nvd/cve-2026-24882
ci-postgres,trivy,debian,Debian,dirmngr,2.4.7-21+deb13u1+b5,CVE-2026-57062,LOW,affected,,https://avd.aquasec.com/nvd/cve-2026-57062
ci-go,trivy,debian,Debian,g++-14,14.2.0-19,CVE-2026-102010,MEDIUM,affected,,https://avd.aquasec.com/nvd/cve-2026-102010
ci-go,trivy,debian,Debian,g++-14,14.2.0-19,CVE-2026-95619,MEDIUM,affected,,https://avd.aquasec.com/nvd/cve-2026-95619
ci-go,trivy,debian,Debian,g++-14-aarch64-linux-gnu,14.2.0-19,CVE-2026-102010,MEDIUM,affected,,https://avd.aquasec.com/nvd/cve-2026-102010
ci-go,trivy,debian,Debian,g++-14-aarch64-linux-gnu,14.2.0-19,CVE-2026-95619,MEDIUM,affected,,https://avd.aquasec.com/nvd/cve-2026-95619
ci-base;ci-go;ci-node;ci-playwright;ci-vite,trivy,debian,Debian,gawk,1:5.2.1-2+b2,CVE-2026-40467,HIGH,affected,,https://avd.aquasec.com/nvd/cve-2026-40467
ci-base;ci-go;ci-node;ci-playwright;ci-vite,trivy,debian,Debian,gawk,1:5.2.1-2+b2,CVE-2026-40468,CRITICAL,affected,,https://avd.aquasec.com/nvd/cve-2026-40468
ci-base;ci-go;ci-node;ci-playwright;ci-vite,trivy,debian,Debian,gawk,1:5.2.1-2+b2,CVE-2026-40469,CRITICAL,affected,,https://avd.aquasec.com/nvd/cve-2026-40469
ci-base;ci-go;ci-node;ci-playwright;ci-vite,trivy,debian,Debian,gawk,1:5.2.1-2+b2,CVE-2026-40553,HIGH,affected,,https://avd.aquasec.com/nvd/cve-2026-40553
ci-go,trivy,debian,Debian,gcc-14,14.2.0-19,CVE-2026-102010,MEDIUM,affected,,https://avd.aquasec.com/nvd/cve-2026-102010
ci-go,trivy,debian,Debian,gcc-14,14.2.0-19,CVE-2026-95619,MEDIUM,affected,,https://avd.aquasec.com/nvd/cve-2026-95619
ci-go,trivy,debian,Debian,gcc-14-aarch64-linux-gnu,14.2.0-19,CVE-2026-102010,MEDIUM,affected,,https://avd.aquasec.com/nvd/cve-2026-102010
ci-go,trivy,debian,Debian,gcc-14-aarch64-linux-gnu,14.2.0-19,CVE-2026-95619,MEDIUM,affected,,https://avd.aquasec.com/nvd/cve-2026-95619
ci-base;ci-go;ci-node;ci-playwright;ci-postgres;ci-vite,trivy,debian,Debian,gcc-14-base,14.2.0-19,CVE-2026-102010,MEDIUM,affected,,https://avd.aquasec.com/nvd/cve-2026-102010
ci-base;ci-go;ci-node;ci-playwright;ci-postgres;ci-vite,trivy,debian,Debian,gcc-14-base,14.2.0-19,CVE-2026-95619,MEDIUM,affected,,https://avd.aquasec.com/nvd/cve-2026-95619
ci-base;ci-go;ci-node;ci-playwright;ci-vite,trivy,debian,Debian,git,1:2.47.3-0+deb13u1,CVE-2018-1000021,LOW,affected,,https://avd.aquasec.com/nvd/cve-2018-1000021
ci-base;ci-go;ci-node;ci-playwright;ci-vite,trivy,debian,Debian,git,1:2.47.3-0+deb13u1,CVE-2022-24975,LOW,affected,,https://avd.aquasec.com/nvd/cve-2022-24975
ci-base;ci-go;ci-node;ci-playwright;ci-vite,trivy,debian,Debian,git,1:2.47.3-0+deb13u1,CVE-2024-52005,LOW,affected,,https://avd.aquasec.com/nvd/cve-2024-52005
ci-base;ci-go;ci-node;ci-playwright;ci-vite,trivy,debian,Debian,git-man,1:2.47.3-0+deb13u1,CVE-2018-1000021,LOW,affected,,https://avd.aquasec.com/nvd/cve-2018-1000021
ci-base;ci-go;ci-node;ci-playwright;ci-vite,trivy,debian,Debian,git-man,1:2.47.3-0+deb13u1,CVE-2022-24975,LOW,affected,,https://avd.aquasec.com/nvd/cve-2022-24975
ci-base;ci-go;ci-node;ci-playwright;ci-vite,trivy,debian,Debian,git-man,1:2.47.3-0+deb13u1,CVE-2024-52005,LOW,affected,,https://avd.aquasec.com/nvd/cve-2024-52005
ci-postgres,trivy,debian,Debian,gnupg,2.4.7-21+deb13u1,CVE-2022-3219,LOW,affected,,https://avd.aquasec.com/nvd/cve-2022-3219
ci-postgres,trivy,debian,Debian,gnupg,2.4.7-21+deb13u1,CVE-2025-68972,MEDIUM,affected,,https://avd.aquasec.com/nvd/cve-2025-68972
ci-postgres,trivy,debian,Debian,gnupg,2.4.7-21+deb13u1,CVE-2026-105712,LOW,affected,,https://avd.aquasec.com/nvd/cve-2026-105712
ci-postgres,trivy,debian,Debian,gnupg,2.4.7-21+deb13u1,CVE-2026-24882,HIGH,affected,,https://avd.aquasec.com/nvd/cve-2026-24882
ci-postgres,trivy,debian,Debian,gnupg,2.4.7-21+deb13u1,CVE-2026-57062,LOW,affected,,https://avd.aquasec.com/nvd/cve-2026-57062
ci-postgres,trivy,debian,Debian,gnupg-l10n,2.4.7-21+deb13u1,CVE-2022-3219,LOW,affected,,https://avd.aquasec.com/nvd/cve-2022-3219
ci-postgres,trivy,debian,Debian,gnupg-l10n,2.4.7-21+deb13u1,CVE-2025-68972,MEDIUM,affected,,https://avd.aquasec.com/nvd/cve-2025-68972
ci-postgres,trivy,debian,Debian,gnupg-l10n,2.4.7-21+deb13u1,CVE-2026-105712,LOW,affected,,https://avd.aquasec.com/nvd/cve-2026-105712
ci-postgres,trivy,debian,Debian,gnupg-l10n,2.4.7-21+deb13u1,CVE-2026-24882,HIGH,affected,,https://avd.aquasec.com/nvd/cve-2026-24882
ci-postgres,trivy,debian,Debian,gnupg-l10n,2.4.7-21+deb13u1,CVE-2026-57062,LOW,affected,,https://avd.aquasec.com/nvd/cve-2026-57062
ci-postgres,trivy,debian,Debian,gpg,2.4.7-21+deb13u1+b5,CVE-2022-3219,LOW,affected,,https://avd.aquasec.com/nvd/cve-2022-3219
ci-postgres,trivy,debian,Debian,gpg,2.4.7-21+deb13u1+b5,CVE-2025-68972,MEDIUM,affected,,https://avd.aquasec.com/nvd/cve-2025-68972
ci-postgres,trivy,debian,Debian,gpg,2.4.7-21+deb13u1+b5,CVE-2026-105712,LOW,affected,,https://avd.aquasec.com/nvd/cve-2026-105712
ci-postgres,trivy,debian,Debian,gpg,2.4.7-21+deb13u1+b5,CVE-2026-24882,HIGH,affected,,https://avd.aquasec.com/nvd/cve-2026-24882
ci-postgres,trivy,debian,Debian,gpg,2.4.7-21+deb13u1+b5,CVE-2026-57062,LOW,affected,,https://avd.aquasec.com/nvd/cve-2026-57062
ci-postgres,trivy,debian,Debian,gpg-agent,2.4.7-21+deb13u1+b5,CVE-2022-3219,LOW,affected,,https://avd.aquasec.com/nvd/cve-2022-3219
ci-postgres,trivy,debian,Debian,gpg-agent,2.4.7-21+deb13u1+b5,CVE-2025-68972,MEDIUM,affected,,https://avd.aquasec.com/nvd/cve-2025-68972
ci-postgres,trivy,debian,Debian,gpg-agent,2.4.7-21+deb13u1+b5,CVE-2026-105712,LOW,affected,,https://avd.aquasec.com/nvd/cve-2026-105712
ci-postgres,trivy,debian,Debian,gpg-agent,2.4.7-21+deb13u1+b5,CVE-2026-24882,HIGH,affected,,https://avd.aquasec.com/nvd/cve-2026-24882
ci-postgres,trivy,debian,Debian,gpg-agent,2.4.7-21+deb13u1+b5,CVE-2026-57062,LOW,affected,,https://avd.aquasec.com/nvd/cve-2026-57062
ci-postgres,trivy,debian,Debian,gpgconf,2.4.7-21+deb13u1+b5,CVE-2022-3219,LOW,affected,,https://avd.aquasec.com/nvd/cve-2022-3219
ci-postgres,trivy,debian,Debian,gpgconf,2.4.7-21+deb13u1+b5,CVE-2025-68972,MEDIUM,affected,,https://avd.aquasec.com/nvd/cve-2025-68972
ci-postgres,trivy,debian,Debian,gpgconf,2.4.7-21+deb13u1+b5,CVE-2026-105712,LOW,affected,,https://avd.aquasec.com/nvd/cve-2026-105712
ci-postgres,trivy,debian,Debian,gpgconf,2.4.7-21+deb13u1+b5,CVE-2026-24882,HIGH,affected,,https://avd.aquasec.com/nvd/cve-2026-24882
ci-postgres,trivy,debian,Debian,gpgconf,2.4.7-21+deb13u1+b5,CVE-2026-57062,LOW,affected,,https://avd.aquasec.com/nvd/cve-2026-57062
ci-postgres,trivy,debian,Debian,gpgsm,2.4.7-21+deb13u1+b5,CVE-2022-3219,LOW,affected,,https://avd.aquasec.com/nvd/cve-2022-3219
ci-postgres,trivy,debian,Debian,gpgsm,2.4.7-21+deb13u1+b5,CVE-2025-68972,MEDIUM,affected,,https://avd.aquasec.com/nvd/cve-2025-68972
ci-postgres,trivy,debian,Debian,gpgsm,2.4.7-21+deb13u1+b5,CVE-2026-105712,LOW,affected,,https://avd.aquasec.com/nvd/cve-2026-105712
ci-postgres,trivy,debian,Debian,gpgsm,2.4.7-21+deb13u1+b5,CVE-2026-24882,HIGH,affected,,https://avd.aquasec.com/nvd/cve-2026-24882
ci-postgres,trivy,debian,Debian,gpgsm,2.4.7-21+deb13u1+b5,CVE-2026-57062,LOW,affected,,https://avd.aquasec.com/nvd/cve-2026-57062
ci-base;ci-go;ci-node;ci-playwright;ci-postgres;ci-vite,trivy,debian,Debian,libacl1,2.3.2-2+b1,CVE-2026-54369,HIGH,affected,,https://avd.aquasec.com/nvd/cve-2026-54369
ci-base;ci-go;ci-node;ci-playwright;ci-postgres;ci-vite,trivy,debian,Debian,libacl1,2.3.2-2+b1,CVE-2026-54370,MEDIUM,affected,,https://avd.aquasec.com/nvd/cve-2026-54370
ci-base;ci-go;ci-node;ci-playwright;ci-postgres;ci-vite,trivy,debian,Debian,libapt-pkg7.0,3.0.3,CVE-2011-3374,LOW,affected,,https://avd.aquasec.com/nvd/cve-2011-3374
ci-go,trivy,debian,Debian,libasan8,14.2.0-19,CVE-2026-102010,MEDIUM,affected,,https://avd.aquasec.com/nvd/cve-2026-102010
ci-go,trivy,debian,Debian,libasan8,14.2.0-19,CVE-2026-95619,MEDIUM,affected,,https://avd.aquasec.com/nvd/cve-2026-95619
ci-playwright,trivy,debian,Debian,libasound2-data,1.2.14-1+deb13u1,CVE-2026-56109,LOW,affected,,https://avd.aquasec.com/nvd/cve-2026-56109
ci-playwright,trivy,debian,Debian,libasound2-data,1.2.14-1+deb13u1,CVE-2026-90781,MEDIUM,affected,,https://avd.aquasec.com/nvd/cve-2026-90781
ci-playwright,trivy,debian,Debian,libasound2-data,1.2.14-1+deb13u1,CVE-2026-96674,MEDIUM,affected,,https://avd.aquasec.com/nvd/cve-2026-96674
ci-playwright,trivy,debian,Debian,libasound2-data,1.2.14-1+deb13u1,CVE-2026-96675,MEDIUM,affected,,https://avd.aquasec.com/nvd/cve-2026-96675
ci-playwright,trivy,debian,Debian,libasound2t64,1.2.14-1+deb13u1,CVE-2026-56109,LOW,affected,,https://avd.aquasec.com/nvd/cve-2026-56109
ci-playwright,trivy,debian,Debian,libasound2t64,1.2.14-1+deb13u1,CVE-2026-90781,MEDIUM,affected,,https://avd.aquasec.com/nvd/cve-2026-90781
ci-playwright,trivy,debian,Debian,libasound2t64,1.2.14-1+deb13u1,CVE-2026-96674,MEDIUM,affected,,https://avd.aquasec.com/nvd/cve-2026-96674
ci-playwright,trivy,debian,Debian,libasound2t64,1.2.14-1+deb13u1,CVE-2026-96675,MEDIUM,affected,,https://avd.aquasec.com/nvd/cve-2026-96675
ci-go;ci-node;ci-playwright;ci-vite,trivy,debian,Debian,libatomic1,14.2.0-19,CVE-2026-102010,MEDIUM,affected,,https://avd.aquasec.com/nvd/cve-2026-102010
ci-go;ci-node;ci-playwright;ci-vite,trivy,debian,Debian,libatomic1,14.2.0-19,CVE-2026-95619,MEDIUM,affected,,https://avd.aquasec.com/nvd/cve-2026-95619
ci-base;ci-go;ci-node;ci-playwright;ci-postgres;ci-vite,trivy,debian,Debian,libattr1,1:2.5.2-3,CVE-2026-54371,MEDIUM,affected,,https://avd.aquasec.com/nvd/cve-2026-54371
ci-playwright,trivy,debian,Debian,libavahi-client3,0.8-16,CVE-2024-52615,MEDIUM,affected,,https://avd.aquasec.com/nvd/cve-2024-52615
ci-playwright,trivy,debian,Debian,libavahi-client3,0.8-16,CVE-2024-52616,MEDIUM,affected,,https://avd.aquasec.com/nvd/cve-2024-52616
ci-playwright,trivy,debian,Debian,libavahi-client3,0.8-16,CVE-2025-59529,MEDIUM,fix_deferred,,https://avd.aquasec.com/nvd/cve-2025-59529
ci-playwright,trivy,debian,Debian,libavahi-client3,0.8-16,CVE-2025-68276,MEDIUM,affected,,https://avd.aquasec.com/nvd/cve-2025-68276
ci-playwright,trivy,debian,Debian,libavahi-client3,0.8-16,CVE-2025-68468,MEDIUM,affected,,https://avd.aquasec.com/nvd/cve-2025-68468
ci-playwright,trivy,debian,Debian,libavahi-client3,0.8-16,CVE-2025-68471,MEDIUM,affected,,https://avd.aquasec.com/nvd/cve-2025-68471
ci-playwright,trivy,debian,Debian,libavahi-client3,0.8-16,CVE-2026-24401,MEDIUM,affected,,https://avd.aquasec.com/nvd/cve-2026-24401
ci-playwright,trivy,debian,Debian,libavahi-client3,0.8-16,CVE-2026-34933,MEDIUM,affected,,https://avd.aquasec.com/nvd/cve-2026-34933
ci-playwright,trivy,debian,Debian,libavahi-common-data,0.8-16,CVE-2024-52615,MEDIUM,affected,,https://avd.aquasec.com/nvd/cve-2024-52615
ci-playwright,trivy,debian,Debian,libavahi-common-data,0.8-16,CVE-2024-52616,MEDIUM,affected,,https://avd.aquasec.com/nvd/cve-2024-52616
ci-playwright,trivy,debian,Debian,libavahi-common-data,0.8-16,CVE-2025-59529,MEDIUM,fix_deferred,,https://avd.aquasec.com/nvd/cve-2025-59529
ci-playwright,trivy,debian,Debian,libavahi-common-data,0.8-16,CVE-2025-68276,MEDIUM,affected,,https://avd.aquasec.com/nvd/cve-2025-68276
ci-playwright,trivy,debian,Debian,libavahi-common-data,0.8-16,CVE-2025-68468,MEDIUM,affected,,https://avd.aquasec.com/nvd/cve-2025-68468
ci-playwright,trivy,debian,Debian,libavahi-common-data,0.8-16,CVE-2025-68471,MEDIUM,affected,,https://avd.aquasec.com/nvd/cve-2025-68471
ci-playwright,trivy,debian,Debian,libavahi-common-data,0.8-16,CVE-2026-24401,MEDIUM,affected,,https://avd.aquasec.com/nvd/cve-2026-24401
ci-playwright,trivy,debian,Debian,libavahi-common-data,0.8-16,CVE-2026-34933,MEDIUM,affected,,https://avd.aquasec.com/nvd/cve-2026-34933
ci-playwright,trivy,debian,Debian,libavahi-common3,0.8-16,CVE-2024-52615,MEDIUM,affected,,https://avd.aquasec.com/nvd/cve-2024-52615
ci-playwright,trivy,debian,Debian,libavahi-common3,0.8-16,CVE-2024-52616,MEDIUM,affected,,https://avd.aquasec.com/nvd/cve-2024-52616
ci-playwright,trivy,debian,Debian,libavahi-common3,0.8-16,CVE-2025-59529,MEDIUM,fix_deferred,,https://avd.aquasec.com/nvd/cve-2025-59529
ci-playwright,trivy,debian,Debian,libavahi-common3,0.8-16,CVE-2025-68276,MEDIUM,affected,,https://avd.aquasec.com/nvd/cve-2025-68276
ci-playwright,trivy,debian,Debian,libavahi-common3,0.8-16,CVE-2025-68468,MEDIUM,affected,,https://avd.aquasec.com/nvd/cve-2025-68468
ci-playwright,trivy,debian,Debian,libavahi-common3,0.8-16,CVE-2025-68471,MEDIUM,affected,,https://avd.aquasec.com/nvd/cve-2025-68471
ci-playwright,trivy,debian,Debian,libavahi-common3,0.8-16,CVE-2026-24401,MEDIUM,affected,,https://avd.aquasec.com/nvd/cve-2026-24401
ci-playwright,trivy,debian,Debian,libavahi-common3,0.8-16,CVE-2026-34933,MEDIUM,affected,,https://avd.aquasec.com/nvd/cve-2026-34933
ci-go,trivy,debian,Debian,libbinutils,2.44-3,CVE-2017-13716,LOW,affected,,https://avd.aquasec.com/nvd/cve-2017-13716
ci-go,trivy,debian,Debian,libbinutils,2.44-3,CVE-2018-20673,LOW,affected,,https://avd.aquasec.com/nvd/cve-2018-20673
ci-go,trivy,debian,Debian,libbinutils,2.44-3,CVE-2018-20712,LOW,affected,,https://avd.aquasec.com/nvd/cve-2018-20712
ci-go,trivy,debian,Debian,libbinutils,2.44-3,CVE-2018-9996,LOW,affected,,https://avd.aquasec.com/nvd/cve-2018-9996
ci-go,trivy,debian,Debian,libbinutils,2.44-3,CVE-2021-32256,LOW,affected,,https://avd.aquasec.com/nvd/cve-2021-32256
ci-go,trivy,debian,Debian,libbinutils,2.44-3,CVE-2025-11081,LOW,affected,,https://avd.aquasec.com/nvd/cve-2025-11081
ci-go,trivy,debian,Debian,libbinutils,2.44-3,CVE-2025-11082,LOW,affected,,https://avd.aquasec.com/nvd/cve-2025-11082
ci-go,trivy,debian,Debian,libbinutils,2.44-3,CVE-2025-11083,LOW,affected,,https://avd.aquasec.com/nvd/cve-2025-11083
ci-go,trivy,debian,Debian,libbinutils,2.44-3,CVE-2025-11412,LOW,affected,,https://avd.aquasec.com/nvd/cve-2025-11412
ci-go,trivy,debian,Debian,libbinutils,2.44-3,CVE-2025-11413,LOW,affected,,https://avd.aquasec.com/nvd/cve-2025-11413
ci-go,trivy,debian,Debian,libbinutils,2.44-3,CVE-2025-11414,LOW,affected,,https://avd.aquasec.com/nvd/cve-2025-11414
ci-go,trivy,debian,Debian,libbinutils,2.44-3,CVE-2025-1147,LOW,affected,,https://avd.aquasec.com/nvd/cve-2025-1147
ci-go,trivy,debian,Debian,libbinutils,2.44-3,CVE-2025-1148,LOW,affected,,https://avd.aquasec.com/nvd/cve-2025-1148
ci-go,trivy,debian,Debian,libbinutils,2.44-3,CVE-2025-1149,LOW,affected,,https://avd.aquasec.com/nvd/cve-2025-1149
ci-go,trivy,debian,Debian,libbinutils,2.44-3,CVE-2025-11494,LOW,affected,,https://avd.aquasec.com/nvd/cve-2025-11494
ci-go,trivy,debian,Debian,libbinutils,2.44-3,CVE-2025-11495,LOW,affected,,https://avd.aquasec.com/nvd/cve-2025-11495
ci-go,trivy,debian,Debian,libbinutils,2.44-3,CVE-2025-1150,LOW,affected,,https://avd.aquasec.com/nvd/cve-2025-1150
ci-go,trivy,debian,Debian,libbinutils,2.44-3,CVE-2025-1151,LOW,affected,,https://avd.aquasec.com/nvd/cve-2025-1151
ci-go,trivy,debian,Debian,libbinutils,2.44-3,CVE-2025-1152,LOW,affected,,https://avd.aquasec.com/nvd/cve-2025-1152
ci-go,trivy,debian,Debian,libbinutils,2.44-3,CVE-2025-1153,LOW,affected,,https://avd.aquasec.com/nvd/cve-2025-1153
ci-go,trivy,debian,Debian,libbinutils,2.44-3,CVE-2025-1176,LOW,affected,,https://avd.aquasec.com/nvd/cve-2025-1176
ci-go,trivy,debian,Debian,libbinutils,2.44-3,CVE-2025-1178,LOW,affected,,https://avd.aquasec.com/nvd/cve-2025-1178
ci-go,trivy,debian,Debian,libbinutils,2.44-3,CVE-2025-1180,LOW,affected,,https://avd.aquasec.com/nvd/cve-2025-1180
ci-go,trivy,debian,Debian,libbinutils,2.44-3,CVE-2025-1181,LOW,affected,,https://avd.aquasec.com/nvd/cve-2025-1181
ci-go,trivy,debian,Debian,libbinutils,2.44-3,CVE-2025-1182,LOW,affected,,https://avd.aquasec.com/nvd/cve-2025-1182
ci-go,trivy,debian,Debian,libbinutils,2.44-3,CVE-2025-11839,LOW,affected,,https://avd.aquasec.com/nvd/cve-2025-11839
ci-go,trivy,debian,Debian,libbinutils,2.44-3,CVE-2025-11840,LOW,affected,,https://avd.aquasec.com/nvd/cve-2025-11840
ci-go,trivy,debian,Debian,libbinutils,2.44-3,CVE-2025-3198,LOW,affected,,https://avd.aquasec.com/nvd/cve-2025-3198
ci-go,trivy,debian,Debian,libbinutils,2.44-3,CVE-2025-5244,LOW,affected,,https://avd.aquasec.com/nvd/cve-2025-5244
ci-go,trivy,debian,Debian,libbinutils,2.44-3,CVE-2025-5245,LOW,affected,,https://avd.aquasec.com/nvd/cve-2025-5245
ci-go,trivy,debian,Debian,libbinutils,2.44-3,CVE-2025-66861,LOW,affected,,https://avd.aquasec.com/nvd/cve-2025-66861
ci-go,trivy,debian,Debian,libbinutils,2.44-3,CVE-2025-66862,LOW,affected,,https://avd.aquasec.com/nvd/cve-2025-66862
ci-go,trivy,debian,Debian,libbinutils,2.44-3,CVE-2025-66863,LOW,affected,,https://avd.aquasec.com/nvd/cve-2025-66863
ci-go,trivy,debian,Debian,libbinutils,2.44-3,CVE-2025-66864,LOW,affected,,https://avd.aquasec.com/nvd/cve-2025-66864
ci-go,trivy,debian,Debian,libbinutils,2.44-3,CVE-2025-66865,LOW,affected,,https://avd.aquasec.com/nvd/cve-2025-66865
ci-go,trivy,debian,Debian,libbinutils,2.44-3,CVE-2025-66866,LOW,affected,,https://avd.aquasec.com/nvd/cve-2025-66866
ci-go,trivy,debian,Debian,libbinutils,2.44-3,CVE-2025-69644,LOW,affected,,https://avd.aquasec.com/nvd/cve-2025-69644
ci-go,trivy,debian,Debian,libbinutils,2.44-3,CVE-2025-69645,LOW,affected,,https://avd.aquasec.com/nvd/cve-2025-69645
ci-go,trivy,debian,Debian,libbinutils,2.44-3,CVE-2025-69646,LOW,affected,,https://avd.aquasec.com/nvd/cve-2025-69646
ci-go,trivy,debian,Debian,libbinutils,2.44-3,CVE-2025-69647,LOW,affected,,https://avd.aquasec.com/nvd/cve-2025-69647
ci-go,trivy,debian,Debian,libbinutils,2.44-3,CVE-2025-69648,LOW,affected,,https://avd.aquasec.com/nvd/cve-2025-69648
ci-go,trivy,debian,Debian,libbinutils,2.44-3,CVE-2025-69649,LOW,affected,,https://avd.aquasec.com/nvd/cve-2025-69649
ci-go,trivy,debian,Debian,libbinutils,2.44-3,CVE-2025-69650,LOW,affected,,https://avd.aquasec.com/nvd/cve-2025-69650
ci-go,trivy,debian,Debian,libbinutils,2.44-3,CVE-2025-69651,LOW,affected,,https://avd.aquasec.com/nvd/cve-2025-69651
ci-go,trivy,debian,Debian,libbinutils,2.44-3,CVE-2025-69652,LOW,affected,,https://avd.aquasec.com/nvd/cve-2025-69652
ci-go,trivy,debian,Debian,libbinutils,2.44-3,CVE-2025-7545,LOW,affected,,https://avd.aquasec.com/nvd/cve-2025-7545
ci-go,trivy,debian,Debian,libbinutils,2.44-3,CVE-2025-7546,LOW,affected,,https://avd.aquasec.com/nvd/cve-2025-7546
ci-go,trivy,debian,Debian,libbinutils,2.44-3,CVE-2025-8225,LOW,affected,,https://avd.aquasec.com/nvd/cve-2025-8225
ci-go,trivy,debian,Debian,libbinutils,2.44-3,CVE-2026-15003,LOW,affected,,https://avd.aquasec.com/nvd/cve-2026-15003
ci-go,trivy,debian,Debian,libbinutils,2.44-3,CVE-2026-18220,LOW,affected,,https://avd.aquasec.com/nvd/cve-2026-18220
ci-go,trivy,debian,Debian,libbinutils,2.44-3,CVE-2026-19548,LOW,affected,,https://avd.aquasec.com/nvd/cve-2026-19548
ci-go,trivy,debian,Debian,libbinutils,2.44-3,CVE-2026-3441,LOW,affected,,https://avd.aquasec.com/nvd/cve-2026-3441
ci-go,trivy,debian,Debian,libbinutils,2.44-3,CVE-2026-3442,LOW,affected,,https://avd.aquasec.com/nvd/cve-2026-3442
ci-go,trivy,debian,Debian,libbinutils,2.44-3,CVE-2026-4647,LOW,affected,,https://avd.aquasec.com/nvd/cve-2026-4647
ci-go,trivy,debian,Debian,libbinutils,2.44-3,CVE-2026-6844,LOW,affected,,https://avd.aquasec.com/nvd/cve-2026-6844
ci-go,trivy,debian,Debian,libbinutils,2.44-3,CVE-2026-6845,LOW,affected,,https://avd.aquasec.com/nvd/cve-2026-6845
ci-go,trivy,debian,Debian,libbinutils,2.44-3,CVE-2026-6846,LOW,affected,,https://avd.aquasec.com/nvd/cve-2026-6846
ci-go,trivy,debian,Debian,libbinutils,2.44-3,CVE-2026-90801,LOW,affected,,https://avd.aquasec.com/nvd/cve-2026-90801
ci-go,trivy,debian,Debian,libbinutils,2.44-3,CVE-2026-90802,LOW,affected,,https://avd.aquasec.com/nvd/cve-2026-90802
ci-go,trivy,debian,Debian,libbinutils,2.44-3,CVE-2026-90803,LOW,affected,,https://avd.aquasec.com/nvd/cve-2026-90803
ci-go,trivy,debian,Debian,libbinutils,2.44-3,CVE-2026-90804,LOW,affected,,https://avd.aquasec.com/nvd/cve-2026-90804
ci-go,trivy,debian,Debian,libbinutils,2.44-3,CVE-2026-90828,LOW,affected,,https://avd.aquasec.com/nvd/cve-2026-90828
ci-go,trivy,debian,Debian,libbinutils,2.44-3,CVE-2026-90829,LOW,affected,,https://avd.aquasec.com/nvd/cve-2026-90829
ci-go,trivy,debian,Debian,libbinutils,2.44-3,CVE-2026-90830,LOW,affected,,https://avd.aquasec.com/nvd/cve-2026-90830
ci-go,trivy,debian,Debian,libbinutils,2.44-3,CVE-2026-90831,LOW,affected,,https://avd.aquasec.com/nvd/cve-2026-90831
ci-go,trivy,debian,Debian,libbinutils,2.44-3,CVE-2026-91779,LOW,affected,,https://avd.aquasec.com/nvd/cve-2026-91779
ci-go,trivy,debian,Debian,libbinutils,2.44-3,CVE-2026-91780,LOW,affected,,https://avd.aquasec.com/nvd/cve-2026-91780
ci-go,trivy,debian,Debian,libbinutils,2.44-3,CVE-2026-91781,LOW,affected,,https://avd.aquasec.com/nvd/cve-2026-91781
ci-go,trivy,debian,Debian,libbinutils,2.44-3,CVE-2026-91782,LOW,affected,,https://avd.aquasec.com/nvd/cve-2026-91782
ci-base;ci-go;ci-node;ci-playwright;ci-postgres;ci-vite,trivy,debian,Debian,libblkid1,2.41.5-0+deb13u1,CVE-2022-0563,LOW,affected,,https://avd.aquasec.com/nvd/cve-2022-0563
ci-base;ci-go;ci-node;ci-playwright;ci-postgres;ci-vite,trivy,debian,Debian,libblkid1,2.41.5-0+deb13u1,CVE-2026-3184,MEDIUM,affected,,https://avd.aquasec.com/nvd/cve-2026-3184
ci-base;ci-go;ci-node;ci-playwright;ci-postgres;ci-vite,trivy,debian,Debian,libblkid1,2.41.5-0+deb13u1,CVE-2026-76642,HIGH,affected,,https://avd.aquasec.com/nvd/cve-2026-76642
ci-base;ci-go;ci-node;ci-playwright;ci-postgres;ci-vite,trivy,debian,Debian,libblkid1,2.41.5-0+deb13u1,CVE-2026-78408,HIGH,affected,,https://avd.aquasec.com/nvd/cve-2026-78408
ci-base;ci-go;ci-node;ci-playwright;ci-postgres;ci-vite,trivy,debian,Debian,libblkid1,2.41.5-0+deb13u1,CVE-2026-78409,HIGH,affected,,https://avd.aquasec.com/nvd/cve-2026-78409
ci-base;ci-go;ci-node;ci-playwright;ci-postgres;ci-vite,trivy,debian,Debian,libblkid1,2.41.5-0+deb13u1,CVE-2026-78410,HIGH,affected,,https://avd.aquasec.com/nvd/cve-2026-78410
ci-base;ci-go;ci-node;ci-playwright;ci-postgres;ci-vite,trivy,debian,Debian,libbz2-1.0,1.0.8-6,CVE-2026-42250,MEDIUM,affected,,https://avd.aquasec.com/nvd/cve-2026-42250
ci-base;ci-go;ci-node;ci-playwright;ci-postgres;ci-vite,trivy,debian,Debian,libc-bin,2.41-12+deb13u4,CVE-2010-4756,LOW,affected,,https://avd.aquasec.com/nvd/cve-2010-4756
ci-base;ci-go;ci-node;ci-playwright;ci-postgres;ci-vite,trivy,debian,Debian,libc-bin,2.41-12+deb13u4,CVE-2018-20796,LOW,affected,,https://avd.aquasec.com/nvd/cve-2018-20796
ci-base;ci-go;ci-node;ci-playwright;ci-postgres;ci-vite,trivy,debian,Debian,libc-bin,2.41-12+deb13u4,CVE-2019-1010022,LOW,affected,,https://avd.aquasec.com/nvd/cve-2019-1010022
ci-base;ci-go;ci-node;ci-playwright;ci-postgres;ci-vite,trivy,debian,Debian,libc-bin,2.41-12+deb13u4,CVE-2019-1010023,LOW,affected,,https://avd.aquasec.com/nvd/cve-2019-1010023
ci-base;ci-go;ci-node;ci-playwright;ci-postgres;ci-vite,trivy,debian,Debian,libc-bin,2.41-12+deb13u4,CVE-2019-1010024,LOW,affected,,https://avd.aquasec.com/nvd/cve-2019-1010024
ci-base;ci-go;ci-node;ci-playwright;ci-postgres;ci-vite,trivy,debian,Debian,libc-bin,2.41-12+deb13u4,CVE-2019-1010025,LOW,affected,,https://avd.aquasec.com/nvd/cve-2019-1010025
ci-base;ci-go;ci-node;ci-playwright;ci-postgres;ci-vite,trivy,debian,Debian,libc-bin,2.41-12+deb13u4,CVE-2019-9192,LOW,affected,,https://avd.aquasec.com/nvd/cve-2019-9192
ci-base;ci-go;ci-node;ci-playwright;ci-postgres;ci-vite,trivy,debian,Debian,libc-bin,2.41-12+deb13u4,CVE-2026-18374,MEDIUM,affected,,https://avd.aquasec.com/nvd/cve-2026-18374
ci-base;ci-go;ci-node;ci-playwright;ci-postgres;ci-vite,trivy,debian,Debian,libc-bin,2.41-12+deb13u4,CVE-2026-19499,MEDIUM,affected,,https://avd.aquasec.com/nvd/cve-2026-19499
ci-base;ci-go;ci-node;ci-playwright;ci-postgres;ci-vite,trivy,debian,Debian,libc-bin,2.41-12+deb13u4,CVE-2026-19542,MEDIUM,affected,,https://avd.aquasec.com/nvd/cve-2026-19542
ci-base;ci-go;ci-node;ci-playwright;ci-postgres;ci-vite,trivy,debian,Debian,libc-bin,2.41-12+deb13u4,CVE-2026-5435,MEDIUM,affected,,https://avd.aquasec.com/nvd/cve-2026-5435
ci-base;ci-go;ci-node;ci-playwright;ci-postgres;ci-vite,trivy,debian,Debian,libc-bin,2.41-12+deb13u4,CVE-2026-6238,MEDIUM,affected,,https://avd.aquasec.com/nvd/cve-2026-6238
ci-base;ci-go;ci-node;ci-playwright;ci-postgres;ci-vite,trivy,debian,Debian,libc-bin,2.41-12+deb13u4,CVE-2026-6368,MEDIUM,affected,,https://avd.aquasec.com/nvd/cve-2026-6368
ci-base;ci-go;ci-node;ci-playwright;ci-postgres;ci-vite,trivy,debian,Debian,libc-bin,2.41-12+deb13u4,CVE-2026-6791,MEDIUM,affected,,https://avd.aquasec.com/nvd/cve-2026-6791
ci-base;ci-go;ci-node;ci-playwright;ci-postgres;ci-vite,trivy,debian,Debian,libc-bin,2.41-12+deb13u4,CVE-2026-77117,MEDIUM,affected,,https://avd.aquasec.com/nvd/cve-2026-77117
ci-base;ci-go;ci-node;ci-playwright;ci-postgres;ci-vite,trivy,debian,Debian,libc-bin,2.41-12+deb13u4,CVE-2026-80489,MEDIUM,affected,,https://avd.aquasec.com/nvd/cve-2026-80489
ci-base;ci-go;ci-node;ci-playwright;ci-postgres;ci-vite,trivy,debian,Debian,libc-bin,2.41-12+deb13u4,CVE-2026-8674,MEDIUM,affected,,https://avd.aquasec.com/nvd/cve-2026-8674
ci-base;ci-go;ci-node;ci-playwright;ci-postgres;ci-vite,trivy,debian,Debian,libc-bin,2.41-12+deb13u4,CVE-2026-86805,MEDIUM,affected,,https://avd.aquasec.com/nvd/cve-2026-86805
ci-base;ci-go;ci-node;ci-playwright;ci-postgres;ci-vite,trivy,debian,Debian,libc-bin,2.41-12+deb13u4,CVE-2026-89092,MEDIUM,affected,,https://avd.aquasec.com/nvd/cve-2026-89092
ci-base;ci-go;ci-node;ci-playwright;ci-postgres;ci-vite,trivy,debian,Debian,libc-bin,2.41-12+deb13u4,CVE-2026-95818,MEDIUM,affected,,https://avd.aquasec.com/nvd/cve-2026-95818
ci-base;ci-go;ci-node;ci-playwright;ci-postgres;ci-vite,trivy,debian,Debian,libc-bin,2.41-12+deb13u4,CVE-2026-97399,LOW,affected,,https://avd.aquasec.com/nvd/cve-2026-97399
ci-go,trivy,debian,Debian,libc-dev-bin,2.41-12+deb13u4,CVE-2010-4756,LOW,affected,,https://avd.aquasec.com/nvd/cve-2010-4756
ci-go,trivy,debian,Debian,libc-dev-bin,2.41-12+deb13u4,CVE-2018-20796,LOW,affected,,https://avd.aquasec.com/nvd/cve-2018-20796
ci-go,trivy,debian,Debian,libc-dev-bin,2.41-12+deb13u4,CVE-2019-1010022,LOW,affected,,https://avd.aquasec.com/nvd/cve-2019-1010022
ci-go,trivy,debian,Debian,libc-dev-bin,2.41-12+deb13u4,CVE-2019-1010023,LOW,affected,,https://avd.aquasec.com/nvd/cve-2019-1010023
ci-go,trivy,debian,Debian,libc-dev-bin,2.41-12+deb13u4,CVE-2019-1010024,LOW,affected,,https://avd.aquasec.com/nvd/cve-2019-1010024
ci-go,trivy,debian,Debian,libc-dev-bin,2.41-12+deb13u4,CVE-2019-1010025,LOW,affected,,https://avd.aquasec.com/nvd/cve-2019-1010025
ci-go,trivy,debian,Debian,libc-dev-bin,2.41-12+deb13u4,CVE-2019-9192,LOW,affected,,https://avd.aquasec.com/nvd/cve-2019-9192
ci-go,trivy,debian,Debian,libc-dev-bin,2.41-12+deb13u4,CVE-2026-18374,MEDIUM,affected,,https://avd.aquasec.com/nvd/cve-2026-18374
ci-go,trivy,debian,Debian,libc-dev-bin,2.41-12+deb13u4,CVE-2026-19499,MEDIUM,affected,,https://avd.aquasec.com/nvd/cve-2026-19499
ci-go,trivy,debian,Debian,libc-dev-bin,2.41-12+deb13u4,CVE-2026-19542,MEDIUM,affected,,https://avd.aquasec.com/nvd/cve-2026-19542
ci-go,trivy,debian,Debian,libc-dev-bin,2.41-12+deb13u4,CVE-2026-5435,MEDIUM,affected,,https://avd.aquasec.com/nvd/cve-2026-5435
ci-go,trivy,debian,Debian,libc-dev-bin,2.41-12+deb13u4,CVE-2026-6238,MEDIUM,affected,,https://avd.aquasec.com/nvd/cve-2026-6238
ci-go,trivy,debian,Debian,libc-dev-bin,2.41-12+deb13u4,CVE-2026-6368,MEDIUM,affected,,https://avd.aquasec.com/nvd/cve-2026-6368
ci-go,trivy,debian,Debian,libc-dev-bin,2.41-12+deb13u4,CVE-2026-6791,MEDIUM,affected,,https://avd.aquasec.com/nvd/cve-2026-6791
ci-go,trivy,debian,Debian,libc-dev-bin,2.41-12+deb13u4,CVE-2026-77117,MEDIUM,affected,,https://avd.aquasec.com/nvd/cve-2026-77117
ci-go,trivy,debian,Debian,libc-dev-bin,2.41-12+deb13u4,CVE-2026-80489,MEDIUM,affected,,https://avd.aquasec.com/nvd/cve-2026-80489
ci-go,trivy,debian,Debian,libc-dev-bin,2.41-12+deb13u4,CVE-2026-8674,MEDIUM,affected,,https://avd.aquasec.com/nvd/cve-2026-8674
ci-go,trivy,debian,Debian,libc-dev-bin,2.41-12+deb13u4,CVE-2026-86805,MEDIUM,affected,,https://avd.aquasec.com/nvd/cve-2026-86805
ci-go,trivy,debian,Debian,libc-dev-bin,2.41-12+deb13u4,CVE-2026-89092,MEDIUM,affected,,https://avd.aquasec.com/nvd/cve-2026-89092
ci-go,trivy,debian,Debian,libc-dev-bin,2.41-12+deb13u4,CVE-2026-95818,MEDIUM,affected,,https://avd.aquasec.com/nvd/cve-2026-95818
ci-go,trivy,debian,Debian,libc-dev-bin,2.41-12+deb13u4,CVE-2026-97399,LOW,affected,,https://avd.aquasec.com/nvd/cve-2026-97399
ci-base;ci-go;ci-node;ci-playwright;ci-postgres;ci-vite,trivy,debian,Debian,libc-l10n,2.41-12+deb13u4,CVE-2010-4756,LOW,affected,,https://avd.aquasec.com/nvd/cve-2010-4756
ci-base;ci-go;ci-node;ci-playwright;ci-postgres;ci-vite,trivy,debian,Debian,libc-l10n,2.41-12+deb13u4,CVE-2018-20796,LOW,affected,,https://avd.aquasec.com/nvd/cve-2018-20796
ci-base;ci-go;ci-node;ci-playwright;ci-postgres;ci-vite,trivy,debian,Debian,libc-l10n,2.41-12+deb13u4,CVE-2019-1010022,LOW,affected,,https://avd.aquasec.com/nvd/cve-2019-1010022
ci-base;ci-go;ci-node;ci-playwright;ci-postgres;ci-vite,trivy,debian,Debian,libc-l10n,2.41-12+deb13u4,CVE-2019-1010023,LOW,affected,,https://avd.aquasec.com/nvd/cve-2019-1010023
ci-base;ci-go;ci-node;ci-playwright;ci-postgres;ci-vite,trivy,debian,Debian,libc-l10n,2.41-12+deb13u4,CVE-2019-1010024,LOW,affected,,https://avd.aquasec.com/nvd/cve-2019-1010024
ci-base;ci-go;ci-node;ci-playwright;ci-postgres;ci-vite,trivy,debian,Debian,libc-l10n,2.41-12+deb13u4,CVE-2019-1010025,LOW,affected,,https://avd.aquasec.com/nvd/cve-2019-1010025
ci-base;ci-go;ci-node;ci-playwright;ci-postgres;ci-vite,trivy,debian,Debian,libc-l10n,2.41-12+deb13u4,CVE-2019-9192,LOW,affected,,https://avd.aquasec.com/nvd/cve-2019-9192
ci-base;ci-go;ci-node;ci-playwright;ci-postgres;ci-vite,trivy,debian,Debian,libc-l10n,2.41-12+deb13u4,CVE-2026-18374,MEDIUM,affected,,https://avd.aquasec.com/nvd/cve-2026-18374
ci-base;ci-go;ci-node;ci-playwright;ci-postgres;ci-vite,trivy,debian,Debian,libc-l10n,2.41-12+deb13u4,CVE-2026-19499,MEDIUM,affected,,https://avd.aquasec.com/nvd/cve-2026-19499
ci-base;ci-go;ci-node;ci-playwright;ci-postgres;ci-vite,trivy,debian,Debian,libc-l10n,2.41-12+deb13u4,CVE-2026-19542,MEDIUM,affected,,https://avd.aquasec.com/nvd/cve-2026-19542
ci-base;ci-go;ci-node;ci-playwright;ci-postgres;ci-vite,trivy,debian,Debian,libc-l10n,2.41-12+deb13u4,CVE-2026-5435,MEDIUM,affected,,https://avd.aquasec.com/nvd/cve-2026-5435
ci-base;ci-go;ci-node;ci-playwright;ci-postgres;ci-vite,trivy,debian,Debian,libc-l10n,2.41-12+deb13u4,CVE-2026-6238,MEDIUM,affected,,https://avd.aquasec.com/nvd/cve-2026-6238
ci-base;ci-go;ci-node;ci-playwright;ci-postgres;ci-vite,trivy,debian,Debian,libc-l10n,2.41-12+deb13u4,CVE-2026-6368,MEDIUM,affected,,https://avd.aquasec.com/nvd/cve-2026-6368
ci-base;ci-go;ci-node;ci-playwright;ci-postgres;ci-vite,trivy,debian,Debian,libc-l10n,2.41-12+deb13u4,CVE-2026-6791,MEDIUM,affected,,https://avd.aquasec.com/nvd/cve-2026-6791
ci-base;ci-go;ci-node;ci-playwright;ci-postgres;ci-vite,trivy,debian,Debian,libc-l10n,2.41-12+deb13u4,CVE-2026-77117,MEDIUM,affected,,https://avd.aquasec.com/nvd/cve-2026-77117
ci-base;ci-go;ci-node;ci-playwright;ci-postgres;ci-vite,trivy,debian,Debian,libc-l10n,2.41-12+deb13u4,CVE-2026-80489,MEDIUM,affected,,https://avd.aquasec.com/nvd/cve-2026-80489
ci-base;ci-go;ci-node;ci-playwright;ci-postgres;ci-vite,trivy,debian,Debian,libc-l10n,2.41-12+deb13u4,CVE-2026-8674,MEDIUM,affected,,https://avd.aquasec.com/nvd/cve-2026-8674
ci-base;ci-go;ci-node;ci-playwright;ci-postgres;ci-vite,trivy,debian,Debian,libc-l10n,2.41-12+deb13u4,CVE-2026-86805,MEDIUM,affected,,https://avd.aquasec.com/nvd/cve-2026-86805
ci-base;ci-go;ci-node;ci-playwright;ci-postgres;ci-vite,trivy,debian,Debian,libc-l10n,2.41-12+deb13u4,CVE-2026-89092,MEDIUM,affected,,https://avd.aquasec.com/nvd/cve-2026-89092
ci-base;ci-go;ci-node;ci-playwright;ci-postgres;ci-vite,trivy,debian,Debian,libc-l10n,2.41-12+deb13u4,CVE-2026-95818,MEDIUM,affected,,https://avd.aquasec.com/nvd/cve-2026-95818
ci-base;ci-go;ci-node;ci-playwright;ci-postgres;ci-vite,trivy,debian,Debian,libc-l10n,2.41-12+deb13u4,CVE-2026-97399,LOW,affected,,https://avd.aquasec.com/nvd/cve-2026-97399
ci-base;ci-go;ci-node;ci-playwright;ci-postgres;ci-vite,trivy,debian,Debian,libc6,2.41-12+deb13u4,CVE-2010-4756,LOW,affected,,https://avd.aquasec.com/nvd/cve-2010-4756
ci-base;ci-go;ci-node;ci-playwright;ci-postgres;ci-vite,trivy,debian,Debian,libc6,2.41-12+deb13u4,CVE-2018-20796,LOW,affected,,https://avd.aquasec.com/nvd/cve-2018-20796
ci-base;ci-go;ci-node;ci-playwright;ci-postgres;ci-vite,trivy,debian,Debian,libc6,2.41-12+deb13u4,CVE-2019-1010022,LOW,affected,,https://avd.aquasec.com/nvd/cve-2019-1010022
ci-base;ci-go;ci-node;ci-playwright;ci-postgres;ci-vite,trivy,debian,Debian,libc6,2.41-12+deb13u4,CVE-2019-1010023,LOW,affected,,https://avd.aquasec.com/nvd/cve-2019-1010023
ci-base;ci-go;ci-node;ci-playwright;ci-postgres;ci-vite,trivy,debian,Debian,libc6,2.41-12+deb13u4,CVE-2019-1010024,LOW,affected,,https://avd.aquasec.com/nvd/cve-2019-1010024
ci-base;ci-go;ci-node;ci-playwright;ci-postgres;ci-vite,trivy,debian,Debian,libc6,2.41-12+deb13u4,CVE-2019-1010025,LOW,affected,,https://avd.aquasec.com/nvd/cve-2019-1010025
ci-base;ci-go;ci-node;ci-playwright;ci-postgres;ci-vite,trivy,debian,Debian,libc6,2.41-12+deb13u4,CVE-2019-9192,LOW,affected,,https://avd.aquasec.com/nvd/cve-2019-9192
ci-base;ci-go;ci-node;ci-playwright;ci-postgres;ci-vite,trivy,debian,Debian,libc6,2.41-12+deb13u4,CVE-2026-18374,MEDIUM,affected,,https://avd.aquasec.com/nvd/cve-2026-18374
ci-base;ci-go;ci-node;ci-playwright;ci-postgres;ci-vite,trivy,debian,Debian,libc6,2.41-12+deb13u4,CVE-2026-19499,MEDIUM,affected,,https://avd.aquasec.com/nvd/cve-2026-19499
ci-base;ci-go;ci-node;ci-playwright;ci-postgres;ci-vite,trivy,debian,Debian,libc6,2.41-12+deb13u4,CVE-2026-19542,MEDIUM,affected,,https://avd.aquasec.com/nvd/cve-2026-19542
ci-base;ci-go;ci-node;ci-playwright;ci-postgres;ci-vite,trivy,debian,Debian,libc6,2.41-12+deb13u4,CVE-2026-5435,MEDIUM,affected,,https://avd.aquasec.com/nvd/cve-2026-5435
ci-base;ci-go;ci-node;ci-playwright;ci-postgres;ci-vite,trivy,debian,Debian,libc6,2.41-12+deb13u4,CVE-2026-6238,MEDIUM,affected,,https://avd.aquasec.com/nvd/cve-2026-6238
ci-base;ci-go;ci-node;ci-playwright;ci-postgres;ci-vite,trivy,debian,Debian,libc6,2.41-12+deb13u4,CVE-2026-6368,MEDIUM,affected,,https://avd.aquasec.com/nvd/cve-2026-6368
ci-base;ci-go;ci-node;ci-playwright;ci-postgres;ci-vite,trivy,debian,Debian,libc6,2.41-12+deb13u4,CVE-2026-6791,MEDIUM,affected,,https://avd.aquasec.com/nvd/cve-2026-6791
ci-base;ci-go;ci-node;ci-playwright;ci-postgres;ci-vite,trivy,debian,Debian,libc6,2.41-12+deb13u4,CVE-2026-77117,MEDIUM,affected,,https://avd.aquasec.com/nvd/cve-2026-77117
ci-base;ci-go;ci-node;ci-playwright;ci-postgres;ci-vite,trivy,debian,Debian,libc6,2.41-12+deb13u4,CVE-2026-80489,MEDIUM,affected,,https://avd.aquasec.com/nvd/cve-2026-80489
ci-base;ci-go;ci-node;ci-playwright;ci-postgres;ci-vite,trivy,debian,Debian,libc6,2.41-12+deb13u4,CVE-2026-8674,MEDIUM,affected,,https://avd.aquasec.com/nvd/cve-2026-8674
ci-base;ci-go;ci-node;ci-playwright;ci-postgres;ci-vite,trivy,debian,Debian,libc6,2.41-12+deb13u4,CVE-2026-86805,MEDIUM,affected,,https://avd.aquasec.com/nvd/cve-2026-86805
ci-base;ci-go;ci-node;ci-playwright;ci-postgres;ci-vite,trivy,debian,Debian,libc6,2.41-12+deb13u4,CVE-2026-89092,MEDIUM,affected,,https://avd.aquasec.com/nvd/cve-2026-89092
ci-base;ci-go;ci-node;ci-playwright;ci-postgres;ci-vite,trivy,debian,Debian,libc6,2.41-12+deb13u4,CVE-2026-95818,MEDIUM,affected,,https://avd.aquasec.com/nvd/cve-2026-95818
ci-base;ci-go;ci-node;ci-playwright;ci-postgres;ci-vite,trivy,debian,Debian,libc6,2.41-12+deb13u4,CVE-2026-97399,LOW,affected,,https://avd.aquasec.com/nvd/cve-2026-97399
ci-go,trivy,debian,Debian,libc6-dev,2.41-12+deb13u4,CVE-2010-4756,LOW,affected,,https://avd.aquasec.com/nvd/cve-2010-4756
ci-go,trivy,debian,Debian,libc6-dev,2.41-12+deb13u4,CVE-2018-20796,LOW,affected,,https://avd.aquasec.com/nvd/cve-2018-20796
ci-go,trivy,debian,Debian,libc6-dev,2.41-12+deb13u4,CVE-2019-1010022,LOW,affected,,https://avd.aquasec.com/nvd/cve-2019-1010022
ci-go,trivy,debian,Debian,libc6-dev,2.41-12+deb13u4,CVE-2019-1010023,LOW,affected,,https://avd.aquasec.com/nvd/cve-2019-1010023
ci-go,trivy,debian,Debian,libc6-dev,2.41-12+deb13u4,CVE-2019-1010024,LOW,affected,,https://avd.aquasec.com/nvd/cve-2019-1010024
ci-go,trivy,debian,Debian,libc6-dev,2.41-12+deb13u4,CVE-2019-1010025,LOW,affected,,https://avd.aquasec.com/nvd/cve-2019-1010025
ci-go,trivy,debian,Debian,libc6-dev,2.41-12+deb13u4,CVE-2019-9192,LOW,affected,,https://avd.aquasec.com/nvd/cve-2019-9192
ci-go,trivy,debian,Debian,libc6-dev,2.41-12+deb13u4,CVE-2026-18374,MEDIUM,affected,,https://avd.aquasec.com/nvd/cve-2026-18374
ci-go,trivy,debian,Debian,libc6-dev,2.41-12+deb13u4,CVE-2026-19499,MEDIUM,affected,,https://avd.aquasec.com/nvd/cve-2026-19499
ci-go,trivy,debian,Debian,libc6-dev,2.41-12+deb13u4,CVE-2026-19542,MEDIUM,affected,,https://avd.aquasec.com/nvd/cve-2026-19542
ci-go,trivy,debian,Debian,libc6-dev,2.41-12+deb13u4,CVE-2026-5435,MEDIUM,affected,,https://avd.aquasec.com/nvd/cve-2026-5435
ci-go,trivy,debian,Debian,libc6-dev,2.41-12+deb13u4,CVE-2026-6238,MEDIUM,affected,,https://avd.aquasec.com/nvd/cve-2026-6238
ci-go,trivy,debian,Debian,libc6-dev,2.41-12+deb13u4,CVE-2026-6368,MEDIUM,affected,,https://avd.aquasec.com/nvd/cve-2026-6368
ci-go,trivy,debian,Debian,libc6-dev,2.41-12+deb13u4,CVE-2026-6791,MEDIUM,affected,,https://avd.aquasec.com/nvd/cve-2026-6791
ci-go,trivy,debian,Debian,libc6-dev,2.41-12+deb13u4,CVE-2026-77117,MEDIUM,affected,,https://avd.aquasec.com/nvd/cve-2026-77117
ci-go,trivy,debian,Debian,libc6-dev,2.41-12+deb13u4,CVE-2026-80489,MEDIUM,affected,,https://avd.aquasec.com/nvd/cve-2026-80489
ci-go,trivy,debian,Debian,libc6-dev,2.41-12+deb13u4,CVE-2026-8674,MEDIUM,affected,,https://avd.aquasec.com/nvd/cve-2026-8674
ci-go,trivy,debian,Debian,libc6-dev,2.41-12+deb13u4,CVE-2026-86805,MEDIUM,affected,,https://avd.aquasec.com/nvd/cve-2026-86805
ci-go,trivy,debian,Debian,libc6-dev,2.41-12+deb13u4,CVE-2026-89092,MEDIUM,affected,,https://avd.aquasec.com/nvd/cve-2026-89092
ci-go,trivy,debian,Debian,libc6-dev,2.41-12+deb13u4,CVE-2026-95818,MEDIUM,affected,,https://avd.aquasec.com/nvd/cve-2026-95818
ci-go,trivy,debian,Debian,libc6-dev,2.41-12+deb13u4,CVE-2026-97399,LOW,affected,,https://avd.aquasec.com/nvd/cve-2026-97399
ci-playwright,trivy,debian,Debian,libcairo2,1.18.4-1+b1,CVE-2017-7475,LOW,will_not_fix,,https://avd.aquasec.com/nvd/cve-2017-7475
ci-playwright,trivy,debian,Debian,libcairo2,1.18.4-1+b1,CVE-2018-18064,LOW,affected,,https://avd.aquasec.com/nvd/cve-2018-18064
ci-playwright,trivy,debian,Debian,libcairo2,1.18.4-1+b1,CVE-2025-50422,LOW,fix_deferred,,https://avd.aquasec.com/nvd/cve-2025-50422
ci-go,trivy,debian,Debian,libcc1-0,14.2.0-19,CVE-2026-102010,MEDIUM,affected,,https://avd.aquasec.com/nvd/cve-2026-102010
ci-go,trivy,debian,Debian,libcc1-0,14.2.0-19,CVE-2026-95619,MEDIUM,affected,,https://avd.aquasec.com/nvd/cve-2026-95619
ci-go,trivy,debian,Debian,libctf-nobfd0,2.44-3,CVE-2017-13716,LOW,affected,,https://avd.aquasec.com/nvd/cve-2017-13716
ci-go,trivy,debian,Debian,libctf-nobfd0,2.44-3,CVE-2018-20673,LOW,affected,,https://avd.aquasec.com/nvd/cve-2018-20673
ci-go,trivy,debian,Debian,libctf-nobfd0,2.44-3,CVE-2018-20712,LOW,affected,,https://avd.aquasec.com/nvd/cve-2018-20712
ci-go,trivy,debian,Debian,libctf-nobfd0,2.44-3,CVE-2018-9996,LOW,affected,,https://avd.aquasec.com/nvd/cve-2018-9996
ci-go,trivy,debian,Debian,libctf-nobfd0,2.44-3,CVE-2021-32256,LOW,affected,,https://avd.aquasec.com/nvd/cve-2021-32256
ci-go,trivy,debian,Debian,libctf-nobfd0,2.44-3,CVE-2025-11081,LOW,affected,,https://avd.aquasec.com/nvd/cve-2025-11081
ci-go,trivy,debian,Debian,libctf-nobfd0,2.44-3,CVE-2025-11082,LOW,affected,,https://avd.aquasec.com/nvd/cve-2025-11082
ci-go,trivy,debian,Debian,libctf-nobfd0,2.44-3,CVE-2025-11083,LOW,affected,,https://avd.aquasec.com/nvd/cve-2025-11083
ci-go,trivy,debian,Debian,libctf-nobfd0,2.44-3,CVE-2025-11412,LOW,affected,,https://avd.aquasec.com/nvd/cve-2025-11412
ci-go,trivy,debian,Debian,libctf-nobfd0,2.44-3,CVE-2025-11413,LOW,affected,,https://avd.aquasec.com/nvd/cve-2025-11413
ci-go,trivy,debian,Debian,libctf-nobfd0,2.44-3,CVE-2025-11414,LOW,affected,,https://avd.aquasec.com/nvd/cve-2025-11414
ci-go,trivy,debian,Debian,libctf-nobfd0,2.44-3,CVE-2025-1147,LOW,affected,,https://avd.aquasec.com/nvd/cve-2025-1147
ci-go,trivy,debian,Debian,libctf-nobfd0,2.44-3,CVE-2025-1148,LOW,affected,,https://avd.aquasec.com/nvd/cve-2025-1148
ci-go,trivy,debian,Debian,libctf-nobfd0,2.44-3,CVE-2025-1149,LOW,affected,,https://avd.aquasec.com/nvd/cve-2025-1149
ci-go,trivy,debian,Debian,libctf-nobfd0,2.44-3,CVE-2025-11494,LOW,affected,,https://avd.aquasec.com/nvd/cve-2025-11494
ci-go,trivy,debian,Debian,libctf-nobfd0,2.44-3,CVE-2025-11495,LOW,affected,,https://avd.aquasec.com/nvd/cve-2025-11495
ci-go,trivy,debian,Debian,libctf-nobfd0,2.44-3,CVE-2025-1150,LOW,affected,,https://avd.aquasec.com/nvd/cve-2025-1150
ci-go,trivy,debian,Debian,libctf-nobfd0,2.44-3,CVE-2025-1151,LOW,affected,,https://avd.aquasec.com/nvd/cve-2025-1151
ci-go,trivy,debian,Debian,libctf-nobfd0,2.44-3,CVE-2025-1152,LOW,affected,,https://avd.aquasec.com/nvd/cve-2025-1152
ci-go,trivy,debian,Debian,libctf-nobfd0,2.44-3,CVE-2025-1153,LOW,affected,,https://avd.aquasec.com/nvd/cve-2025-1153
ci-go,trivy,debian,Debian,libctf-nobfd0,2.44-3,CVE-2025-1176,LOW,affected,,https://avd.aquasec.com/nvd/cve-2025-1176
ci-go,trivy,debian,Debian,libctf-nobfd0,2.44-3,CVE-2025-1178,LOW,affected,,https://avd.aquasec.com/nvd/cve-2025-1178
ci-go,trivy,debian,Debian,libctf-nobfd0,2.44-3,CVE-2025-1180,LOW,affected,,https://avd.aquasec.com/nvd/cve-2025-1180
ci-go,trivy,debian,Debian,libctf-nobfd0,2.44-3,CVE-2025-1181,LOW,affected,,https://avd.aquasec.com/nvd/cve-2025-1181
ci-go,trivy,debian,Debian,libctf-nobfd0,2.44-3,CVE-2025-1182,LOW,affected,,https://avd.aquasec.com/nvd/cve-2025-1182
ci-go,trivy,debian,Debian,libctf-nobfd0,2.44-3,CVE-2025-11839,LOW,affected,,https://avd.aquasec.com/nvd/cve-2025-11839
ci-go,trivy,debian,Debian,libctf-nobfd0,2.44-3,CVE-2025-11840,LOW,affected,,https://avd.aquasec.com/nvd/cve-2025-11840
ci-go,trivy,debian,Debian,libctf-nobfd0,2.44-3,CVE-2025-3198,LOW,affected,,https://avd.aquasec.com/nvd/cve-2025-3198
ci-go,trivy,debian,Debian,libctf-nobfd0,2.44-3,CVE-2025-5244,LOW,affected,,https://avd.aquasec.com/nvd/cve-2025-5244
ci-go,trivy,debian,Debian,libctf-nobfd0,2.44-3,CVE-2025-5245,LOW,affected,,https://avd.aquasec.com/nvd/cve-2025-5245
ci-go,trivy,debian,Debian,libctf-nobfd0,2.44-3,CVE-2025-66861,LOW,affected,,https://avd.aquasec.com/nvd/cve-2025-66861
ci-go,trivy,debian,Debian,libctf-nobfd0,2.44-3,CVE-2025-66862,LOW,affected,,https://avd.aquasec.com/nvd/cve-2025-66862
ci-go,trivy,debian,Debian,libctf-nobfd0,2.44-3,CVE-2025-66863,LOW,affected,,https://avd.aquasec.com/nvd/cve-2025-66863
ci-go,trivy,debian,Debian,libctf-nobfd0,2.44-3,CVE-2025-66864,LOW,affected,,https://avd.aquasec.com/nvd/cve-2025-66864
ci-go,trivy,debian,Debian,libctf-nobfd0,2.44-3,CVE-2025-66865,LOW,affected,,https://avd.aquasec.com/nvd/cve-2025-66865
ci-go,trivy,debian,Debian,libctf-nobfd0,2.44-3,CVE-2025-66866,LOW,affected,,https://avd.aquasec.com/nvd/cve-2025-66866
ci-go,trivy,debian,Debian,libctf-nobfd0,2.44-3,CVE-2025-69644,LOW,affected,,https://avd.aquasec.com/nvd/cve-2025-69644
ci-go,trivy,debian,Debian,libctf-nobfd0,2.44-3,CVE-2025-69645,LOW,affected,,https://avd.aquasec.com/nvd/cve-2025-69645
ci-go,trivy,debian,Debian,libctf-nobfd0,2.44-3,CVE-2025-69646,LOW,affected,,https://avd.aquasec.com/nvd/cve-2025-69646
ci-go,trivy,debian,Debian,libctf-nobfd0,2.44-3,CVE-2025-69647,LOW,affected,,https://avd.aquasec.com/nvd/cve-2025-69647
ci-go,trivy,debian,Debian,libctf-nobfd0,2.44-3,CVE-2025-69648,LOW,affected,,https://avd.aquasec.com/nvd/cve-2025-69648
ci-go,trivy,debian,Debian,libctf-nobfd0,2.44-3,CVE-2025-69649,LOW,affected,,https://avd.aquasec.com/nvd/cve-2025-69649
ci-go,trivy,debian,Debian,libctf-nobfd0,2.44-3,CVE-2025-69650,LOW,affected,,https://avd.aquasec.com/nvd/cve-2025-69650
ci-go,trivy,debian,Debian,libctf-nobfd0,2.44-3,CVE-2025-69651,LOW,affected,,https://avd.aquasec.com/nvd/cve-2025-69651
ci-go,trivy,debian,Debian,libctf-nobfd0,2.44-3,CVE-2025-69652,LOW,affected,,https://avd.aquasec.com/nvd/cve-2025-69652
ci-go,trivy,debian,Debian,libctf-nobfd0,2.44-3,CVE-2025-7545,LOW,affected,,https://avd.aquasec.com/nvd/cve-2025-7545
ci-go,trivy,debian,Debian,libctf-nobfd0,2.44-3,CVE-2025-7546,LOW,affected,,https://avd.aquasec.com/nvd/cve-2025-7546
ci-go,trivy,debian,Debian,libctf-nobfd0,2.44-3,CVE-2025-8225,LOW,affected,,https://avd.aquasec.com/nvd/cve-2025-8225
ci-go,trivy,debian,Debian,libctf-nobfd0,2.44-3,CVE-2026-15003,LOW,affected,,https://avd.aquasec.com/nvd/cve-2026-15003
ci-go,trivy,debian,Debian,libctf-nobfd0,2.44-3,CVE-2026-18220,LOW,affected,,https://avd.aquasec.com/nvd/cve-2026-18220
ci-go,trivy,debian,Debian,libctf-nobfd0,2.44-3,CVE-2026-19548,LOW,affected,,https://avd.aquasec.com/nvd/cve-2026-19548
ci-go,trivy,debian,Debian,libctf-nobfd0,2.44-3,CVE-2026-3441,LOW,affected,,https://avd.aquasec.com/nvd/cve-2026-3441
ci-go,trivy,debian,Debian,libctf-nobfd0,2.44-3,CVE-2026-3442,LOW,affected,,https://avd.aquasec.com/nvd/cve-2026-3442
ci-go,trivy,debian,Debian,libctf-nobfd0,2.44-3,CVE-2026-4647,LOW,affected,,https://avd.aquasec.com/nvd/cve-2026-4647
ci-go,trivy,debian,Debian,libctf-nobfd0,2.44-3,CVE-2026-6844,LOW,affected,,https://avd.aquasec.com/nvd/cve-2026-6844
ci-go,trivy,debian,Debian,libctf-nobfd0,2.44-3,CVE-2026-6845,LOW,affected,,https://avd.aquasec.com/nvd/cve-2026-6845
ci-go,trivy,debian,Debian,libctf-nobfd0,2.44-3,CVE-2026-6846,LOW,affected,,https://avd.aquasec.com/nvd/cve-2026-6846
ci-go,trivy,debian,Debian,libctf-nobfd0,2.44-3,CVE-2026-90801,LOW,affected,,https://avd.aquasec.com/nvd/cve-2026-90801
ci-go,trivy,debian,Debian,libctf-nobfd0,2.44-3,CVE-2026-90802,LOW,affected,,https://avd.aquasec.com/nvd/cve-2026-90802
ci-go,trivy,debian,Debian,libctf-nobfd0,2.44-3,CVE-2026-90803,LOW,affected,,https://avd.aquasec.com/nvd/cve-2026-90803
ci-go,trivy,debian,Debian,libctf-nobfd0,2.44-3,CVE-2026-90804,LOW,affected,,https://avd.aquasec.com/nvd/cve-2026-90804
ci-go,trivy,debian,Debian,libctf-nobfd0,2.44-3,CVE-2026-90828,LOW,affected,,https://avd.aquasec.com/nvd/cve-2026-90828
ci-go,trivy,debian,Debian,libctf-nobfd0,2.44-3,CVE-2026-90829,LOW,affected,,https://avd.aquasec.com/nvd/cve-2026-90829
ci-go,trivy,debian,Debian,libctf-nobfd0,2.44-3,CVE-2026-90830,LOW,affected,,https://avd.aquasec.com/nvd/cve-2026-90830
ci-go,trivy,debian,Debian,libctf-nobfd0,2.44-3,CVE-2026-90831,LOW,affected,,https://avd.aquasec.com/nvd/cve-2026-90831
ci-go,trivy,debian,Debian,libctf-nobfd0,2.44-3,CVE-2026-91779,LOW,affected,,https://avd.aquasec.com/nvd/cve-2026-91779
ci-go,trivy,debian,Debian,libctf-nobfd0,2.44-3,CVE-2026-91780,LOW,affected,,https://avd.aquasec.com/nvd/cve-2026-91780
ci-go,trivy,debian,Debian,libctf-nobfd0,2.44-3,CVE-2026-91781,LOW,affected,,https://avd.aquasec.com/nvd/cve-2026-91781
ci-go,trivy,debian,Debian,libctf-nobfd0,2.44-3,CVE-2026-91782,LOW,affected,,https://avd.aquasec.com/nvd/cve-2026-91782
ci-go,trivy,debian,Debian,libctf0,2.44-3,CVE-2017-13716,LOW,affected,,https://avd.aquasec.com/nvd/cve-2017-13716
ci-go,trivy,debian,Debian,libctf0,2.44-3,CVE-2018-20673,LOW,affected,,https://avd.aquasec.com/nvd/cve-2018-20673
ci-go,trivy,debian,Debian,libctf0,2.44-3,CVE-2018-20712,LOW,affected,,https://avd.aquasec.com/nvd/cve-2018-20712
ci-go,trivy,debian,Debian,libctf0,2.44-3,CVE-2018-9996,LOW,affected,,https://avd.aquasec.com/nvd/cve-2018-9996
ci-go,trivy,debian,Debian,libctf0,2.44-3,CVE-2021-32256,LOW,affected,,https://avd.aquasec.com/nvd/cve-2021-32256
ci-go,trivy,debian,Debian,libctf0,2.44-3,CVE-2025-11081,LOW,affected,,https://avd.aquasec.com/nvd/cve-2025-11081
ci-go,trivy,debian,Debian,libctf0,2.44-3,CVE-2025-11082,LOW,affected,,https://avd.aquasec.com/nvd/cve-2025-11082
ci-go,trivy,debian,Debian,libctf0,2.44-3,CVE-2025-11083,LOW,affected,,https://avd.aquasec.com/nvd/cve-2025-11083
ci-go,trivy,debian,Debian,libctf0,2.44-3,CVE-2025-11412,LOW,affected,,https://avd.aquasec.com/nvd/cve-2025-11412
ci-go,trivy,debian,Debian,libctf0,2.44-3,CVE-2025-11413,LOW,affected,,https://avd.aquasec.com/nvd/cve-2025-11413
ci-go,trivy,debian,Debian,libctf0,2.44-3,CVE-2025-11414,LOW,affected,,https://avd.aquasec.com/nvd/cve-2025-11414
ci-go,trivy,debian,Debian,libctf0,2.44-3,CVE-2025-1147,LOW,affected,,https://avd.aquasec.com/nvd/cve-2025-1147
ci-go,trivy,debian,Debian,libctf0,2.44-3,CVE-2025-1148,LOW,affected,,https://avd.aquasec.com/nvd/cve-2025-1148
ci-go,trivy,debian,Debian,libctf0,2.44-3,CVE-2025-1149,LOW,affected,,https://avd.aquasec.com/nvd/cve-2025-1149
ci-go,trivy,debian,Debian,libctf0,2.44-3,CVE-2025-11494,LOW,affected,,https://avd.aquasec.com/nvd/cve-2025-11494
ci-go,trivy,debian,Debian,libctf0,2.44-3,CVE-2025-11495,LOW,affected,,https://avd.aquasec.com/nvd/cve-2025-11495
ci-go,trivy,debian,Debian,libctf0,2.44-3,CVE-2025-1150,LOW,affected,,https://avd.aquasec.com/nvd/cve-2025-1150
ci-go,trivy,debian,Debian,libctf0,2.44-3,CVE-2025-1151,LOW,affected,,https://avd.aquasec.com/nvd/cve-2025-1151
ci-go,trivy,debian,Debian,libctf0,2.44-3,CVE-2025-1152,LOW,affected,,https://avd.aquasec.com/nvd/cve-2025-1152
ci-go,trivy,debian,Debian,libctf0,2.44-3,CVE-2025-1153,LOW,affected,,https://avd.aquasec.com/nvd/cve-2025-1153
ci-go,trivy,debian,Debian,libctf0,2.44-3,CVE-2025-1176,LOW,affected,,https://avd.aquasec.com/nvd/cve-2025-1176
ci-go,trivy,debian,Debian,libctf0,2.44-3,CVE-2025-1178,LOW,affected,,https://avd.aquasec.com/nvd/cve-2025-1178
ci-go,trivy,debian,Debian,libctf0,2.44-3,CVE-2025-1180,LOW,affected,,https://avd.aquasec.com/nvd/cve-2025-1180
ci-go,trivy,debian,Debian,libctf0,2.44-3,CVE-2025-1181,LOW,affected,,https://avd.aquasec.com/nvd/cve-2025-1181
ci-go,trivy,debian,Debian,libctf0,2.44-3,CVE-2025-1182,LOW,affected,,https://avd.aquasec.com/nvd/cve-2025-1182
ci-go,trivy,debian,Debian,libctf0,2.44-3,CVE-2025-11839,LOW,affected,,https://avd.aquasec.com/nvd/cve-2025-11839
ci-go,trivy,debian,Debian,libctf0,2.44-3,CVE-2025-11840,LOW,affected,,https://avd.aquasec.com/nvd/cve-2025-11840
ci-go,trivy,debian,Debian,libctf0,2.44-3,CVE-2025-3198,LOW,affected,,https://avd.aquasec.com/nvd/cve-2025-3198
ci-go,trivy,debian,Debian,libctf0,2.44-3,CVE-2025-5244,LOW,affected,,https://avd.aquasec.com/nvd/cve-2025-5244
ci-go,trivy,debian,Debian,libctf0,2.44-3,CVE-2025-5245,LOW,affected,,https://avd.aquasec.com/nvd/cve-2025-5245
ci-go,trivy,debian,Debian,libctf0,2.44-3,CVE-2025-66861,LOW,affected,,https://avd.aquasec.com/nvd/cve-2025-66861
ci-go,trivy,debian,Debian,libctf0,2.44-3,CVE-2025-66862,LOW,affected,,https://avd.aquasec.com/nvd/cve-2025-66862
ci-go,trivy,debian,Debian,libctf0,2.44-3,CVE-2025-66863,LOW,affected,,https://avd.aquasec.com/nvd/cve-2025-66863
ci-go,trivy,debian,Debian,libctf0,2.44-3,CVE-2025-66864,LOW,affected,,https://avd.aquasec.com/nvd/cve-2025-66864
ci-go,trivy,debian,Debian,libctf0,2.44-3,CVE-2025-66865,LOW,affected,,https://avd.aquasec.com/nvd/cve-2025-66865
ci-go,trivy,debian,Debian,libctf0,2.44-3,CVE-2025-66866,LOW,affected,,https://avd.aquasec.com/nvd/cve-2025-66866
ci-go,trivy,debian,Debian,libctf0,2.44-3,CVE-2025-69644,LOW,affected,,https://avd.aquasec.com/nvd/cve-2025-69644
ci-go,trivy,debian,Debian,libctf0,2.44-3,CVE-2025-69645,LOW,affected,,https://avd.aquasec.com/nvd/cve-2025-69645
ci-go,trivy,debian,Debian,libctf0,2.44-3,CVE-2025-69646,LOW,affected,,https://avd.aquasec.com/nvd/cve-2025-69646
ci-go,trivy,debian,Debian,libctf0,2.44-3,CVE-2025-69647,LOW,affected,,https://avd.aquasec.com/nvd/cve-2025-69647
ci-go,trivy,debian,Debian,libctf0,2.44-3,CVE-2025-69648,LOW,affected,,https://avd.aquasec.com/nvd/cve-2025-69648
ci-go,trivy,debian,Debian,libctf0,2.44-3,CVE-2025-69649,LOW,affected,,https://avd.aquasec.com/nvd/cve-2025-69649
ci-go,trivy,debian,Debian,libctf0,2.44-3,CVE-2025-69650,LOW,affected,,https://avd.aquasec.com/nvd/cve-2025-69650
ci-go,trivy,debian,Debian,libctf0,2.44-3,CVE-2025-69651,LOW,affected,,https://avd.aquasec.com/nvd/cve-2025-69651
ci-go,trivy,debian,Debian,libctf0,2.44-3,CVE-2025-69652,LOW,affected,,https://avd.aquasec.com/nvd/cve-2025-69652
ci-go,trivy,debian,Debian,libctf0,2.44-3,CVE-2025-7545,LOW,affected,,https://avd.aquasec.com/nvd/cve-2025-7545
ci-go,trivy,debian,Debian,libctf0,2.44-3,CVE-2025-7546,LOW,affected,,https://avd.aquasec.com/nvd/cve-2025-7546
ci-go,trivy,debian,Debian,libctf0,2.44-3,CVE-2025-8225,LOW,affected,,https://avd.aquasec.com/nvd/cve-2025-8225
ci-go,trivy,debian,Debian,libctf0,2.44-3,CVE-2026-15003,LOW,affected,,https://avd.aquasec.com/nvd/cve-2026-15003
ci-go,trivy,debian,Debian,libctf0,2.44-3,CVE-2026-18220,LOW,affected,,https://avd.aquasec.com/nvd/cve-2026-18220
ci-go,trivy,debian,Debian,libctf0,2.44-3,CVE-2026-19548,LOW,affected,,https://avd.aquasec.com/nvd/cve-2026-19548
ci-go,trivy,debian,Debian,libctf0,2.44-3,CVE-2026-3441,LOW,affected,,https://avd.aquasec.com/nvd/cve-2026-3441
ci-go,trivy,debian,Debian,libctf0,2.44-3,CVE-2026-3442,LOW,affected,,https://avd.aquasec.com/nvd/cve-2026-3442
ci-go,trivy,debian,Debian,libctf0,2.44-3,CVE-2026-4647,LOW,affected,,https://avd.aquasec.com/nvd/cve-2026-4647
ci-go,trivy,debian,Debian,libctf0,2.44-3,CVE-2026-6844,LOW,affected,,https://avd.aquasec.com/nvd/cve-2026-6844
ci-go,trivy,debian,Debian,libctf0,2.44-3,CVE-2026-6845,LOW,affected,,https://avd.aquasec.com/nvd/cve-2026-6845
ci-go,trivy,debian,Debian,libctf0,2.44-3,CVE-2026-6846,LOW,affected,,https://avd.aquasec.com/nvd/cve-2026-6846
ci-go,trivy,debian,Debian,libctf0,2.44-3,CVE-2026-90801,LOW,affected,,https://avd.aquasec.com/nvd/cve-2026-90801
ci-go,trivy,debian,Debian,libctf0,2.44-3,CVE-2026-90802,LOW,affected,,https://avd.aquasec.com/nvd/cve-2026-90802
ci-go,trivy,debian,Debian,libctf0,2.44-3,CVE-2026-90803,LOW,affected,,https://avd.aquasec.com/nvd/cve-2026-90803
ci-go,trivy,debian,Debian,libctf0,2.44-3,CVE-2026-90804,LOW,affected,,https://avd.aquasec.com/nvd/cve-2026-90804
ci-go,trivy,debian,Debian,libctf0,2.44-3,CVE-2026-90828,LOW,affected,,https://avd.aquasec.com/nvd/cve-2026-90828
ci-go,trivy,debian,Debian,libctf0,2.44-3,CVE-2026-90829,LOW,affected,,https://avd.aquasec.com/nvd/cve-2026-90829
ci-go,trivy,debian,Debian,libctf0,2.44-3,CVE-2026-90830,LOW,affected,,https://avd.aquasec.com/nvd/cve-2026-90830
ci-go,trivy,debian,Debian,libctf0,2.44-3,CVE-2026-90831,LOW,affected,,https://avd.aquasec.com/nvd/cve-2026-90831
ci-go,trivy,debian,Debian,libctf0,2.44-3,CVE-2026-91779,LOW,affected,,https://avd.aquasec.com/nvd/cve-2026-91779
ci-go,trivy,debian,Debian,libctf0,2.44-3,CVE-2026-91780,LOW,affected,,https://avd.aquasec.com/nvd/cve-2026-91780
ci-go,trivy,debian,Debian,libctf0,2.44-3,CVE-2026-91781,LOW,affected,,https://avd.aquasec.com/nvd/cve-2026-91781
ci-go,trivy,debian,Debian,libctf0,2.44-3,CVE-2026-91782,LOW,affected,,https://avd.aquasec.com/nvd/cve-2026-91782
ci-playwright,trivy,debian,Debian,libcups2t64,2.4.10-3+deb13u2,CVE-2014-8166,LOW,affected,,https://avd.aquasec.com/nvd/cve-2014-8166
ci-playwright,trivy,debian,Debian,libcups2t64,2.4.10-3+deb13u2,CVE-2025-58436,MEDIUM,affected,,https://avd.aquasec.com/nvd/cve-2025-58436
ci-playwright,trivy,debian,Debian,libcups2t64,2.4.10-3+deb13u2,CVE-2025-61915,MEDIUM,affected,,https://avd.aquasec.com/nvd/cve-2025-61915
ci-playwright,trivy,debian,Debian,libcups2t64,2.4.10-3+deb13u2,CVE-2026-105326,LOW,affected,,https://avd.aquasec.com/nvd/cve-2026-105326
ci-playwright,trivy,debian,Debian,libcups2t64,2.4.10-3+deb13u2,CVE-2026-27447,MEDIUM,affected,,https://avd.aquasec.com/nvd/cve-2026-27447
ci-playwright,trivy,debian,Debian,libcups2t64,2.4.10-3+deb13u2,CVE-2026-34978,MEDIUM,affected,,https://avd.aquasec.com/nvd/cve-2026-34978
ci-playwright,trivy,debian,Debian,libcups2t64,2.4.10-3+deb13u2,CVE-2026-34979,MEDIUM,affected,,https://avd.aquasec.com/nvd/cve-2026-34979
ci-playwright,trivy,debian,Debian,libcups2t64,2.4.10-3+deb13u2,CVE-2026-34980,HIGH,affected,,https://avd.aquasec.com/nvd/cve-2026-34980
ci-playwright,trivy,debian,Debian,libcups2t64,2.4.10-3+deb13u2,CVE-2026-34990,MEDIUM,affected,,https://avd.aquasec.com/nvd/cve-2026-34990
ci-playwright,trivy,debian,Debian,libcups2t64,2.4.10-3+deb13u2,CVE-2026-39314,MEDIUM,affected,,https://avd.aquasec.com/nvd/cve-2026-39314
ci-playwright,trivy,debian,Debian,libcups2t64,2.4.10-3+deb13u2,CVE-2026-39316,MEDIUM,affected,,https://avd.aquasec.com/nvd/cve-2026-39316
ci-playwright,trivy,debian,Debian,libcups2t64,2.4.10-3+deb13u2,CVE-2026-41079,MEDIUM,affected,,https://avd.aquasec.com/nvd/cve-2026-41079
ci-playwright,trivy,debian,Debian,libcups2t64,2.4.10-3+deb13u2,CVE-2026-55453,UNKNOWN,affected,,https://avd.aquasec.com/nvd/cve-2026-55453
ci-playwright,trivy,debian,Debian,libcups2t64,2.4.10-3+deb13u2,CVE-2026-55480,UNKNOWN,affected,,https://avd.aquasec.com/nvd/cve-2026-55480
ci-playwright,trivy,debian,Debian,libcups2t64,2.4.10-3+deb13u2,CVE-2026-61702,UNKNOWN,affected,,https://avd.aquasec.com/nvd/cve-2026-61702
ci-playwright,trivy,debian,Debian,libcups2t64,2.4.10-3+deb13u2,CVE-2026-87875,MEDIUM,affected,,https://avd.aquasec.com/nvd/cve-2026-87875
ci-playwright,trivy,debian,Debian,libcups2t64,2.4.10-3+deb13u2,CVE-2026-87876,LOW,affected,,https://avd.aquasec.com/nvd/cve-2026-87876
ci-playwright,trivy,debian,Debian,libcups2t64,2.4.10-3+deb13u2,TEMP-0000000-123A53,UNKNOWN,affected,,https://security-tracker.debian.org/tracker/TEMP-0000000-123A53
ci-playwright,trivy,debian,Debian,libcups2t64,2.4.10-3+deb13u2,TEMP-0000000-333CC9,UNKNOWN,affected,,https://security-tracker.debian.org/tracker/TEMP-0000000-333CC9
ci-playwright,trivy,debian,Debian,libcups2t64,2.4.10-3+deb13u2,TEMP-0000000-3F659E,UNKNOWN,affected,,https://security-tracker.debian.org/tracker/TEMP-0000000-3F659E
ci-playwright,trivy,debian,Debian,libcups2t64,2.4.10-3+deb13u2,TEMP-0000000-51E1F8,UNKNOWN,affected,,https://security-tracker.debian.org/tracker/TEMP-0000000-51E1F8
ci-playwright,trivy,debian,Debian,libcups2t64,2.4.10-3+deb13u2,TEMP-0000000-53ED96,UNKNOWN,affected,,https://security-tracker.debian.org/tracker/TEMP-0000000-53ED96
ci-playwright,trivy,debian,Debian,libcups2t64,2.4.10-3+deb13u2,TEMP-0000000-71B844,UNKNOWN,affected,,https://security-tracker.debian.org/tracker/TEMP-0000000-71B844
ci-playwright,trivy,debian,Debian,libcups2t64,2.4.10-3+deb13u2,TEMP-0000000-EC06A3,UNKNOWN,affected,,https://security-tracker.debian.org/tracker/TEMP-0000000-EC06A3
ci-playwright,trivy,debian,Debian,libcups2t64,2.4.10-3+deb13u2,TEMP-0000000-ECC3E6,UNKNOWN,affected,,https://security-tracker.debian.org/tracker/TEMP-0000000-ECC3E6
ci-base;ci-go;ci-node;ci-playwright;ci-vite,trivy,debian,Debian,libcurl3t64-gnutls,8.14.1-2+deb13u5,CVE-2025-10966,LOW,affected,,https://avd.aquasec.com/nvd/cve-2025-10966
ci-base;ci-go;ci-node;ci-playwright;ci-vite,trivy,debian,Debian,libcurl3t64-gnutls,8.14.1-2+deb13u5,CVE-2025-14017,LOW,affected,,https://avd.aquasec.com/nvd/cve-2025-14017
ci-base;ci-go;ci-node;ci-playwright;ci-vite,trivy,debian,Debian,libcurl3t64-gnutls,8.14.1-2+deb13u5,CVE-2025-15079,LOW,affected,,https://avd.aquasec.com/nvd/cve-2025-15079
ci-base;ci-go;ci-node;ci-playwright;ci-vite,trivy,debian,Debian,libcurl3t64-gnutls,8.14.1-2+deb13u5,CVE-2025-15224,LOW,affected,,https://avd.aquasec.com/nvd/cve-2025-15224
ci-base;ci-go;ci-node;ci-playwright;ci-vite,trivy,debian,Debian,libcurl3t64-gnutls,8.14.1-2+deb13u5,CVE-2026-10536,MEDIUM,affected,,https://avd.aquasec.com/nvd/cve-2026-10536
ci-base;ci-go;ci-node;ci-playwright;ci-vite,trivy,debian,Debian,libcurl3t64-gnutls,8.14.1-2+deb13u5,CVE-2026-11856,MEDIUM,affected,,https://avd.aquasec.com/nvd/cve-2026-11856
ci-base;ci-go;ci-node;ci-playwright;ci-vite,trivy,debian,Debian,libcurl3t64-gnutls,8.14.1-2+deb13u5,CVE-2026-12064,HIGH,affected,,https://avd.aquasec.com/nvd/cve-2026-12064
ci-base;ci-go;ci-node;ci-playwright;ci-vite,trivy,debian,Debian,libcurl3t64-gnutls,8.14.1-2+deb13u5,CVE-2026-13608,LOW,affected,,https://avd.aquasec.com/nvd/cve-2026-13608
ci-base;ci-go;ci-node;ci-playwright;ci-vite,trivy,debian,Debian,libcurl3t64-gnutls,8.14.1-2+deb13u5,CVE-2026-18924,LOW,affected,,https://avd.aquasec.com/nvd/cve-2026-18924
ci-base;ci-go;ci-node;ci-playwright;ci-vite,trivy,debian,Debian,libcurl3t64-gnutls,8.14.1-2+deb13u5,CVE-2026-19931,MEDIUM,affected,,https://avd.aquasec.com/nvd/cve-2026-19931
ci-base;ci-go;ci-node;ci-playwright;ci-vite,trivy,debian,Debian,libcurl3t64-gnutls,8.14.1-2+deb13u5,CVE-2026-80229,MEDIUM,affected,,https://avd.aquasec.com/nvd/cve-2026-80229
ci-base;ci-go;ci-node;ci-playwright;ci-vite,trivy,debian,Debian,libcurl3t64-gnutls,8.14.1-2+deb13u5,CVE-2026-80230,LOW,affected,,https://avd.aquasec.com/nvd/cve-2026-80230
ci-base;ci-go;ci-node;ci-playwright;ci-vite,trivy,debian,Debian,libcurl3t64-gnutls,8.14.1-2+deb13u5,CVE-2026-80255,LOW,affected,,https://avd.aquasec.com/nvd/cve-2026-80255
ci-base;ci-go;ci-node;ci-playwright;ci-vite,trivy,debian,Debian,libcurl3t64-gnutls,8.14.1-2+deb13u5,CVE-2026-82208,LOW,affected,,https://avd.aquasec.com/nvd/cve-2026-82208
ci-base;ci-go;ci-node;ci-playwright;ci-vite,trivy,debian,Debian,libcurl3t64-gnutls,8.14.1-2+deb13u5,CVE-2026-82209,LOW,affected,,https://avd.aquasec.com/nvd/cve-2026-82209
ci-base;ci-go;ci-node;ci-playwright;ci-vite,trivy,debian,Debian,libcurl3t64-gnutls,8.14.1-2+deb13u5,CVE-2026-8286,HIGH,affected,,https://avd.aquasec.com/nvd/cve-2026-8286
ci-base;ci-go;ci-node;ci-playwright;ci-vite,trivy,debian,Debian,libcurl3t64-gnutls,8.14.1-2+deb13u5,CVE-2026-8458,HIGH,affected,,https://avd.aquasec.com/nvd/cve-2026-8458
ci-base;ci-go;ci-node;ci-playwright;ci-vite,trivy,debian,Debian,libcurl3t64-gnutls,8.14.1-2+deb13u5,CVE-2026-8924,MEDIUM,affected,,https://avd.aquasec.com/nvd/cve-2026-8924
ci-base;ci-go;ci-node;ci-playwright;ci-vite,trivy,debian,Debian,libcurl3t64-gnutls,8.14.1-2+deb13u5,CVE-2026-8926,MEDIUM,affected,,https://avd.aquasec.com/nvd/cve-2026-8926
ci-base;ci-go;ci-node;ci-playwright;ci-vite,trivy,debian,Debian,libcurl3t64-gnutls,8.14.1-2+deb13u5,CVE-2026-8927,HIGH,affected,,https://avd.aquasec.com/nvd/cve-2026-8927
ci-base;ci-go;ci-node;ci-playwright;ci-vite,trivy,debian,Debian,libcurl3t64-gnutls,8.14.1-2+deb13u5,CVE-2026-8932,MEDIUM,affected,,https://avd.aquasec.com/nvd/cve-2026-8932
ci-base;ci-go;ci-node;ci-playwright;ci-vite,trivy,debian,Debian,libcurl3t64-gnutls,8.14.1-2+deb13u5,CVE-2026-9079,MEDIUM,affected,,https://avd.aquasec.com/nvd/cve-2026-9079
ci-base;ci-go;ci-node;ci-playwright;ci-vite,trivy,debian,Debian,libcurl3t64-gnutls,8.14.1-2+deb13u5,CVE-2026-9080,MEDIUM,affected,,https://avd.aquasec.com/nvd/cve-2026-9080
ci-base;ci-go;ci-node;ci-playwright;ci-vite,trivy,debian,Debian,libcurl3t64-gnutls,8.14.1-2+deb13u5,CVE-2026-9545,MEDIUM,affected,,https://avd.aquasec.com/nvd/cve-2026-9545
ci-base;ci-go;ci-node;ci-playwright;ci-vite,trivy,debian,Debian,libcurl3t64-gnutls,8.14.1-2+deb13u5,CVE-2026-9547,LOW,affected,,https://avd.aquasec.com/nvd/cve-2026-9547
ci-base;ci-go;ci-node;ci-playwright;ci-vite,trivy,debian,Debian,libcurl4t64,8.14.1-2+deb13u5,CVE-2025-10966,LOW,affected,,https://avd.aquasec.com/nvd/cve-2025-10966
ci-base;ci-go;ci-node;ci-playwright;ci-vite,trivy,debian,Debian,libcurl4t64,8.14.1-2+deb13u5,CVE-2025-14017,LOW,affected,,https://avd.aquasec.com/nvd/cve-2025-14017
ci-base;ci-go;ci-node;ci-playwright;ci-vite,trivy,debian,Debian,libcurl4t64,8.14.1-2+deb13u5,CVE-2025-15079,LOW,affected,,https://avd.aquasec.com/nvd/cve-2025-15079
ci-base;ci-go;ci-node;ci-playwright;ci-vite,trivy,debian,Debian,libcurl4t64,8.14.1-2+deb13u5,CVE-2025-15224,LOW,affected,,https://avd.aquasec.com/nvd/cve-2025-15224
ci-base;ci-go;ci-node;ci-playwright;ci-vite,trivy,debian,Debian,libcurl4t64,8.14.1-2+deb13u5,CVE-2026-10536,MEDIUM,affected,,https://avd.aquasec.com/nvd/cve-2026-10536
ci-base;ci-go;ci-node;ci-playwright;ci-vite,trivy,debian,Debian,libcurl4t64,8.14.1-2+deb13u5,CVE-2026-11856,MEDIUM,affected,,https://avd.aquasec.com/nvd/cve-2026-11856
ci-base;ci-go;ci-node;ci-playwright;ci-vite,trivy,debian,Debian,libcurl4t64,8.14.1-2+deb13u5,CVE-2026-12064,HIGH,affected,,https://avd.aquasec.com/nvd/cve-2026-12064
ci-base;ci-go;ci-node;ci-playwright;ci-vite,trivy,debian,Debian,libcurl4t64,8.14.1-2+deb13u5,CVE-2026-13608,LOW,affected,,https://avd.aquasec.com/nvd/cve-2026-13608
ci-base;ci-go;ci-node;ci-playwright;ci-vite,trivy,debian,Debian,libcurl4t64,8.14.1-2+deb13u5,CVE-2026-18924,LOW,affected,,https://avd.aquasec.com/nvd/cve-2026-18924
ci-base;ci-go;ci-node;ci-playwright;ci-vite,trivy,debian,Debian,libcurl4t64,8.14.1-2+deb13u5,CVE-2026-19931,MEDIUM,affected,,https://avd.aquasec.com/nvd/cve-2026-19931
ci-base;ci-go;ci-node;ci-playwright;ci-vite,trivy,debian,Debian,libcurl4t64,8.14.1-2+deb13u5,CVE-2026-80229,MEDIUM,affected,,https://avd.aquasec.com/nvd/cve-2026-80229
ci-base;ci-go;ci-node;ci-playwright;ci-vite,trivy,debian,Debian,libcurl4t64,8.14.1-2+deb13u5,CVE-2026-80230,LOW,affected,,https://avd.aquasec.com/nvd/cve-2026-80230
ci-base;ci-go;ci-node;ci-playwright;ci-vite,trivy,debian,Debian,libcurl4t64,8.14.1-2+deb13u5,CVE-2026-80255,LOW,affected,,https://avd.aquasec.com/nvd/cve-2026-80255
ci-base;ci-go;ci-node;ci-playwright;ci-vite,trivy,debian,Debian,libcurl4t64,8.14.1-2+deb13u5,CVE-2026-82208,LOW,affected,,https://avd.aquasec.com/nvd/cve-2026-82208
ci-base;ci-go;ci-node;ci-playwright;ci-vite,trivy,debian,Debian,libcurl4t64,8.14.1-2+deb13u5,CVE-2026-82209,LOW,affected,,https://avd.aquasec.com/nvd/cve-2026-82209
ci-base;ci-go;ci-node;ci-playwright;ci-vite,trivy,debian,Debian,libcurl4t64,8.14.1-2+deb13u5,CVE-2026-8286,HIGH,affected,,https://avd.aquasec.com/nvd/cve-2026-8286
ci-base;ci-go;ci-node;ci-playwright;ci-vite,trivy,debian,Debian,libcurl4t64,8.14.1-2+deb13u5,CVE-2026-8458,HIGH,affected,,https://avd.aquasec.com/nvd/cve-2026-8458
ci-base;ci-go;ci-node;ci-playwright;ci-vite,trivy,debian,Debian,libcurl4t64,8.14.1-2+deb13u5,CVE-2026-8924,MEDIUM,affected,,https://avd.aquasec.com/nvd/cve-2026-8924
ci-base;ci-go;ci-node;ci-playwright;ci-vite,trivy,debian,Debian,libcurl4t64,8.14.1-2+deb13u5,CVE-2026-8926,MEDIUM,affected,,https://avd.aquasec.com/nvd/cve-2026-8926
ci-base;ci-go;ci-node;ci-playwright;ci-vite,trivy,debian,Debian,libcurl4t64,8.14.1-2+deb13u5,CVE-2026-8927,HIGH,affected,,https://avd.aquasec.com/nvd/cve-2026-8927
ci-base;ci-go;ci-node;ci-playwright;ci-vite,trivy,debian,Debian,libcurl4t64,8.14.1-2+deb13u5,CVE-2026-8932,MEDIUM,affected,,https://avd.aquasec.com/nvd/cve-2026-8932
ci-base;ci-go;ci-node;ci-playwright;ci-vite,trivy,debian,Debian,libcurl4t64,8.14.1-2+deb13u5,CVE-2026-9079,MEDIUM,affected,,https://avd.aquasec.com/nvd/cve-2026-9079
ci-base;ci-go;ci-node;ci-playwright;ci-vite,trivy,debian,Debian,libcurl4t64,8.14.1-2+deb13u5,CVE-2026-9080,MEDIUM,affected,,https://avd.aquasec.com/nvd/cve-2026-9080
ci-base;ci-go;ci-node;ci-playwright;ci-vite,trivy,debian,Debian,libcurl4t64,8.14.1-2+deb13u5,CVE-2026-9545,MEDIUM,affected,,https://avd.aquasec.com/nvd/cve-2026-9545
ci-base;ci-go;ci-node;ci-playwright;ci-vite,trivy,debian,Debian,libcurl4t64,8.14.1-2+deb13u5,CVE-2026-9547,LOW,affected,,https://avd.aquasec.com/nvd/cve-2026-9547
ci-playwright,trivy,debian,Debian,libelf1t64,0.192-4,CVE-2024-25260,LOW,affected,,https://avd.aquasec.com/nvd/cve-2024-25260
ci-playwright,trivy,debian,Debian,libelf1t64,0.192-4,CVE-2025-1352,LOW,affected,,https://avd.aquasec.com/nvd/cve-2025-1352
ci-playwright,trivy,debian,Debian,libelf1t64,0.192-4,CVE-2025-1365,LOW,affected,,https://avd.aquasec.com/nvd/cve-2025-1365
ci-playwright,trivy,debian,Debian,libelf1t64,0.192-4,CVE-2025-1371,LOW,affected,,https://avd.aquasec.com/nvd/cve-2025-1371
ci-playwright,trivy,debian,Debian,libelf1t64,0.192-4,CVE-2025-1372,LOW,affected,,https://avd.aquasec.com/nvd/cve-2025-1372
ci-playwright,trivy,debian,Debian,libelf1t64,0.192-4,CVE-2025-1376,LOW,affected,,https://avd.aquasec.com/nvd/cve-2025-1376
ci-playwright,trivy,debian,Debian,libelf1t64,0.192-4,CVE-2025-1377,LOW,affected,,https://avd.aquasec.com/nvd/cve-2025-1377
ci-base;ci-go;ci-node;ci-playwright;ci-vite,trivy,debian,Debian,libexpat1,2.8.3-1~deb13u1,CVE-2025-66382,MEDIUM,fix_deferred,,https://avd.aquasec.com/nvd/cve-2025-66382
ci-base;ci-go;ci-node;ci-playwright;ci-vite,trivy,debian,Debian,libexpat1,2.8.3-1~deb13u1,CVE-2026-102633,MEDIUM,affected,,https://avd.aquasec.com/nvd/cve-2026-102633
ci-base;ci-go;ci-node;ci-playwright;ci-vite,trivy,debian,Debian,libexpat1,2.8.3-1~deb13u1,CVE-2026-66046,HIGH,affected,,https://avd.aquasec.com/nvd/cve-2026-66046
ci-base;ci-go;ci-node;ci-playwright;ci-vite,trivy,debian,Debian,libexpat1,2.8.3-1~deb13u1,CVE-2026-76956,HIGH,affected,,https://avd.aquasec.com/nvd/cve-2026-76956
ci-base;ci-go;ci-node;ci-playwright;ci-vite,trivy,debian,Debian,libexpat1,2.8.3-1~deb13u1,CVE-2026-76957,HIGH,affected,,https://avd.aquasec.com/nvd/cve-2026-76957
ci-base;ci-go;ci-node;ci-playwright;ci-vite,trivy,debian,Debian,libexpat1,2.8.3-1~deb13u1,CVE-2026-77214,HIGH,affected,,https://avd.aquasec.com/nvd/cve-2026-77214
ci-base;ci-go;ci-node;ci-playwright;ci-vite,trivy,debian,Debian,libexpat1,2.8.3-1~deb13u1,CVE-2026-93990,HIGH,affected,,https://avd.aquasec.com/nvd/cve-2026-93990
ci-base;ci-go;ci-node;ci-playwright;ci-vite,trivy,debian,Debian,libfreetype6,2.13.3+dfsg-1+deb13u1,CVE-2026-95512,MEDIUM,affected,,https://avd.aquasec.com/nvd/cve-2026-95512
ci-playwright,trivy,debian,Debian,libgbm1,25.0.7-2+deb13u1,CVE-2023-45913,LOW,affected,,https://avd.aquasec.com/nvd/cve-2023-45913
ci-playwright,trivy,debian,Debian,libgbm1,25.0.7-2+deb13u1,CVE-2023-45919,LOW,affected,,https://avd.aquasec.com/nvd/cve-2023-45919
ci-playwright,trivy,debian,Debian,libgbm1,25.0.7-2+deb13u1,CVE-2023-45922,LOW,affected,,https://avd.aquasec.com/nvd/cve-2023-45922
ci-playwright,trivy,debian,Debian,libgbm1,25.0.7-2+deb13u1,CVE-2023-45931,LOW,affected,,https://avd.aquasec.com/nvd/cve-2023-45931
ci-go,trivy,debian,Debian,libgcc-14-dev,14.2.0-19,CVE-2026-102010,MEDIUM,affected,,https://avd.aquasec.com/nvd/cve-2026-102010
ci-go,trivy,debian,Debian,libgcc-14-dev,14.2.0-19,CVE-2026-95619,MEDIUM,affected,,https://avd.aquasec.com/nvd/cve-2026-95619
ci-base;ci-go;ci-node;ci-playwright;ci-postgres;ci-vite,trivy,debian,Debian,libgcc-s1,14.2.0-19,CVE-2026-102010,MEDIUM,affected,,https://avd.aquasec.com/nvd/cve-2026-102010
ci-base;ci-go;ci-node;ci-playwright;ci-postgres;ci-vite,trivy,debian,Debian,libgcc-s1,14.2.0-19,CVE-2026-95619,MEDIUM,affected,,https://avd.aquasec.com/nvd/cve-2026-95619
ci-postgres,trivy,debian,Debian,libgcrypt20,1.11.0-7+deb13u1,CVE-2018-6829,LOW,affected,,https://avd.aquasec.com/nvd/cve-2018-6829
ci-postgres,trivy,debian,Debian,libgcrypt20,1.11.0-7+deb13u1,CVE-2024-2236,LOW,affected,,https://avd.aquasec.com/nvd/cve-2024-2236
ci-playwright,trivy,debian,Debian,libgl1,1.7.0-1+b2,CVE-2023-45924,LOW,affected,,https://avd.aquasec.com/nvd/cve-2023-45924
ci-playwright,trivy,debian,Debian,libgl1-mesa-dri,25.0.7-2+deb13u1,CVE-2023-45913,LOW,affected,,https://avd.aquasec.com/nvd/cve-2023-45913
ci-playwright,trivy,debian,Debian,libgl1-mesa-dri,25.0.7-2+deb13u1,CVE-2023-45919,LOW,affected,,https://avd.aquasec.com/nvd/cve-2023-45919
ci-playwright,trivy,debian,Debian,libgl1-mesa-dri,25.0.7-2+deb13u1,CVE-2023-45922,LOW,affected,,https://avd.aquasec.com/nvd/cve-2023-45922
ci-playwright,trivy,debian,Debian,libgl1-mesa-dri,25.0.7-2+deb13u1,CVE-2023-45931,LOW,affected,,https://avd.aquasec.com/nvd/cve-2023-45931
ci-playwright,trivy,debian,Debian,libglib2.0-0t64,2.84.4-3~deb13u5,CVE-2012-0039,LOW,affected,,https://avd.aquasec.com/nvd/cve-2012-0039
ci-playwright,trivy,debian,Debian,libglib2.0-0t64,2.84.4-3~deb13u5,CVE-2026-86469,MEDIUM,affected,,https://avd.aquasec.com/nvd/cve-2026-86469
ci-playwright,trivy,debian,Debian,libglvnd0,1.7.0-1+b2,CVE-2023-45924,LOW,affected,,https://avd.aquasec.com/nvd/cve-2023-45924
ci-playwright,trivy,debian,Debian,libglx-mesa0,25.0.7-2+deb13u1,CVE-2023-45913,LOW,affected,,https://avd.aquasec.com/nvd/cve-2023-45913
ci-playwright,trivy,debian,Debian,libglx-mesa0,25.0.7-2+deb13u1,CVE-2023-45919,LOW,affected,,https://avd.aquasec.com/nvd/cve-2023-45919
ci-playwright,trivy,debian,Debian,libglx-mesa0,25.0.7-2+deb13u1,CVE-2023-45922,LOW,affected,,https://avd.aquasec.com/nvd/cve-2023-45922
ci-playwright,trivy,debian,Debian,libglx-mesa0,25.0.7-2+deb13u1,CVE-2023-45931,LOW,affected,,https://avd.aquasec.com/nvd/cve-2023-45931
ci-playwright,trivy,debian,Debian,libglx0,1.7.0-1+b2,CVE-2023-45924,LOW,affected,,https://avd.aquasec.com/nvd/cve-2023-45924
ci-base;ci-go;ci-node;ci-playwright;ci-postgres;ci-vite,trivy,debian,Debian,libgnutls30t64,3.8.9-3+deb13u4,CVE-2011-3389,LOW,affected,,https://avd.aquasec.com/nvd/cve-2011-3389
ci-go,trivy,debian,Debian,libgomp1,14.2.0-19,CVE-2026-102010,MEDIUM,affected,,https://avd.aquasec.com/nvd/cve-2026-102010
ci-go,trivy,debian,Debian,libgomp1,14.2.0-19,CVE-2026-95619,MEDIUM,affected,,https://avd.aquasec.com/nvd/cve-2026-95619
ci-go,trivy,debian,Debian,libgprofng0,2.44-3,CVE-2017-13716,LOW,affected,,https://avd.aquasec.com/nvd/cve-2017-13716
ci-go,trivy,debian,Debian,libgprofng0,2.44-3,CVE-2018-20673,LOW,affected,,https://avd.aquasec.com/nvd/cve-2018-20673
ci-go,trivy,debian,Debian,libgprofng0,2.44-3,CVE-2018-20712,LOW,affected,,https://avd.aquasec.com/nvd/cve-2018-20712
ci-go,trivy,debian,Debian,libgprofng0,2.44-3,CVE-2018-9996,LOW,affected,,https://avd.aquasec.com/nvd/cve-2018-9996
ci-go,trivy,debian,Debian,libgprofng0,2.44-3,CVE-2021-32256,LOW,affected,,https://avd.aquasec.com/nvd/cve-2021-32256
ci-go,trivy,debian,Debian,libgprofng0,2.44-3,CVE-2025-11081,LOW,affected,,https://avd.aquasec.com/nvd/cve-2025-11081
ci-go,trivy,debian,Debian,libgprofng0,2.44-3,CVE-2025-11082,LOW,affected,,https://avd.aquasec.com/nvd/cve-2025-11082
ci-go,trivy,debian,Debian,libgprofng0,2.44-3,CVE-2025-11083,LOW,affected,,https://avd.aquasec.com/nvd/cve-2025-11083
ci-go,trivy,debian,Debian,libgprofng0,2.44-3,CVE-2025-11412,LOW,affected,,https://avd.aquasec.com/nvd/cve-2025-11412
ci-go,trivy,debian,Debian,libgprofng0,2.44-3,CVE-2025-11413,LOW,affected,,https://avd.aquasec.com/nvd/cve-2025-11413
ci-go,trivy,debian,Debian,libgprofng0,2.44-3,CVE-2025-11414,LOW,affected,,https://avd.aquasec.com/nvd/cve-2025-11414
ci-go,trivy,debian,Debian,libgprofng0,2.44-3,CVE-2025-1147,LOW,affected,,https://avd.aquasec.com/nvd/cve-2025-1147
ci-go,trivy,debian,Debian,libgprofng0,2.44-3,CVE-2025-1148,LOW,affected,,https://avd.aquasec.com/nvd/cve-2025-1148
ci-go,trivy,debian,Debian,libgprofng0,2.44-3,CVE-2025-1149,LOW,affected,,https://avd.aquasec.com/nvd/cve-2025-1149
ci-go,trivy,debian,Debian,libgprofng0,2.44-3,CVE-2025-11494,LOW,affected,,https://avd.aquasec.com/nvd/cve-2025-11494
ci-go,trivy,debian,Debian,libgprofng0,2.44-3,CVE-2025-11495,LOW,affected,,https://avd.aquasec.com/nvd/cve-2025-11495
ci-go,trivy,debian,Debian,libgprofng0,2.44-3,CVE-2025-1150,LOW,affected,,https://avd.aquasec.com/nvd/cve-2025-1150
ci-go,trivy,debian,Debian,libgprofng0,2.44-3,CVE-2025-1151,LOW,affected,,https://avd.aquasec.com/nvd/cve-2025-1151
ci-go,trivy,debian,Debian,libgprofng0,2.44-3,CVE-2025-1152,LOW,affected,,https://avd.aquasec.com/nvd/cve-2025-1152
ci-go,trivy,debian,Debian,libgprofng0,2.44-3,CVE-2025-1153,LOW,affected,,https://avd.aquasec.com/nvd/cve-2025-1153
ci-go,trivy,debian,Debian,libgprofng0,2.44-3,CVE-2025-1176,LOW,affected,,https://avd.aquasec.com/nvd/cve-2025-1176
ci-go,trivy,debian,Debian,libgprofng0,2.44-3,CVE-2025-1178,LOW,affected,,https://avd.aquasec.com/nvd/cve-2025-1178
ci-go,trivy,debian,Debian,libgprofng0,2.44-3,CVE-2025-1180,LOW,affected,,https://avd.aquasec.com/nvd/cve-2025-1180
ci-go,trivy,debian,Debian,libgprofng0,2.44-3,CVE-2025-1181,LOW,affected,,https://avd.aquasec.com/nvd/cve-2025-1181
ci-go,trivy,debian,Debian,libgprofng0,2.44-3,CVE-2025-1182,LOW,affected,,https://avd.aquasec.com/nvd/cve-2025-1182
ci-go,trivy,debian,Debian,libgprofng0,2.44-3,CVE-2025-11839,LOW,affected,,https://avd.aquasec.com/nvd/cve-2025-11839
ci-go,trivy,debian,Debian,libgprofng0,2.44-3,CVE-2025-11840,LOW,affected,,https://avd.aquasec.com/nvd/cve-2025-11840
ci-go,trivy,debian,Debian,libgprofng0,2.44-3,CVE-2025-3198,LOW,affected,,https://avd.aquasec.com/nvd/cve-2025-3198
ci-go,trivy,debian,Debian,libgprofng0,2.44-3,CVE-2025-5244,LOW,affected,,https://avd.aquasec.com/nvd/cve-2025-5244
ci-go,trivy,debian,Debian,libgprofng0,2.44-3,CVE-2025-5245,LOW,affected,,https://avd.aquasec.com/nvd/cve-2025-5245
ci-go,trivy,debian,Debian,libgprofng0,2.44-3,CVE-2025-66861,LOW,affected,,https://avd.aquasec.com/nvd/cve-2025-66861
ci-go,trivy,debian,Debian,libgprofng0,2.44-3,CVE-2025-66862,LOW,affected,,https://avd.aquasec.com/nvd/cve-2025-66862
ci-go,trivy,debian,Debian,libgprofng0,2.44-3,CVE-2025-66863,LOW,affected,,https://avd.aquasec.com/nvd/cve-2025-66863
ci-go,trivy,debian,Debian,libgprofng0,2.44-3,CVE-2025-66864,LOW,affected,,https://avd.aquasec.com/nvd/cve-2025-66864
ci-go,trivy,debian,Debian,libgprofng0,2.44-3,CVE-2025-66865,LOW,affected,,https://avd.aquasec.com/nvd/cve-2025-66865
ci-go,trivy,debian,Debian,libgprofng0,2.44-3,CVE-2025-66866,LOW,affected,,https://avd.aquasec.com/nvd/cve-2025-66866
ci-go,trivy,debian,Debian,libgprofng0,2.44-3,CVE-2025-69644,LOW,affected,,https://avd.aquasec.com/nvd/cve-2025-69644
ci-go,trivy,debian,Debian,libgprofng0,2.44-3,CVE-2025-69645,LOW,affected,,https://avd.aquasec.com/nvd/cve-2025-69645
ci-go,trivy,debian,Debian,libgprofng0,2.44-3,CVE-2025-69646,LOW,affected,,https://avd.aquasec.com/nvd/cve-2025-69646
ci-go,trivy,debian,Debian,libgprofng0,2.44-3,CVE-2025-69647,LOW,affected,,https://avd.aquasec.com/nvd/cve-2025-69647
ci-go,trivy,debian,Debian,libgprofng0,2.44-3,CVE-2025-69648,LOW,affected,,https://avd.aquasec.com/nvd/cve-2025-69648
ci-go,trivy,debian,Debian,libgprofng0,2.44-3,CVE-2025-69649,LOW,affected,,https://avd.aquasec.com/nvd/cve-2025-69649
ci-go,trivy,debian,Debian,libgprofng0,2.44-3,CVE-2025-69650,LOW,affected,,https://avd.aquasec.com/nvd/cve-2025-69650
ci-go,trivy,debian,Debian,libgprofng0,2.44-3,CVE-2025-69651,LOW,affected,,https://avd.aquasec.com/nvd/cve-2025-69651
ci-go,trivy,debian,Debian,libgprofng0,2.44-3,CVE-2025-69652,LOW,affected,,https://avd.aquasec.com/nvd/cve-2025-69652
ci-go,trivy,debian,Debian,libgprofng0,2.44-3,CVE-2025-7545,LOW,affected,,https://avd.aquasec.com/nvd/cve-2025-7545
ci-go,trivy,debian,Debian,libgprofng0,2.44-3,CVE-2025-7546,LOW,affected,,https://avd.aquasec.com/nvd/cve-2025-7546
ci-go,trivy,debian,Debian,libgprofng0,2.44-3,CVE-2025-8225,LOW,affected,,https://avd.aquasec.com/nvd/cve-2025-8225
ci-go,trivy,debian,Debian,libgprofng0,2.44-3,CVE-2026-15003,LOW,affected,,https://avd.aquasec.com/nvd/cve-2026-15003
ci-go,trivy,debian,Debian,libgprofng0,2.44-3,CVE-2026-18220,LOW,affected,,https://avd.aquasec.com/nvd/cve-2026-18220
ci-go,trivy,debian,Debian,libgprofng0,2.44-3,CVE-2026-19548,LOW,affected,,https://avd.aquasec.com/nvd/cve-2026-19548
ci-go,trivy,debian,Debian,libgprofng0,2.44-3,CVE-2026-3441,LOW,affected,,https://avd.aquasec.com/nvd/cve-2026-3441
ci-go,trivy,debian,Debian,libgprofng0,2.44-3,CVE-2026-3442,LOW,affected,,https://avd.aquasec.com/nvd/cve-2026-3442
ci-go,trivy,debian,Debian,libgprofng0,2.44-3,CVE-2026-4647,LOW,affected,,https://avd.aquasec.com/nvd/cve-2026-4647
ci-go,trivy,debian,Debian,libgprofng0,2.44-3,CVE-2026-6844,LOW,affected,,https://avd.aquasec.com/nvd/cve-2026-6844
ci-go,trivy,debian,Debian,libgprofng0,2.44-3,CVE-2026-6845,LOW,affected,,https://avd.aquasec.com/nvd/cve-2026-6845
ci-go,trivy,debian,Debian,libgprofng0,2.44-3,CVE-2026-6846,LOW,affected,,https://avd.aquasec.com/nvd/cve-2026-6846
ci-go,trivy,debian,Debian,libgprofng0,2.44-3,CVE-2026-90801,LOW,affected,,https://avd.aquasec.com/nvd/cve-2026-90801
ci-go,trivy,debian,Debian,libgprofng0,2.44-3,CVE-2026-90802,LOW,affected,,https://avd.aquasec.com/nvd/cve-2026-90802
ci-go,trivy,debian,Debian,libgprofng0,2.44-3,CVE-2026-90803,LOW,affected,,https://avd.aquasec.com/nvd/cve-2026-90803
ci-go,trivy,debian,Debian,libgprofng0,2.44-3,CVE-2026-90804,LOW,affected,,https://avd.aquasec.com/nvd/cve-2026-90804
ci-go,trivy,debian,Debian,libgprofng0,2.44-3,CVE-2026-90828,LOW,affected,,https://avd.aquasec.com/nvd/cve-2026-90828
ci-go,trivy,debian,Debian,libgprofng0,2.44-3,CVE-2026-90829,LOW,affected,,https://avd.aquasec.com/nvd/cve-2026-90829
ci-go,trivy,debian,Debian,libgprofng0,2.44-3,CVE-2026-90830,LOW,affected,,https://avd.aquasec.com/nvd/cve-2026-90830
ci-go,trivy,debian,Debian,libgprofng0,2.44-3,CVE-2026-90831,LOW,affected,,https://avd.aquasec.com/nvd/cve-2026-90831
ci-go,trivy,debian,Debian,libgprofng0,2.44-3,CVE-2026-91779,LOW,affected,,https://avd.aquasec.com/nvd/cve-2026-91779
ci-go,trivy,debian,Debian,libgprofng0,2.44-3,CVE-2026-91780,LOW,affected,,https://avd.aquasec.com/nvd/cve-2026-91780
ci-go,trivy,debian,Debian,libgprofng0,2.44-3,CVE-2026-91781,LOW,affected,,https://avd.aquasec.com/nvd/cve-2026-91781
ci-go,trivy,debian,Debian,libgprofng0,2.44-3,CVE-2026-91782,LOW,affected,,https://avd.aquasec.com/nvd/cve-2026-91782
ci-base;ci-go;ci-node;ci-playwright;ci-postgres;ci-vite,trivy,debian,Debian,libgssapi-krb5-2,1.21.3-5+deb13u1,CVE-2018-5709,LOW,affected,,https://avd.aquasec.com/nvd/cve-2018-5709
ci-base;ci-go;ci-node;ci-playwright;ci-postgres;ci-vite,trivy,debian,Debian,libgssapi-krb5-2,1.21.3-5+deb13u1,CVE-2024-26458,LOW,affected,,https://avd.aquasec.com/nvd/cve-2024-26458
ci-base;ci-go;ci-node;ci-playwright;ci-postgres;ci-vite,trivy,debian,Debian,libgssapi-krb5-2,1.21.3-5+deb13u1,CVE-2024-26461,LOW,affected,,https://avd.aquasec.com/nvd/cve-2024-26461
ci-base;ci-go;ci-node;ci-playwright;ci-postgres;ci-vite,trivy,debian,Debian,libgssapi-krb5-2,1.21.3-5+deb13u1,CVE-2026-11850,LOW,affected,,https://avd.aquasec.com/nvd/cve-2026-11850
ci-go,trivy,debian,Debian,libhwasan0,14.2.0-19,CVE-2026-102010,MEDIUM,affected,,https://avd.aquasec.com/nvd/cve-2026-102010
ci-go,trivy,debian,Debian,libhwasan0,14.2.0-19,CVE-2026-95619,MEDIUM,affected,,https://avd.aquasec.com/nvd/cve-2026-95619
ci-go,trivy,debian,Debian,libitm1,14.2.0-19,CVE-2026-102010,MEDIUM,affected,,https://avd.aquasec.com/nvd/cve-2026-102010
ci-go,trivy,debian,Debian,libitm1,14.2.0-19,CVE-2026-95619,MEDIUM,affected,,https://avd.aquasec.com/nvd/cve-2026-95619
ci-base;ci-go;ci-node;ci-playwright;ci-postgres;ci-vite,trivy,debian,Debian,libk5crypto3,1.21.3-5+deb13u1,CVE-2018-5709,LOW,affected,,https://avd.aquasec.com/nvd/cve-2018-5709
ci-base;ci-go;ci-node;ci-playwright;ci-postgres;ci-vite,trivy,debian,Debian,libk5crypto3,1.21.3-5+deb13u1,CVE-2024-26458,LOW,affected,,https://avd.aquasec.com/nvd/cve-2024-26458
ci-base;ci-go;ci-node;ci-playwright;ci-postgres;ci-vite,trivy,debian,Debian,libk5crypto3,1.21.3-5+deb13u1,CVE-2024-26461,LOW,affected,,https://avd.aquasec.com/nvd/cve-2024-26461
ci-base;ci-go;ci-node;ci-playwright;ci-postgres;ci-vite,trivy,debian,Debian,libk5crypto3,1.21.3-5+deb13u1,CVE-2026-11850,LOW,affected,,https://avd.aquasec.com/nvd/cve-2026-11850
ci-base;ci-go;ci-node;ci-playwright;ci-postgres;ci-vite,trivy,debian,Debian,libkrb5-3,1.21.3-5+deb13u1,CVE-2018-5709,LOW,affected,,https://avd.aquasec.com/nvd/cve-2018-5709
ci-base;ci-go;ci-node;ci-playwright;ci-postgres;ci-vite,trivy,debian,Debian,libkrb5-3,1.21.3-5+deb13u1,CVE-2024-26458,LOW,affected,,https://avd.aquasec.com/nvd/cve-2024-26458
ci-base;ci-go;ci-node;ci-playwright;ci-postgres;ci-vite,trivy,debian,Debian,libkrb5-3,1.21.3-5+deb13u1,CVE-2024-26461,LOW,affected,,https://avd.aquasec.com/nvd/cve-2024-26461
ci-base;ci-go;ci-node;ci-playwright;ci-postgres;ci-vite,trivy,debian,Debian,libkrb5-3,1.21.3-5+deb13u1,CVE-2026-11850,LOW,affected,,https://avd.aquasec.com/nvd/cve-2026-11850
ci-base;ci-go;ci-node;ci-playwright;ci-postgres;ci-vite,trivy,debian,Debian,libkrb5support0,1.21.3-5+deb13u1,CVE-2018-5709,LOW,affected,,https://avd.aquasec.com/nvd/cve-2018-5709
ci-base;ci-go;ci-node;ci-playwright;ci-postgres;ci-vite,trivy,debian,Debian,libkrb5support0,1.21.3-5+deb13u1,CVE-2024-26458,LOW,affected,,https://avd.aquasec.com/nvd/cve-2024-26458
ci-base;ci-go;ci-node;ci-playwright;ci-postgres;ci-vite,trivy,debian,Debian,libkrb5support0,1.21.3-5+deb13u1,CVE-2024-26461,LOW,affected,,https://avd.aquasec.com/nvd/cve-2024-26461
ci-base;ci-go;ci-node;ci-playwright;ci-postgres;ci-vite,trivy,debian,Debian,libkrb5support0,1.21.3-5+deb13u1,CVE-2026-11850,LOW,affected,,https://avd.aquasec.com/nvd/cve-2026-11850
ci-base;ci-go;ci-node;ci-playwright;ci-postgres;ci-vite,trivy,debian,Debian,liblastlog2-2,2.41.5-0+deb13u1,CVE-2022-0563,LOW,affected,,https://avd.aquasec.com/nvd/cve-2022-0563
ci-base;ci-go;ci-node;ci-playwright;ci-postgres;ci-vite,trivy,debian,Debian,liblastlog2-2,2.41.5-0+deb13u1,CVE-2026-3184,MEDIUM,affected,,https://avd.aquasec.com/nvd/cve-2026-3184
ci-base;ci-go;ci-node;ci-playwright;ci-postgres;ci-vite,trivy,debian,Debian,liblastlog2-2,2.41.5-0+deb13u1,CVE-2026-76642,HIGH,affected,,https://avd.aquasec.com/nvd/cve-2026-76642
ci-base;ci-go;ci-node;ci-playwright;ci-postgres;ci-vite,trivy,debian,Debian,liblastlog2-2,2.41.5-0+deb13u1,CVE-2026-78408,HIGH,affected,,https://avd.aquasec.com/nvd/cve-2026-78408
ci-base;ci-go;ci-node;ci-playwright;ci-postgres;ci-vite,trivy,debian,Debian,liblastlog2-2,2.41.5-0+deb13u1,CVE-2026-78409,HIGH,affected,,https://avd.aquasec.com/nvd/cve-2026-78409
ci-base;ci-go;ci-node;ci-playwright;ci-postgres;ci-vite,trivy,debian,Debian,liblastlog2-2,2.41.5-0+deb13u1,CVE-2026-78410,HIGH,affected,,https://avd.aquasec.com/nvd/cve-2026-78410
ci-base;ci-go;ci-node;ci-playwright;ci-postgres;ci-vite,trivy,debian,Debian,libldap2,2.6.10+dfsg-1,CVE-2015-3276,LOW,affected,,https://avd.aquasec.com/nvd/cve-2015-3276
ci-base;ci-go;ci-node;ci-playwright;ci-postgres;ci-vite,trivy,debian,Debian,libldap2,2.6.10+dfsg-1,CVE-2017-14159,LOW,affected,,https://avd.aquasec.com/nvd/cve-2017-14159
ci-base;ci-go;ci-node;ci-playwright;ci-postgres;ci-vite,trivy,debian,Debian,libldap2,2.6.10+dfsg-1,CVE-2017-17740,LOW,affected,,https://avd.aquasec.com/nvd/cve-2017-17740
ci-base;ci-go;ci-node;ci-playwright;ci-postgres;ci-vite,trivy,debian,Debian,libldap2,2.6.10+dfsg-1,CVE-2020-15719,LOW,affected,,https://avd.aquasec.com/nvd/cve-2020-15719
ci-base;ci-go;ci-node;ci-playwright;ci-postgres;ci-vite,trivy,debian,Debian,libldap2,2.6.10+dfsg-1,CVE-2026-22185,LOW,affected,,https://avd.aquasec.com/nvd/cve-2026-22185
ci-playwright;ci-postgres,trivy,debian,Debian,libllvm19,1:19.1.7-3+b1,CVE-2024-7883,LOW,will_not_fix,,https://avd.aquasec.com/nvd/cve-2024-7883
ci-playwright;ci-postgres,trivy,debian,Debian,libllvm19,1:19.1.7-3+b1,CVE-2026-13573,LOW,affected,,https://avd.aquasec.com/nvd/cve-2026-13573
ci-playwright;ci-postgres,trivy,debian,Debian,libllvm19,1:19.1.7-3+b1,CVE-2026-13574,LOW,affected,,https://avd.aquasec.com/nvd/cve-2026-13574
ci-go,trivy,debian,Debian,liblsan0,14.2.0-19,CVE-2026-102010,MEDIUM,affected,,https://avd.aquasec.com/nvd/cve-2026-102010
ci-go,trivy,debian,Debian,liblsan0,14.2.0-19,CVE-2026-95619,MEDIUM,affected,,https://avd.aquasec.com/nvd/cve-2026-95619
ci-base;ci-go;ci-node;ci-playwright;ci-postgres;ci-vite,trivy,debian,Debian,libmount1,2.41.5-0+deb13u1,CVE-2022-0563,LOW,affected,,https://avd.aquasec.com/nvd/cve-2022-0563
ci-base;ci-go;ci-node;ci-playwright;ci-postgres;ci-vite,trivy,debian,Debian,libmount1,2.41.5-0+deb13u1,CVE-2026-3184,MEDIUM,affected,,https://avd.aquasec.com/nvd/cve-2026-3184
ci-base;ci-go;ci-node;ci-playwright;ci-postgres;ci-vite,trivy,debian,Debian,libmount1,2.41.5-0+deb13u1,CVE-2026-76642,HIGH,affected,,https://avd.aquasec.com/nvd/cve-2026-76642
ci-base;ci-go;ci-node;ci-playwright;ci-postgres;ci-vite,trivy,debian,Debian,libmount1,2.41.5-0+deb13u1,CVE-2026-78408,HIGH,affected,,https://avd.aquasec.com/nvd/cve-2026-78408
ci-base;ci-go;ci-node;ci-playwright;ci-postgres;ci-vite,trivy,debian,Debian,libmount1,2.41.5-0+deb13u1,CVE-2026-78409,HIGH,affected,,https://avd.aquasec.com/nvd/cve-2026-78409
ci-base;ci-go;ci-node;ci-playwright;ci-postgres;ci-vite,trivy,debian,Debian,libmount1,2.41.5-0+deb13u1,CVE-2026-78410,HIGH,affected,,https://avd.aquasec.com/nvd/cve-2026-78410
ci-base;ci-go;ci-node;ci-playwright;ci-postgres;ci-vite,trivy,debian,Debian,libncursesw6,6.5+20250216-2,CVE-2025-6141,LOW,affected,,https://avd.aquasec.com/nvd/cve-2025-6141
ci-base;ci-go;ci-node;ci-playwright;ci-postgres;ci-vite,trivy,debian,Debian,libncursesw6,6.5+20250216-2,CVE-2025-69720,HIGH,affected,,https://avd.aquasec.com/nvd/cve-2025-69720
ci-base;ci-go;ci-node;ci-playwright;ci-vite,trivy,debian,Debian,libnghttp2-14,1.64.0-1.1+deb13u1,CVE-2026-58055,MEDIUM,affected,,https://avd.aquasec.com/nvd/cve-2026-58055
ci-playwright,trivy,debian,Debian,libnss3,2:3.110-1+deb13u4,CVE-2017-11695,LOW,affected,,https://avd.aquasec.com/nvd/cve-2017-11695
ci-playwright,trivy,debian,Debian,libnss3,2:3.110-1+deb13u4,CVE-2017-11696,LOW,affected,,https://avd.aquasec.com/nvd/cve-2017-11696
ci-playwright,trivy,debian,Debian,libnss3,2:3.110-1+deb13u4,CVE-2017-11697,LOW,affected,,https://avd.aquasec.com/nvd/cve-2017-11697
ci-playwright,trivy,debian,Debian,libnss3,2:3.110-1+deb13u4,CVE-2017-11698,LOW,affected,,https://avd.aquasec.com/nvd/cve-2017-11698
ci-base;ci-go;ci-node;ci-playwright;ci-postgres;ci-vite,trivy,debian,Debian,libp11-kit0,0.25.5-3,CVE-2026-13757,MEDIUM,affected,,https://avd.aquasec.com/nvd/cve-2026-13757
ci-base;ci-go;ci-node;ci-playwright;ci-postgres;ci-vite,trivy,debian,Debian,libp11-kit0,0.25.5-3,CVE-2026-18938,MEDIUM,affected,,https://avd.aquasec.com/nvd/cve-2026-18938
ci-base;ci-go;ci-node;ci-playwright;ci-postgres;ci-vite,trivy,debian,Debian,libpam-modules,1.7.0-5,CVE-2026-54411,MEDIUM,affected,,https://avd.aquasec.com/nvd/cve-2026-54411
ci-base;ci-go;ci-node;ci-playwright;ci-postgres;ci-vite,trivy,debian,Debian,libpam-modules-bin,1.7.0-5,CVE-2026-54411,MEDIUM,affected,,https://avd.aquasec.com/nvd/cve-2026-54411
ci-base;ci-go;ci-node;ci-playwright;ci-postgres;ci-vite,trivy,debian,Debian,libpam-runtime,1.7.0-5,CVE-2026-54411,MEDIUM,affected,,https://avd.aquasec.com/nvd/cve-2026-54411
ci-base;ci-go;ci-node;ci-playwright;ci-postgres;ci-vite,trivy,debian,Debian,libpam0g,1.7.0-5,CVE-2026-54411,MEDIUM,affected,,https://avd.aquasec.com/nvd/cve-2026-54411
ci-base;ci-go;ci-node;ci-playwright;ci-postgres;ci-vite,trivy,debian,Debian,libperl5.40,5.40.1-6+deb13u1,CVE-2011-4116,LOW,affected,,https://avd.aquasec.com/nvd/cve-2011-4116
ci-base;ci-go;ci-node;ci-playwright;ci-postgres;ci-vite,trivy,debian,Debian,libperl5.40,5.40.1-6+deb13u1,CVE-2026-15534,MEDIUM,fix_deferred,,https://avd.aquasec.com/nvd/cve-2026-15534
ci-base;ci-go;ci-node;ci-playwright;ci-postgres;ci-vite,trivy,debian,Debian,libperl5.40,5.40.1-6+deb13u1,CVE-2026-82560,UNKNOWN,affected,,https://avd.aquasec.com/nvd/cve-2026-82560
ci-base;ci-go;ci-node;ci-playwright;ci-postgres;ci-vite,trivy,debian,Debian,libperl5.40,5.40.1-6+deb13u1,CVE-2026-9538,HIGH,fix_deferred,,https://avd.aquasec.com/nvd/cve-2026-9538
ci-playwright,trivy,debian,Debian,libpixman-1-0,0.44.0-3,CVE-2023-37769,LOW,affected,,https://avd.aquasec.com/nvd/cve-2023-37769
ci-base;ci-go;ci-node;ci-playwright;ci-vite,trivy,debian,Debian,libpng16-16t64,1.6.48-1+deb13u6,CVE-2021-4214,LOW,affected,,https://avd.aquasec.com/nvd/cve-2021-4214
ci-base;ci-go;ci-node;ci-playwright;ci-vite,trivy,debian,Debian,libpng16-16t64,1.6.48-1+deb13u6,CVE-2026-3713,LOW,affected,,https://avd.aquasec.com/nvd/cve-2026-3713
ci-base;ci-go;ci-node;ci-playwright;ci-postgres;ci-vite,trivy,debian,Debian,libsasl2-2,2.1.28+dfsg1-9,CVE-2026-107161,MEDIUM,affected,,https://avd.aquasec.com/nvd/cve-2026-107161
ci-base;ci-go;ci-node;ci-playwright;ci-postgres;ci-vite,trivy,debian,Debian,libsasl2-modules-db,2.1.28+dfsg1-9,CVE-2026-107161,MEDIUM,affected,,https://avd.aquasec.com/nvd/cve-2026-107161
ci-go,trivy,debian,Debian,libsframe1,2.44-3,CVE-2017-13716,LOW,affected,,https://avd.aquasec.com/nvd/cve-2017-13716
ci-go,trivy,debian,Debian,libsframe1,2.44-3,CVE-2018-20673,LOW,affected,,https://avd.aquasec.com/nvd/cve-2018-20673
ci-go,trivy,debian,Debian,libsframe1,2.44-3,CVE-2018-20712,LOW,affected,,https://avd.aquasec.com/nvd/cve-2018-20712
ci-go,trivy,debian,Debian,libsframe1,2.44-3,CVE-2018-9996,LOW,affected,,https://avd.aquasec.com/nvd/cve-2018-9996
ci-go,trivy,debian,Debian,libsframe1,2.44-3,CVE-2021-32256,LOW,affected,,https://avd.aquasec.com/nvd/cve-2021-32256
ci-go,trivy,debian,Debian,libsframe1,2.44-3,CVE-2025-11081,LOW,affected,,https://avd.aquasec.com/nvd/cve-2025-11081
ci-go,trivy,debian,Debian,libsframe1,2.44-3,CVE-2025-11082,LOW,affected,,https://avd.aquasec.com/nvd/cve-2025-11082
ci-go,trivy,debian,Debian,libsframe1,2.44-3,CVE-2025-11083,LOW,affected,,https://avd.aquasec.com/nvd/cve-2025-11083
ci-go,trivy,debian,Debian,libsframe1,2.44-3,CVE-2025-11412,LOW,affected,,https://avd.aquasec.com/nvd/cve-2025-11412
ci-go,trivy,debian,Debian,libsframe1,2.44-3,CVE-2025-11413,LOW,affected,,https://avd.aquasec.com/nvd/cve-2025-11413
ci-go,trivy,debian,Debian,libsframe1,2.44-3,CVE-2025-11414,LOW,affected,,https://avd.aquasec.com/nvd/cve-2025-11414
ci-go,trivy,debian,Debian,libsframe1,2.44-3,CVE-2025-1147,LOW,affected,,https://avd.aquasec.com/nvd/cve-2025-1147
ci-go,trivy,debian,Debian,libsframe1,2.44-3,CVE-2025-1148,LOW,affected,,https://avd.aquasec.com/nvd/cve-2025-1148
ci-go,trivy,debian,Debian,libsframe1,2.44-3,CVE-2025-1149,LOW,affected,,https://avd.aquasec.com/nvd/cve-2025-1149
ci-go,trivy,debian,Debian,libsframe1,2.44-3,CVE-2025-11494,LOW,affected,,https://avd.aquasec.com/nvd/cve-2025-11494
ci-go,trivy,debian,Debian,libsframe1,2.44-3,CVE-2025-11495,LOW,affected,,https://avd.aquasec.com/nvd/cve-2025-11495
ci-go,trivy,debian,Debian,libsframe1,2.44-3,CVE-2025-1150,LOW,affected,,https://avd.aquasec.com/nvd/cve-2025-1150
ci-go,trivy,debian,Debian,libsframe1,2.44-3,CVE-2025-1151,LOW,affected,,https://avd.aquasec.com/nvd/cve-2025-1151
ci-go,trivy,debian,Debian,libsframe1,2.44-3,CVE-2025-1152,LOW,affected,,https://avd.aquasec.com/nvd/cve-2025-1152
ci-go,trivy,debian,Debian,libsframe1,2.44-3,CVE-2025-1153,LOW,affected,,https://avd.aquasec.com/nvd/cve-2025-1153
ci-go,trivy,debian,Debian,libsframe1,2.44-3,CVE-2025-1176,LOW,affected,,https://avd.aquasec.com/nvd/cve-2025-1176
ci-go,trivy,debian,Debian,libsframe1,2.44-3,CVE-2025-1178,LOW,affected,,https://avd.aquasec.com/nvd/cve-2025-1178
ci-go,trivy,debian,Debian,libsframe1,2.44-3,CVE-2025-1180,LOW,affected,,https://avd.aquasec.com/nvd/cve-2025-1180
ci-go,trivy,debian,Debian,libsframe1,2.44-3,CVE-2025-1181,LOW,affected,,https://avd.aquasec.com/nvd/cve-2025-1181
ci-go,trivy,debian,Debian,libsframe1,2.44-3,CVE-2025-1182,LOW,affected,,https://avd.aquasec.com/nvd/cve-2025-1182
ci-go,trivy,debian,Debian,libsframe1,2.44-3,CVE-2025-11839,LOW,affected,,https://avd.aquasec.com/nvd/cve-2025-11839
ci-go,trivy,debian,Debian,libsframe1,2.44-3,CVE-2025-11840,LOW,affected,,https://avd.aquasec.com/nvd/cve-2025-11840
ci-go,trivy,debian,Debian,libsframe1,2.44-3,CVE-2025-3198,LOW,affected,,https://avd.aquasec.com/nvd/cve-2025-3198
ci-go,trivy,debian,Debian,libsframe1,2.44-3,CVE-2025-5244,LOW,affected,,https://avd.aquasec.com/nvd/cve-2025-5244
ci-go,trivy,debian,Debian,libsframe1,2.44-3,CVE-2025-5245,LOW,affected,,https://avd.aquasec.com/nvd/cve-2025-5245
ci-go,trivy,debian,Debian,libsframe1,2.44-3,CVE-2025-66861,LOW,affected,,https://avd.aquasec.com/nvd/cve-2025-66861
ci-go,trivy,debian,Debian,libsframe1,2.44-3,CVE-2025-66862,LOW,affected,,https://avd.aquasec.com/nvd/cve-2025-66862
ci-go,trivy,debian,Debian,libsframe1,2.44-3,CVE-2025-66863,LOW,affected,,https://avd.aquasec.com/nvd/cve-2025-66863
ci-go,trivy,debian,Debian,libsframe1,2.44-3,CVE-2025-66864,LOW,affected,,https://avd.aquasec.com/nvd/cve-2025-66864
ci-go,trivy,debian,Debian,libsframe1,2.44-3,CVE-2025-66865,LOW,affected,,https://avd.aquasec.com/nvd/cve-2025-66865
ci-go,trivy,debian,Debian,libsframe1,2.44-3,CVE-2025-66866,LOW,affected,,https://avd.aquasec.com/nvd/cve-2025-66866
ci-go,trivy,debian,Debian,libsframe1,2.44-3,CVE-2025-69644,LOW,affected,,https://avd.aquasec.com/nvd/cve-2025-69644
ci-go,trivy,debian,Debian,libsframe1,2.44-3,CVE-2025-69645,LOW,affected,,https://avd.aquasec.com/nvd/cve-2025-69645
ci-go,trivy,debian,Debian,libsframe1,2.44-3,CVE-2025-69646,LOW,affected,,https://avd.aquasec.com/nvd/cve-2025-69646
ci-go,trivy,debian,Debian,libsframe1,2.44-3,CVE-2025-69647,LOW,affected,,https://avd.aquasec.com/nvd/cve-2025-69647
ci-go,trivy,debian,Debian,libsframe1,2.44-3,CVE-2025-69648,LOW,affected,,https://avd.aquasec.com/nvd/cve-2025-69648
ci-go,trivy,debian,Debian,libsframe1,2.44-3,CVE-2025-69649,LOW,affected,,https://avd.aquasec.com/nvd/cve-2025-69649
ci-go,trivy,debian,Debian,libsframe1,2.44-3,CVE-2025-69650,LOW,affected,,https://avd.aquasec.com/nvd/cve-2025-69650
ci-go,trivy,debian,Debian,libsframe1,2.44-3,CVE-2025-69651,LOW,affected,,https://avd.aquasec.com/nvd/cve-2025-69651
ci-go,trivy,debian,Debian,libsframe1,2.44-3,CVE-2025-69652,LOW,affected,,https://avd.aquasec.com/nvd/cve-2025-69652
ci-go,trivy,debian,Debian,libsframe1,2.44-3,CVE-2025-7545,LOW,affected,,https://avd.aquasec.com/nvd/cve-2025-7545
ci-go,trivy,debian,Debian,libsframe1,2.44-3,CVE-2025-7546,LOW,affected,,https://avd.aquasec.com/nvd/cve-2025-7546
ci-go,trivy,debian,Debian,libsframe1,2.44-3,CVE-2025-8225,LOW,affected,,https://avd.aquasec.com/nvd/cve-2025-8225
ci-go,trivy,debian,Debian,libsframe1,2.44-3,CVE-2026-15003,LOW,affected,,https://avd.aquasec.com/nvd/cve-2026-15003
ci-go,trivy,debian,Debian,libsframe1,2.44-3,CVE-2026-18220,LOW,affected,,https://avd.aquasec.com/nvd/cve-2026-18220
ci-go,trivy,debian,Debian,libsframe1,2.44-3,CVE-2026-19548,LOW,affected,,https://avd.aquasec.com/nvd/cve-2026-19548
ci-go,trivy,debian,Debian,libsframe1,2.44-3,CVE-2026-3441,LOW,affected,,https://avd.aquasec.com/nvd/cve-2026-3441
ci-go,trivy,debian,Debian,libsframe1,2.44-3,CVE-2026-3442,LOW,affected,,https://avd.aquasec.com/nvd/cve-2026-3442
ci-go,trivy,debian,Debian,libsframe1,2.44-3,CVE-2026-4647,LOW,affected,,https://avd.aquasec.com/nvd/cve-2026-4647
ci-go,trivy,debian,Debian,libsframe1,2.44-3,CVE-2026-6844,LOW,affected,,https://avd.aquasec.com/nvd/cve-2026-6844
ci-go,trivy,debian,Debian,libsframe1,2.44-3,CVE-2026-6845,LOW,affected,,https://avd.aquasec.com/nvd/cve-2026-6845
ci-go,trivy,debian,Debian,libsframe1,2.44-3,CVE-2026-6846,LOW,affected,,https://avd.aquasec.com/nvd/cve-2026-6846
ci-go,trivy,debian,Debian,libsframe1,2.44-3,CVE-2026-90801,LOW,affected,,https://avd.aquasec.com/nvd/cve-2026-90801
ci-go,trivy,debian,Debian,libsframe1,2.44-3,CVE-2026-90802,LOW,affected,,https://avd.aquasec.com/nvd/cve-2026-90802
ci-go,trivy,debian,Debian,libsframe1,2.44-3,CVE-2026-90803,LOW,affected,,https://avd.aquasec.com/nvd/cve-2026-90803
ci-go,trivy,debian,Debian,libsframe1,2.44-3,CVE-2026-90804,LOW,affected,,https://avd.aquasec.com/nvd/cve-2026-90804
ci-go,trivy,debian,Debian,libsframe1,2.44-3,CVE-2026-90828,LOW,affected,,https://avd.aquasec.com/nvd/cve-2026-90828
ci-go,trivy,debian,Debian,libsframe1,2.44-3,CVE-2026-90829,LOW,affected,,https://avd.aquasec.com/nvd/cve-2026-90829
ci-go,trivy,debian,Debian,libsframe1,2.44-3,CVE-2026-90830,LOW,affected,,https://avd.aquasec.com/nvd/cve-2026-90830
ci-go,trivy,debian,Debian,libsframe1,2.44-3,CVE-2026-90831,LOW,affected,,https://avd.aquasec.com/nvd/cve-2026-90831
ci-go,trivy,debian,Debian,libsframe1,2.44-3,CVE-2026-91779,LOW,affected,,https://avd.aquasec.com/nvd/cve-2026-91779
ci-go,trivy,debian,Debian,libsframe1,2.44-3,CVE-2026-91780,LOW,affected,,https://avd.aquasec.com/nvd/cve-2026-91780
ci-go,trivy,debian,Debian,libsframe1,2.44-3,CVE-2026-91781,LOW,affected,,https://avd.aquasec.com/nvd/cve-2026-91781
ci-go,trivy,debian,Debian,libsframe1,2.44-3,CVE-2026-91782,LOW,affected,,https://avd.aquasec.com/nvd/cve-2026-91782
ci-base;ci-go;ci-node;ci-playwright;ci-postgres;ci-vite,trivy,debian,Debian,libsmartcols1,2.41.5-0+deb13u1,CVE-2022-0563,LOW,affected,,https://avd.aquasec.com/nvd/cve-2022-0563
ci-base;ci-go;ci-node;ci-playwright;ci-postgres;ci-vite,trivy,debian,Debian,libsmartcols1,2.41.5-0+deb13u1,CVE-2026-3184,MEDIUM,affected,,https://avd.aquasec.com/nvd/cve-2026-3184
ci-base;ci-go;ci-node;ci-playwright;ci-postgres;ci-vite,trivy,debian,Debian,libsmartcols1,2.41.5-0+deb13u1,CVE-2026-76642,HIGH,affected,,https://avd.aquasec.com/nvd/cve-2026-76642
ci-base;ci-go;ci-node;ci-playwright;ci-postgres;ci-vite,trivy,debian,Debian,libsmartcols1,2.41.5-0+deb13u1,CVE-2026-78408,HIGH,affected,,https://avd.aquasec.com/nvd/cve-2026-78408
ci-base;ci-go;ci-node;ci-playwright;ci-postgres;ci-vite,trivy,debian,Debian,libsmartcols1,2.41.5-0+deb13u1,CVE-2026-78409,HIGH,affected,,https://avd.aquasec.com/nvd/cve-2026-78409
ci-base;ci-go;ci-node;ci-playwright;ci-postgres;ci-vite,trivy,debian,Debian,libsmartcols1,2.41.5-0+deb13u1,CVE-2026-78410,HIGH,affected,,https://avd.aquasec.com/nvd/cve-2026-78410
ci-base;ci-go;ci-node;ci-playwright;ci-postgres;ci-vite,trivy,debian,Debian,libsqlite3-0,3.46.1-7+deb13u2,CVE-2021-45346,LOW,affected,,https://avd.aquasec.com/nvd/cve-2021-45346
ci-base;ci-go;ci-node;ci-playwright;ci-postgres;ci-vite,trivy,debian,Debian,libsqlite3-0,3.46.1-7+deb13u2,CVE-2025-70873,LOW,affected,,https://avd.aquasec.com/nvd/cve-2025-70873
ci-base;ci-go;ci-node;ci-playwright;ci-postgres;ci-vite,trivy,debian,Debian,libsqlite3-0,3.46.1-7+deb13u2,CVE-2026-50812,MEDIUM,affected,,https://avd.aquasec.com/nvd/cve-2026-50812
ci-base;ci-go;ci-node;ci-playwright;ci-postgres;ci-vite,trivy,debian,Debian,libsqlite3-0,3.46.1-7+deb13u2,CVE-2026-50813,MEDIUM,affected,,https://avd.aquasec.com/nvd/cve-2026-50813
ci-go,trivy,debian,Debian,libstdc++-14-dev,14.2.0-19,CVE-2026-102010,MEDIUM,affected,,https://avd.aquasec.com/nvd/cve-2026-102010
ci-go,trivy,debian,Debian,libstdc++-14-dev,14.2.0-19,CVE-2026-95619,MEDIUM,affected,,https://avd.aquasec.com/nvd/cve-2026-95619
ci-base;ci-go;ci-node;ci-playwright;ci-postgres;ci-vite,trivy,debian,Debian,libstdc++6,14.2.0-19,CVE-2026-102010,MEDIUM,affected,,https://avd.aquasec.com/nvd/cve-2026-102010
ci-base;ci-go;ci-node;ci-playwright;ci-postgres;ci-vite,trivy,debian,Debian,libstdc++6,14.2.0-19,CVE-2026-95619,MEDIUM,affected,,https://avd.aquasec.com/nvd/cve-2026-95619
ci-base;ci-go;ci-node;ci-playwright;ci-postgres;ci-vite,trivy,debian,Debian,libsystemd0,257.13-1~deb13u1,CVE-2013-4392,LOW,affected,,https://avd.aquasec.com/nvd/cve-2013-4392
ci-base;ci-go;ci-node;ci-playwright;ci-postgres;ci-vite,trivy,debian,Debian,libsystemd0,257.13-1~deb13u1,CVE-2023-31437,LOW,affected,,https://avd.aquasec.com/nvd/cve-2023-31437
ci-base;ci-go;ci-node;ci-playwright;ci-postgres;ci-vite,trivy,debian,Debian,libsystemd0,257.13-1~deb13u1,CVE-2023-31438,LOW,affected,,https://avd.aquasec.com/nvd/cve-2023-31438
ci-base;ci-go;ci-node;ci-playwright;ci-postgres;ci-vite,trivy,debian,Debian,libsystemd0,257.13-1~deb13u1,CVE-2023-31439,LOW,affected,,https://avd.aquasec.com/nvd/cve-2023-31439
ci-base;ci-go;ci-node;ci-playwright;ci-postgres;ci-vite,trivy,debian,Debian,libsystemd0,257.13-1~deb13u1,CVE-2026-15059,MEDIUM,affected,,https://avd.aquasec.com/nvd/cve-2026-15059
ci-base;ci-go;ci-node;ci-playwright;ci-postgres;ci-vite,trivy,debian,Debian,libsystemd0,257.13-1~deb13u1,CVE-2026-16742,HIGH,affected,,https://avd.aquasec.com/nvd/cve-2026-16742
ci-base;ci-go;ci-node;ci-playwright;ci-postgres;ci-vite,trivy,debian,Debian,libsystemd0,257.13-1~deb13u1,CVE-2026-40228,LOW,affected,,https://avd.aquasec.com/nvd/cve-2026-40228
ci-base;ci-go;ci-node;ci-playwright;ci-vite,trivy,debian,Debian,libtcl8.6,8.6.16+dfsg-1,CVE-2021-35331,LOW,affected,,https://avd.aquasec.com/nvd/cve-2021-35331
ci-base;ci-go;ci-node;ci-playwright;ci-postgres;ci-vite,trivy,debian,Debian,libtinfo6,6.5+20250216-2,CVE-2025-6141,LOW,affected,,https://avd.aquasec.com/nvd/cve-2025-6141
ci-base;ci-go;ci-node;ci-playwright;ci-postgres;ci-vite,trivy,debian,Debian,libtinfo6,6.5+20250216-2,CVE-2025-69720,HIGH,affected,,https://avd.aquasec.com/nvd/cve-2025-69720
ci-go,trivy,debian,Debian,libtsan2,14.2.0-19,CVE-2026-102010,MEDIUM,affected,,https://avd.aquasec.com/nvd/cve-2026-102010
ci-go,trivy,debian,Debian,libtsan2,14.2.0-19,CVE-2026-95619,MEDIUM,affected,,https://avd.aquasec.com/nvd/cve-2026-95619
ci-go,trivy,debian,Debian,libubsan1,14.2.0-19,CVE-2026-102010,MEDIUM,affected,,https://avd.aquasec.com/nvd/cve-2026-102010
ci-go,trivy,debian,Debian,libubsan1,14.2.0-19,CVE-2026-95619,MEDIUM,affected,,https://avd.aquasec.com/nvd/cve-2026-95619
ci-base;ci-go;ci-node;ci-playwright;ci-postgres;ci-vite,trivy,debian,Debian,libudev1,257.13-1~deb13u1,CVE-2013-4392,LOW,affected,,https://avd.aquasec.com/nvd/cve-2013-4392
ci-base;ci-go;ci-node;ci-playwright;ci-postgres;ci-vite,trivy,debian,Debian,libudev1,257.13-1~deb13u1,CVE-2023-31437,LOW,affected,,https://avd.aquasec.com/nvd/cve-2023-31437
ci-base;ci-go;ci-node;ci-playwright;ci-postgres;ci-vite,trivy,debian,Debian,libudev1,257.13-1~deb13u1,CVE-2023-31438,LOW,affected,,https://avd.aquasec.com/nvd/cve-2023-31438
ci-base;ci-go;ci-node;ci-playwright;ci-postgres;ci-vite,trivy,debian,Debian,libudev1,257.13-1~deb13u1,CVE-2023-31439,LOW,affected,,https://avd.aquasec.com/nvd/cve-2023-31439
ci-base;ci-go;ci-node;ci-playwright;ci-postgres;ci-vite,trivy,debian,Debian,libudev1,257.13-1~deb13u1,CVE-2026-15059,MEDIUM,affected,,https://avd.aquasec.com/nvd/cve-2026-15059
ci-base;ci-go;ci-node;ci-playwright;ci-postgres;ci-vite,trivy,debian,Debian,libudev1,257.13-1~deb13u1,CVE-2026-16742,HIGH,affected,,https://avd.aquasec.com/nvd/cve-2026-16742
ci-base;ci-go;ci-node;ci-playwright;ci-postgres;ci-vite,trivy,debian,Debian,libudev1,257.13-1~deb13u1,CVE-2026-40228,LOW,affected,,https://avd.aquasec.com/nvd/cve-2026-40228
ci-base;ci-go;ci-node;ci-playwright;ci-postgres;ci-vite,trivy,debian,Debian,libuuid1,2.41.5-0+deb13u1,CVE-2022-0563,LOW,affected,,https://avd.aquasec.com/nvd/cve-2022-0563
ci-base;ci-go;ci-node;ci-playwright;ci-postgres;ci-vite,trivy,debian,Debian,libuuid1,2.41.5-0+deb13u1,CVE-2026-3184,MEDIUM,affected,,https://avd.aquasec.com/nvd/cve-2026-3184
ci-base;ci-go;ci-node;ci-playwright;ci-postgres;ci-vite,trivy,debian,Debian,libuuid1,2.41.5-0+deb13u1,CVE-2026-76642,HIGH,affected,,https://avd.aquasec.com/nvd/cve-2026-76642
ci-base;ci-go;ci-node;ci-playwright;ci-postgres;ci-vite,trivy,debian,Debian,libuuid1,2.41.5-0+deb13u1,CVE-2026-78408,HIGH,affected,,https://avd.aquasec.com/nvd/cve-2026-78408
ci-base;ci-go;ci-node;ci-playwright;ci-postgres;ci-vite,trivy,debian,Debian,libuuid1,2.41.5-0+deb13u1,CVE-2026-78409,HIGH,affected,,https://avd.aquasec.com/nvd/cve-2026-78409
ci-base;ci-go;ci-node;ci-playwright;ci-postgres;ci-vite,trivy,debian,Debian,libuuid1,2.41.5-0+deb13u1,CVE-2026-78410,HIGH,affected,,https://avd.aquasec.com/nvd/cve-2026-78410
ci-base;ci-go;ci-node;ci-playwright;ci-vite,trivy,debian,Debian,libx11-6,2:1.8.12-1,CVE-2026-88806,HIGH,affected,,https://avd.aquasec.com/nvd/cve-2026-88806
ci-base;ci-go;ci-node;ci-playwright;ci-vite,trivy,debian,Debian,libx11-6,2:1.8.12-1,CVE-2026-94283,MEDIUM,affected,,https://avd.aquasec.com/nvd/cve-2026-94283
ci-base;ci-go;ci-node;ci-playwright;ci-vite,trivy,debian,Debian,libx11-6,2:1.8.12-1,CVE-2026-94284,MEDIUM,affected,,https://avd.aquasec.com/nvd/cve-2026-94284
ci-base;ci-go;ci-node;ci-playwright;ci-vite,trivy,debian,Debian,libx11-6,2:1.8.12-1,CVE-2026-94285,MEDIUM,affected,,https://avd.aquasec.com/nvd/cve-2026-94285
ci-base;ci-go;ci-node;ci-playwright;ci-vite,trivy,debian,Debian,libx11-data,2:1.8.12-1,CVE-2026-88806,HIGH,affected,,https://avd.aquasec.com/nvd/cve-2026-88806
ci-base;ci-go;ci-node;ci-playwright;ci-vite,trivy,debian,Debian,libx11-data,2:1.8.12-1,CVE-2026-94283,MEDIUM,affected,,https://avd.aquasec.com/nvd/cve-2026-94283
ci-base;ci-go;ci-node;ci-playwright;ci-vite,trivy,debian,Debian,libx11-data,2:1.8.12-1,CVE-2026-94284,MEDIUM,affected,,https://avd.aquasec.com/nvd/cve-2026-94284
ci-base;ci-go;ci-node;ci-playwright;ci-vite,trivy,debian,Debian,libx11-data,2:1.8.12-1,CVE-2026-94285,MEDIUM,affected,,https://avd.aquasec.com/nvd/cve-2026-94285
ci-playwright,trivy,debian,Debian,libx11-xcb1,2:1.8.12-1,CVE-2026-88806,HIGH,affected,,https://avd.aquasec.com/nvd/cve-2026-88806
ci-playwright,trivy,debian,Debian,libx11-xcb1,2:1.8.12-1,CVE-2026-94283,MEDIUM,affected,,https://avd.aquasec.com/nvd/cve-2026-94283
ci-playwright,trivy,debian,Debian,libx11-xcb1,2:1.8.12-1,CVE-2026-94284,MEDIUM,affected,,https://avd.aquasec.com/nvd/cve-2026-94284
ci-playwright,trivy,debian,Debian,libx11-xcb1,2:1.8.12-1,CVE-2026-94285,MEDIUM,affected,,https://avd.aquasec.com/nvd/cve-2026-94285
ci-playwright,trivy,debian,Debian,libxfont2,1:2.0.6-1+deb13u1,CVE-2026-44950,LOW,affected,,https://avd.aquasec.com/nvd/cve-2026-44950
ci-playwright,trivy,debian,Debian,libxfont2,1:2.0.6-1+deb13u1,CVE-2026-59679,LOW,affected,,https://avd.aquasec.com/nvd/cve-2026-59679
ci-playwright,trivy,debian,Debian,libxi6,2:1.8.2-1,CVE-2026-93541,MEDIUM,affected,,https://avd.aquasec.com/nvd/cve-2026-93541
ci-playwright,trivy,debian,Debian,libxi6,2:1.8.2-1,CVE-2026-93542,MEDIUM,affected,,https://avd.aquasec.com/nvd/cve-2026-93542
ci-playwright,trivy,debian,Debian,libxi6,2:1.8.2-1,CVE-2026-93543,MEDIUM,affected,,https://avd.aquasec.com/nvd/cve-2026-93543
ci-playwright,trivy,debian,Debian,libxi6,2:1.8.2-1,CVE-2026-93544,MEDIUM,affected,,https://avd.aquasec.com/nvd/cve-2026-93544
ci-playwright,trivy,debian,Debian,libxi6,2:1.8.2-1,CVE-2026-93545,MEDIUM,affected,,https://avd.aquasec.com/nvd/cve-2026-93545
ci-playwright,trivy,debian,Debian,libxi6,2:1.8.2-1,CVE-2026-94281,MEDIUM,affected,,https://avd.aquasec.com/nvd/cve-2026-94281
ci-playwright,trivy,debian,Debian,libxi6,2:1.8.2-1,CVE-2026-94282,MEDIUM,affected,,https://avd.aquasec.com/nvd/cve-2026-94282
ci-go;ci-playwright;ci-postgres,trivy,debian,Debian,libxml2,2.12.7+dfsg+really2.9.14-2.1+deb13u3,CVE-2026-11979,LOW,affected,,https://avd.aquasec.com/nvd/cve-2026-11979
ci-go;ci-playwright;ci-postgres,trivy,debian,Debian,libxml2,2.12.7+dfsg+really2.9.14-2.1+deb13u3,CVE-2026-6653,CRITICAL,affected,,https://avd.aquasec.com/nvd/cve-2026-6653
ci-go;ci-playwright;ci-postgres,trivy,debian,Debian,libxml2,2.12.7+dfsg+really2.9.14-2.1+deb13u3,CVE-2026-74860,HIGH,affected,,https://avd.aquasec.com/nvd/cve-2026-74860
ci-go;ci-playwright;ci-postgres,trivy,debian,Debian,libxml2,2.12.7+dfsg+really2.9.14-2.1+deb13u3,CVE-2026-76781,MEDIUM,affected,,https://avd.aquasec.com/nvd/cve-2026-76781
ci-go;ci-playwright;ci-postgres,trivy,debian,Debian,libxml2,2.12.7+dfsg+really2.9.14-2.1+deb13u3,CVE-2026-86137,MEDIUM,affected,,https://avd.aquasec.com/nvd/cve-2026-86137
ci-go;ci-playwright;ci-postgres,trivy,debian,Debian,libxml2,2.12.7+dfsg+really2.9.14-2.1+deb13u3,CVE-2026-86138,HIGH,affected,,https://avd.aquasec.com/nvd/cve-2026-86138
ci-go;ci-playwright;ci-postgres,trivy,debian,Debian,libxml2,2.12.7+dfsg+really2.9.14-2.1+deb13u3,CVE-2026-86139,HIGH,affected,,https://avd.aquasec.com/nvd/cve-2026-86139
ci-go;ci-playwright;ci-postgres,trivy,debian,Debian,libxml2,2.12.7+dfsg+really2.9.14-2.1+deb13u3,CVE-2026-86140,HIGH,affected,,https://avd.aquasec.com/nvd/cve-2026-86140
ci-go;ci-playwright;ci-postgres,trivy,debian,Debian,libxml2,2.12.7+dfsg+really2.9.14-2.1+deb13u3,CVE-2026-86141,LOW,affected,,https://avd.aquasec.com/nvd/cve-2026-86141
ci-go;ci-playwright;ci-postgres,trivy,debian,Debian,libxml2,2.12.7+dfsg+really2.9.14-2.1+deb13u3,CVE-2026-86142,HIGH,affected,,https://avd.aquasec.com/nvd/cve-2026-86142
ci-go;ci-playwright;ci-postgres,trivy,debian,Debian,libxml2,2.12.7+dfsg+really2.9.14-2.1+deb13u3,CVE-2026-86143,HIGH,affected,,https://avd.aquasec.com/nvd/cve-2026-86143
ci-go;ci-playwright;ci-postgres,trivy,debian,Debian,libxml2,2.12.7+dfsg+really2.9.14-2.1+deb13u3,CVE-2026-86144,HIGH,affected,,https://avd.aquasec.com/nvd/cve-2026-86144
ci-playwright,trivy,debian,Debian,libxpm4,1:3.5.17-1+deb13u1,CVE-2026-94287,MEDIUM,affected,,https://avd.aquasec.com/nvd/cve-2026-94287
ci-base;ci-go;ci-node;ci-playwright;ci-vite,trivy,debian,Debian,libxrender1,1:0.9.12-1,CVE-2026-88807,HIGH,affected,,https://avd.aquasec.com/nvd/cve-2026-88807
ci-postgres,trivy,debian,Debian,libxslt1.1,1.1.35-1.2+deb13u3,CVE-2015-9019,LOW,affected,,https://avd.aquasec.com/nvd/cve-2015-9019
ci-postgres,trivy,debian,Debian,libxslt1.1,1.1.35-1.2+deb13u3,CVE-2025-10911,MEDIUM,fix_deferred,,https://avd.aquasec.com/nvd/cve-2025-10911
ci-postgres,trivy,debian,Debian,libxslt1.1,1.1.35-1.2+deb13u3,CVE-2025-11731,LOW,affected,,https://avd.aquasec.com/nvd/cve-2025-11731
ci-go,trivy,debian,Debian,linux-libc-dev,6.12.111-1,CVE-2004-0230,LOW,affected,,https://avd.aquasec.com/nvd/cve-2004-0230
ci-go,trivy,debian,Debian,linux-libc-dev,6.12.111-1,CVE-2005-3660,LOW,affected,,https://avd.aquasec.com/nvd/cve-2005-3660
ci-go,trivy,debian,Debian,linux-libc-dev,6.12.111-1,CVE-2007-3719,LOW,affected,,https://avd.aquasec.com/nvd/cve-2007-3719
ci-go,trivy,debian,Debian,linux-libc-dev,6.12.111-1,CVE-2008-2544,LOW,affected,,https://avd.aquasec.com/nvd/cve-2008-2544
ci-go,trivy,debian,Debian,linux-libc-dev,6.12.111-1,CVE-2008-4609,LOW,affected,,https://avd.aquasec.com/nvd/cve-2008-4609
ci-go,trivy,debian,Debian,linux-libc-dev,6.12.111-1,CVE-2010-4563,LOW,affected,,https://avd.aquasec.com/nvd/cve-2010-4563
ci-go,trivy,debian,Debian,linux-libc-dev,6.12.111-1,CVE-2010-5321,LOW,affected,,https://avd.aquasec.com/nvd/cve-2010-5321
ci-go,trivy,debian,Debian,linux-libc-dev,6.12.111-1,CVE-2011-4915,LOW,affected,,https://avd.aquasec.com/nvd/cve-2011-4915
ci-go,trivy,debian,Debian,linux-libc-dev,6.12.111-1,CVE-2011-4916,LOW,affected,,https://avd.aquasec.com/nvd/cve-2011-4916
ci-go,trivy,debian,Debian,linux-libc-dev,6.12.111-1,CVE-2011-4917,LOW,affected,,https://avd.aquasec.com/nvd/cve-2011-4917
ci-go,trivy,debian,Debian,linux-libc-dev,6.12.111-1,CVE-2012-4542,LOW,affected,,https://avd.aquasec.com/nvd/cve-2012-4542
ci-go,trivy,debian,Debian,linux-libc-dev,6.12.111-1,CVE-2013-7445,HIGH,affected,,https://avd.aquasec.com/nvd/cve-2013-7445
ci-go,trivy,debian,Debian,linux-libc-dev,6.12.111-1,CVE-2014-9892,LOW,affected,,https://avd.aquasec.com/nvd/cve-2014-9892
ci-go,trivy,debian,Debian,linux-libc-dev,6.12.111-1,CVE-2014-9900,LOW,affected,,https://avd.aquasec.com/nvd/cve-2014-9900
ci-go,trivy,debian,Debian,linux-libc-dev,6.12.111-1,CVE-2015-2877,LOW,affected,,https://avd.aquasec.com/nvd/cve-2015-2877
ci-go,trivy,debian,Debian,linux-libc-dev,6.12.111-1,CVE-2016-10723,LOW,affected,,https://avd.aquasec.com/nvd/cve-2016-10723
ci-go,trivy,debian,Debian,linux-libc-dev,6.12.111-1,CVE-2016-8660,LOW,affected,,https://avd.aquasec.com/nvd/cve-2016-8660
ci-go,trivy,debian,Debian,linux-libc-dev,6.12.111-1,CVE-2017-0630,LOW,affected,,https://avd.aquasec.com/nvd/cve-2017-0630
ci-go,trivy,debian,Debian,linux-libc-dev,6.12.111-1,CVE-2017-13693,LOW,affected,,https://avd.aquasec.com/nvd/cve-2017-13693
ci-go,trivy,debian,Debian,linux-libc-dev,6.12.111-1,CVE-2017-13694,LOW,affected,,https://avd.aquasec.com/nvd/cve-2017-13694
ci-go,trivy,debian,Debian,linux-libc-dev,6.12.111-1,CVE-2018-1121,LOW,affected,,https://avd.aquasec.com/nvd/cve-2018-1121
ci-go,trivy,debian,Debian,linux-libc-dev,6.12.111-1,CVE-2018-12928,LOW,affected,,https://avd.aquasec.com/nvd/cve-2018-12928
ci-go,trivy,debian,Debian,linux-libc-dev,6.12.111-1,CVE-2018-17977,LOW,affected,,https://avd.aquasec.com/nvd/cve-2018-17977
ci-go,trivy,debian,Debian,linux-libc-dev,6.12.111-1,CVE-2019-11191,LOW,affected,,https://avd.aquasec.com/nvd/cve-2019-11191
ci-go,trivy,debian,Debian,linux-libc-dev,6.12.111-1,CVE-2019-12378,LOW,affected,,https://avd.aquasec.com/nvd/cve-2019-12378
ci-go,trivy,debian,Debian,linux-libc-dev,6.12.111-1,CVE-2019-12379,LOW,affected,,https://avd.aquasec.com/nvd/cve-2019-12379
ci-go,trivy,debian,Debian,linux-libc-dev,6.12.111-1,CVE-2019-12380,LOW,affected,,https://avd.aquasec.com/nvd/cve-2019-12380
ci-go,trivy,debian,Debian,linux-libc-dev,6.12.111-1,CVE-2019-12381,LOW,affected,,https://avd.aquasec.com/nvd/cve-2019-12381
ci-go,trivy,debian,Debian,linux-libc-dev,6.12.111-1,CVE-2019-12382,LOW,affected,,https://avd.aquasec.com/nvd/cve-2019-12382
ci-go,trivy,debian,Debian,linux-libc-dev,6.12.111-1,CVE-2019-12455,LOW,affected,,https://avd.aquasec.com/nvd/cve-2019-12455
ci-go,trivy,debian,Debian,linux-libc-dev,6.12.111-1,CVE-2019-12456,LOW,affected,,https://avd.aquasec.com/nvd/cve-2019-12456
ci-go,trivy,debian,Debian,linux-libc-dev,6.12.111-1,CVE-2019-15213,MEDIUM,affected,,https://avd.aquasec.com/nvd/cve-2019-15213
ci-go,trivy,debian,Debian,linux-libc-dev,6.12.111-1,CVE-2019-16089,MEDIUM,affected,,https://avd.aquasec.com/nvd/cve-2019-16089
ci-go,trivy,debian,Debian,linux-libc-dev,6.12.111-1,CVE-2019-16229,LOW,affected,,https://avd.aquasec.com/nvd/cve-2019-16229
ci-go,trivy,debian,Debian,linux-libc-dev,6.12.111-1,CVE-2019-16230,LOW,affected,,https://avd.aquasec.com/nvd/cve-2019-16230
ci-go,trivy,debian,Debian,linux-libc-dev,6.12.111-1,CVE-2019-16231,LOW,affected,,https://avd.aquasec.com/nvd/cve-2019-16231
ci-go,trivy,debian,Debian,linux-libc-dev,6.12.111-1,CVE-2019-16232,LOW,affected,,https://avd.aquasec.com/nvd/cve-2019-16232
ci-go,trivy,debian,Debian,linux-libc-dev,6.12.111-1,CVE-2019-16233,LOW,affected,,https://avd.aquasec.com/nvd/cve-2019-16233
ci-go,trivy,debian,Debian,linux-libc-dev,6.12.111-1,CVE-2019-16234,LOW,affected,,https://avd.aquasec.com/nvd/cve-2019-16234
ci-go,trivy,debian,Debian,linux-libc-dev,6.12.111-1,CVE-2019-19070,LOW,affected,,https://avd.aquasec.com/nvd/cve-2019-19070
ci-go,trivy,debian,Debian,linux-libc-dev,6.12.111-1,CVE-2019-19378,LOW,affected,,https://avd.aquasec.com/nvd/cve-2019-19378
ci-go,trivy,debian,Debian,linux-libc-dev,6.12.111-1,CVE-2019-19449,HIGH,affected,,https://avd.aquasec.com/nvd/cve-2019-19449
ci-go,trivy,debian,Debian,linux-libc-dev,6.12.111-1,CVE-2019-19814,HIGH,affected,,https://avd.aquasec.com/nvd/cve-2019-19814
ci-go,trivy,debian,Debian,linux-libc-dev,6.12.111-1,CVE-2019-20794,MEDIUM,affected,,https://avd.aquasec.com/nvd/cve-2019-20794
ci-go,trivy,debian,Debian,linux-libc-dev,6.12.111-1,CVE-2020-11725,LOW,affected,,https://avd.aquasec.com/nvd/cve-2020-11725
ci-go,trivy,debian,Debian,linux-libc-dev,6.12.111-1,CVE-2020-14304,MEDIUM,affected,,https://avd.aquasec.com/nvd/cve-2020-14304
ci-go,trivy,debian,Debian,linux-libc-dev,6.12.111-1,CVE-2020-35501,LOW,affected,,https://avd.aquasec.com/nvd/cve-2020-35501
ci-go,trivy,debian,Debian,linux-libc-dev,6.12.111-1,CVE-2020-36694,MEDIUM,affected,,https://avd.aquasec.com/nvd/cve-2020-36694
ci-go,trivy,debian,Debian,linux-libc-dev,6.12.111-1,CVE-2021-26934,LOW,affected,,https://avd.aquasec.com/nvd/cve-2021-26934
ci-go,trivy,debian,Debian,linux-libc-dev,6.12.111-1,CVE-2021-3714,LOW,affected,,https://avd.aquasec.com/nvd/cve-2021-3714
ci-go,trivy,debian,Debian,linux-libc-dev,6.12.111-1,CVE-2021-3847,HIGH,affected,,https://avd.aquasec.com/nvd/cve-2021-3847
ci-go,trivy,debian,Debian,linux-libc-dev,6.12.111-1,CVE-2021-3864,HIGH,affected,,https://avd.aquasec.com/nvd/cve-2021-3864
ci-go,trivy,debian,Debian,linux-libc-dev,6.12.111-1,CVE-2022-0400,LOW,affected,,https://avd.aquasec.com/nvd/cve-2022-0400
ci-go,trivy,debian,Debian,linux-libc-dev,6.12.111-1,CVE-2022-1247,LOW,affected,,https://avd.aquasec.com/nvd/cve-2022-1247
ci-go,trivy,debian,Debian,linux-libc-dev,6.12.111-1,CVE-2022-25265,LOW,affected,,https://avd.aquasec.com/nvd/cve-2022-25265
ci-go,trivy,debian,Debian,linux-libc-dev,6.12.111-1,CVE-2022-2961,LOW,affected,,https://avd.aquasec.com/nvd/cve-2022-2961
ci-go,trivy,debian,Debian,linux-libc-dev,6.12.111-1,CVE-2022-3238,LOW,affected,,https://avd.aquasec.com/nvd/cve-2022-3238
ci-go,trivy,debian,Debian,linux-libc-dev,6.12.111-1,CVE-2022-41848,LOW,affected,,https://avd.aquasec.com/nvd/cve-2022-41848
ci-go,trivy,debian,Debian,linux-libc-dev,6.12.111-1,CVE-2022-44032,LOW,affected,,https://avd.aquasec.com/nvd/cve-2022-44032
ci-go,trivy,debian,Debian,linux-libc-dev,6.12.111-1,CVE-2022-44033,LOW,affected,,https://avd.aquasec.com/nvd/cve-2022-44033
ci-go,trivy,debian,Debian,linux-libc-dev,6.12.111-1,CVE-2022-4543,LOW,affected,,https://avd.aquasec.com/nvd/cve-2022-4543
ci-go,trivy,debian,Debian,linux-libc-dev,6.12.111-1,CVE-2022-45884,LOW,affected,,https://avd.aquasec.com/nvd/cve-2022-45884
ci-go,trivy,debian,Debian,linux-libc-dev,6.12.111-1,CVE-2022-45885,LOW,affected,,https://avd.aquasec.com/nvd/cve-2022-45885
ci-go,trivy,debian,Debian,linux-libc-dev,6.12.111-1,CVE-2023-23039,LOW,affected,,https://avd.aquasec.com/nvd/cve-2023-23039
ci-go,trivy,debian,Debian,linux-libc-dev,6.12.111-1,CVE-2023-26242,LOW,affected,,https://avd.aquasec.com/nvd/cve-2023-26242
ci-go,trivy,debian,Debian,linux-libc-dev,6.12.111-1,CVE-2023-31081,LOW,affected,,https://avd.aquasec.com/nvd/cve-2023-31081
ci-go,trivy,debian,Debian,linux-libc-dev,6.12.111-1,CVE-2023-31082,MEDIUM,affected,,https://avd.aquasec.com/nvd/cve-2023-31082
ci-go,trivy,debian,Debian,linux-libc-dev,6.12.111-1,CVE-2023-31085,LOW,affected,,https://avd.aquasec.com/nvd/cve-2023-31085
ci-go,trivy,debian,Debian,linux-libc-dev,6.12.111-1,CVE-2023-3397,MEDIUM,affected,,https://avd.aquasec.com/nvd/cve-2023-3397
ci-go,trivy,debian,Debian,linux-libc-dev,6.12.111-1,CVE-2023-3640,LOW,affected,,https://avd.aquasec.com/nvd/cve-2023-3640
ci-go,trivy,debian,Debian,linux-libc-dev,6.12.111-1,CVE-2023-37454,MEDIUM,affected,,https://avd.aquasec.com/nvd/cve-2023-37454
ci-go,trivy,debian,Debian,linux-libc-dev,6.12.111-1,CVE-2023-6238,MEDIUM,affected,,https://avd.aquasec.com/nvd/cve-2023-6238
ci-go,trivy,debian,Debian,linux-libc-dev,6.12.111-1,CVE-2023-6240,MEDIUM,affected,,https://avd.aquasec.com/nvd/cve-2023-6240
ci-go,trivy,debian,Debian,linux-libc-dev,6.12.111-1,CVE-2024-0564,LOW,affected,,https://avd.aquasec.com/nvd/cve-2024-0564
ci-go,trivy,debian,Debian,linux-libc-dev,6.12.111-1,CVE-2024-21803,HIGH,affected,,https://avd.aquasec.com/nvd/cve-2024-21803
ci-go,trivy,debian,Debian,linux-libc-dev,6.12.111-1,CVE-2024-2193,MEDIUM,affected,,https://avd.aquasec.com/nvd/cve-2024-2193
ci-go,trivy,debian,Debian,linux-libc-dev,6.12.111-1,CVE-2024-24864,MEDIUM,affected,,https://avd.aquasec.com/nvd/cve-2024-24864
ci-go,trivy,debian,Debian,linux-libc-dev,6.12.111-1,CVE-2024-25740,MEDIUM,affected,,https://avd.aquasec.com/nvd/cve-2024-25740
ci-go,trivy,debian,Debian,linux-libc-dev,6.12.111-1,CVE-2024-56709,MEDIUM,affected,,https://avd.aquasec.com/nvd/cve-2024-56709
ci-go,trivy,debian,Debian,linux-libc-dev,6.12.111-1,CVE-2024-58015,HIGH,affected,,https://avd.aquasec.com/nvd/cve-2024-58015
ci-go,trivy,debian,Debian,linux-libc-dev,6.12.111-1,CVE-2024-58074,MEDIUM,affected,,https://avd.aquasec.com/nvd/cve-2024-58074
ci-go,trivy,debian,Debian,linux-libc-dev,6.12.111-1,CVE-2025-21752,MEDIUM,affected,,https://avd.aquasec.com/nvd/cve-2025-21752
ci-go,trivy,debian,Debian,linux-libc-dev,6.12.111-1,CVE-2025-21949,MEDIUM,affected,,https://avd.aquasec.com/nvd/cve-2025-21949
ci-go,trivy,debian,Debian,linux-libc-dev,6.12.111-1,CVE-2025-22109,MEDIUM,affected,,https://avd.aquasec.com/nvd/cve-2025-22109
ci-go,trivy,debian,Debian,linux-libc-dev,6.12.111-1,CVE-2025-23132,MEDIUM,affected,,https://avd.aquasec.com/nvd/cve-2025-23132
ci-go,trivy,debian,Debian,linux-libc-dev,6.12.111-1,CVE-2025-23135,MEDIUM,affected,,https://avd.aquasec.com/nvd/cve-2025-23135
ci-go,trivy,debian,Debian,linux-libc-dev,6.12.111-1,CVE-2025-37743,MEDIUM,affected,,https://avd.aquasec.com/nvd/cve-2025-37743
ci-go,trivy,debian,Debian,linux-libc-dev,6.12.111-1,CVE-2025-37746,MEDIUM,affected,,https://avd.aquasec.com/nvd/cve-2025-37746
ci-go,trivy,debian,Debian,linux-libc-dev,6.12.111-1,CVE-2025-37880,MEDIUM,affected,,https://avd.aquasec.com/nvd/cve-2025-37880
ci-go,trivy,debian,Debian,linux-libc-dev,6.12.111-1,CVE-2025-37906,MEDIUM,affected,,https://avd.aquasec.com/nvd/cve-2025-37906
ci-go,trivy,debian,Debian,linux-libc-dev,6.12.111-1,CVE-2025-38029,MEDIUM,affected,,https://avd.aquasec.com/nvd/cve-2025-38029
ci-go,trivy,debian,Debian,linux-libc-dev,6.12.111-1,CVE-2025-38036,MEDIUM,affected,,https://avd.aquasec.com/nvd/cve-2025-38036
ci-go,trivy,debian,Debian,linux-libc-dev,6.12.111-1,CVE-2025-38041,MEDIUM,affected,,https://avd.aquasec.com/nvd/cve-2025-38041
ci-go,trivy,debian,Debian,linux-libc-dev,6.12.111-1,CVE-2025-38042,MEDIUM,affected,,https://avd.aquasec.com/nvd/cve-2025-38042
ci-go,trivy,debian,Debian,linux-libc-dev,6.12.111-1,CVE-2025-38064,MEDIUM,affected,,https://avd.aquasec.com/nvd/cve-2025-38064
ci-go,trivy,debian,Debian,linux-libc-dev,6.12.111-1,CVE-2025-38132,MEDIUM,affected,,https://avd.aquasec.com/nvd/cve-2025-38132
ci-go,trivy,debian,Debian,linux-libc-dev,6.12.111-1,CVE-2025-38137,HIGH,affected,,https://avd.aquasec.com/nvd/cve-2025-38137
ci-go,trivy,debian,Debian,linux-libc-dev,6.12.111-1,CVE-2025-38140,MEDIUM,affected,,https://avd.aquasec.com/nvd/cve-2025-38140
ci-go,trivy,debian,Debian,linux-libc-dev,6.12.111-1,CVE-2025-38187,HIGH,affected,,https://avd.aquasec.com/nvd/cve-2025-38187
ci-go,trivy,debian,Debian,linux-libc-dev,6.12.111-1,CVE-2025-38199,MEDIUM,affected,,https://avd.aquasec.com/nvd/cve-2025-38199
ci-go,trivy,debian,Debian,linux-libc-dev,6.12.111-1,CVE-2025-38204,HIGH,affected,,https://avd.aquasec.com/nvd/cve-2025-38204
ci-go,trivy,debian,Debian,linux-libc-dev,6.12.111-1,CVE-2025-38207,MEDIUM,affected,,https://avd.aquasec.com/nvd/cve-2025-38207
ci-go,trivy,debian,Debian,linux-libc-dev,6.12.111-1,CVE-2025-38261,MEDIUM,affected,,https://avd.aquasec.com/nvd/cve-2025-38261
ci-go,trivy,debian,Debian,linux-libc-dev,6.12.111-1,CVE-2025-38284,MEDIUM,affected,,https://avd.aquasec.com/nvd/cve-2025-38284
ci-go,trivy,debian,Debian,linux-libc-dev,6.12.111-1,CVE-2025-38311,MEDIUM,affected,,https://avd.aquasec.com/nvd/cve-2025-38311
ci-go,trivy,debian,Debian,linux-libc-dev,6.12.111-1,CVE-2025-38359,MEDIUM,affected,,https://avd.aquasec.com/nvd/cve-2025-38359
ci-go,trivy,debian,Debian,linux-libc-dev,6.12.111-1,CVE-2025-38421,HIGH,affected,,https://avd.aquasec.com/nvd/cve-2025-38421
ci-go,trivy,debian,Debian,linux-libc-dev,6.12.111-1,CVE-2025-38597,MEDIUM,affected,,https://avd.aquasec.com/nvd/cve-2025-38597
ci-go,trivy,debian,Debian,linux-libc-dev,6.12.111-1,CVE-2025-38605,MEDIUM,affected,,https://avd.aquasec.com/nvd/cve-2025-38605
ci-go,trivy,debian,Debian,linux-libc-dev,6.12.111-1,CVE-2025-38636,HIGH,affected,,https://avd.aquasec.com/nvd/cve-2025-38636
ci-go,trivy,debian,Debian,linux-libc-dev,6.12.111-1,CVE-2025-39677,MEDIUM,affected,,https://avd.aquasec.com/nvd/cve-2025-39677
ci-go,trivy,debian,Debian,linux-libc-dev,6.12.111-1,CVE-2025-39762,MEDIUM,affected,,https://avd.aquasec.com/nvd/cve-2025-39762
ci-go,trivy,debian,Debian,linux-libc-dev,6.12.111-1,CVE-2025-39775,MEDIUM,affected,,https://avd.aquasec.com/nvd/cve-2025-39775
ci-go,trivy,debian,Debian,linux-libc-dev,6.12.111-1,CVE-2025-39789,MEDIUM,affected,,https://avd.aquasec.com/nvd/cve-2025-39789
ci-go,trivy,debian,Debian,linux-libc-dev,6.12.111-1,CVE-2025-39822,MEDIUM,affected,,https://avd.aquasec.com/nvd/cve-2025-39822
ci-go,trivy,debian,Debian,linux-libc-dev,6.12.111-1,CVE-2025-39830,MEDIUM,affected,,https://avd.aquasec.com/nvd/cve-2025-39830
ci-go,trivy,debian,Debian,linux-libc-dev,6.12.111-1,CVE-2025-39834,MEDIUM,affected,,https://avd.aquasec.com/nvd/cve-2025-39834
ci-go,trivy,debian,Debian,linux-libc-dev,6.12.111-1,CVE-2025-39859,HIGH,affected,,https://avd.aquasec.com/nvd/cve-2025-39859
ci-go,trivy,debian,Debian,linux-libc-dev,6.12.111-1,CVE-2025-39862,HIGH,affected,,https://avd.aquasec.com/nvd/cve-2025-39862
ci-go,trivy,debian,Debian,linux-libc-dev,6.12.111-1,CVE-2025-39910,MEDIUM,affected,,https://avd.aquasec.com/nvd/cve-2025-39910
ci-go,trivy,debian,Debian,linux-libc-dev,6.12.111-1,CVE-2025-39933,MEDIUM,affected,,https://avd.aquasec.com/nvd/cve-2025-39933
ci-go,trivy,debian,Debian,linux-libc-dev,6.12.111-1,CVE-2025-39958,HIGH,affected,,https://avd.aquasec.com/nvd/cve-2025-39958
ci-go,trivy,debian,Debian,linux-libc-dev,6.12.111-1,CVE-2025-40025,HIGH,affected,,https://avd.aquasec.com/nvd/cve-2025-40025
ci-go,trivy,debian,Debian,linux-libc-dev,6.12.111-1,CVE-2025-40065,MEDIUM,affected,,https://avd.aquasec.com/nvd/cve-2025-40065
ci-go,trivy,debian,Debian,linux-libc-dev,6.12.111-1,CVE-2025-40086,LOW,affected,,https://avd.aquasec.com/nvd/cve-2025-40086
ci-go,trivy,debian,Debian,linux-libc-dev,6.12.111-1,CVE-2025-40113,MEDIUM,affected,,https://avd.aquasec.com/nvd/cve-2025-40113
ci-go,trivy,debian,Debian,linux-libc-dev,6.12.111-1,CVE-2025-40130,MEDIUM,affected,,https://avd.aquasec.com/nvd/cve-2025-40130
ci-go,trivy,debian,Debian,linux-libc-dev,6.12.111-1,CVE-2025-40136,MEDIUM,affected,,https://avd.aquasec.com/nvd/cve-2025-40136
ci-go,trivy,debian,Debian,linux-libc-dev,6.12.111-1,CVE-2025-40146,MEDIUM,affected,,https://avd.aquasec.com/nvd/cve-2025-40146
ci-go,trivy,debian,Debian,linux-libc-dev,6.12.111-1,CVE-2025-40158,MEDIUM,affected,,https://avd.aquasec.com/nvd/cve-2025-40158
ci-go,trivy,debian,Debian,linux-libc-dev,6.12.111-1,CVE-2025-40217,MEDIUM,affected,,https://avd.aquasec.com/nvd/cve-2025-40217
ci-go,trivy,debian,Debian,linux-libc-dev,6.12.111-1,CVE-2025-40247,MEDIUM,affected,,https://avd.aquasec.com/nvd/cve-2025-40247
ci-go,trivy,debian,Debian,linux-libc-dev,6.12.111-1,CVE-2025-40338,MEDIUM,affected,,https://avd.aquasec.com/nvd/cve-2025-40338
ci-go,trivy,debian,Debian,linux-libc-dev,6.12.111-1,CVE-2025-40355,MEDIUM,affected,,https://avd.aquasec.com/nvd/cve-2025-40355
ci-go,trivy,debian,Debian,linux-libc-dev,6.12.111-1,CVE-2025-68174,HIGH,affected,,https://avd.aquasec.com/nvd/cve-2025-68174
ci-go,trivy,debian,Debian,linux-libc-dev,6.12.111-1,CVE-2025-68193,LOW,affected,,https://avd.aquasec.com/nvd/cve-2025-68193
ci-go,trivy,debian,Debian,linux-libc-dev,6.12.111-1,CVE-2025-68209,MEDIUM,affected,,https://avd.aquasec.com/nvd/cve-2025-68209
ci-go,trivy,debian,Debian,linux-libc-dev,6.12.111-1,CVE-2025-68236,MEDIUM,affected,,https://avd.aquasec.com/nvd/cve-2025-68236
ci-go,trivy,debian,Debian,linux-libc-dev,6.12.111-1,CVE-2025-68304,MEDIUM,affected,,https://avd.aquasec.com/nvd/cve-2025-68304
ci-go,trivy,debian,Debian,linux-libc-dev,6.12.111-1,CVE-2025-68318,MEDIUM,affected,,https://avd.aquasec.com/nvd/cve-2025-68318
ci-go,trivy,debian,Debian,linux-libc-dev,6.12.111-1,CVE-2025-68319,MEDIUM,affected,,https://avd.aquasec.com/nvd/cve-2025-68319
ci-go,trivy,debian,Debian,linux-libc-dev,6.12.111-1,CVE-2025-68353,MEDIUM,affected,,https://avd.aquasec.com/nvd/cve-2025-68353
ci-go,trivy,debian,Debian,linux-libc-dev,6.12.111-1,CVE-2025-68359,LOW,affected,,https://avd.aquasec.com/nvd/cve-2025-68359
ci-go,trivy,debian,Debian,linux-libc-dev,6.12.111-1,CVE-2025-68360,MEDIUM,affected,,https://avd.aquasec.com/nvd/cve-2025-68360
ci-go,trivy,debian,Debian,linux-libc-dev,6.12.111-1,CVE-2025-68368,MEDIUM,affected,,https://avd.aquasec.com/nvd/cve-2025-68368
ci-go,trivy,debian,Debian,linux-libc-dev,6.12.111-1,CVE-2025-68376,MEDIUM,affected,,https://avd.aquasec.com/nvd/cve-2025-68376
ci-go,trivy,debian,Debian,linux-libc-dev,6.12.111-1,CVE-2025-68729,MEDIUM,affected,,https://avd.aquasec.com/nvd/cve-2025-68729
ci-go,trivy,debian,Debian,linux-libc-dev,6.12.111-1,CVE-2025-68730,MEDIUM,affected,,https://avd.aquasec.com/nvd/cve-2025-68730
ci-go,trivy,debian,Debian,linux-libc-dev,6.12.111-1,CVE-2025-68735,HIGH,affected,,https://avd.aquasec.com/nvd/cve-2025-68735
ci-go,trivy,debian,Debian,linux-libc-dev,6.12.111-1,CVE-2025-68745,MEDIUM,affected,,https://avd.aquasec.com/nvd/cve-2025-68745
ci-go,trivy,debian,Debian,linux-libc-dev,6.12.111-1,CVE-2025-68751,LOW,affected,,https://avd.aquasec.com/nvd/cve-2025-68751
ci-go,trivy,debian,Debian,linux-libc-dev,6.12.111-1,CVE-2025-68755,MEDIUM,affected,,https://avd.aquasec.com/nvd/cve-2025-68755
ci-go,trivy,debian,Debian,linux-libc-dev,6.12.111-1,CVE-2025-71074,MEDIUM,affected,,https://avd.aquasec.com/nvd/cve-2025-71074
ci-go,trivy,debian,Debian,linux-libc-dev,6.12.111-1,CVE-2025-71117,MEDIUM,affected,,https://avd.aquasec.com/nvd/cve-2025-71117
ci-go,trivy,debian,Debian,linux-libc-dev,6.12.111-1,CVE-2025-71141,MEDIUM,affected,,https://avd.aquasec.com/nvd/cve-2025-71141
ci-go,trivy,debian,Debian,linux-libc-dev,6.12.111-1,CVE-2025-71188,MEDIUM,will_not_fix,,https://avd.aquasec.com/nvd/cve-2025-71188
ci-go,trivy,debian,Debian,linux-libc-dev,6.12.111-1,CVE-2025-71202,MEDIUM,affected,,https://avd.aquasec.com/nvd/cve-2025-71202
ci-go,trivy,debian,Debian,linux-libc-dev,6.12.111-1,CVE-2025-71227,MEDIUM,affected,,https://avd.aquasec.com/nvd/cve-2025-71227
ci-go,trivy,debian,Debian,linux-libc-dev,6.12.111-1,CVE-2025-71285,MEDIUM,affected,,https://avd.aquasec.com/nvd/cve-2025-71285
ci-go,trivy,debian,Debian,linux-libc-dev,6.12.111-1,CVE-2025-71302,MEDIUM,affected,,https://avd.aquasec.com/nvd/cve-2025-71302
ci-go,trivy,debian,Debian,linux-libc-dev,6.12.111-1,CVE-2025-71313,MEDIUM,affected,,https://avd.aquasec.com/nvd/cve-2025-71313
ci-go,trivy,debian,Debian,linux-libc-dev,6.12.111-1,CVE-2025-71315,MEDIUM,affected,,https://avd.aquasec.com/nvd/cve-2025-71315
ci-go,trivy,debian,Debian,linux-libc-dev,6.12.111-1,CVE-2026-100072,MEDIUM,affected,,https://avd.aquasec.com/nvd/cve-2026-100072
ci-go,trivy,debian,Debian,linux-libc-dev,6.12.111-1,CVE-2026-100074,MEDIUM,affected,,https://avd.aquasec.com/nvd/cve-2026-100074
ci-go,trivy,debian,Debian,linux-libc-dev,6.12.111-1,CVE-2026-100076,MEDIUM,affected,,https://avd.aquasec.com/nvd/cve-2026-100076
ci-go,trivy,debian,Debian,linux-libc-dev,6.12.111-1,CVE-2026-100077,MEDIUM,affected,,https://avd.aquasec.com/nvd/cve-2026-100077
ci-go,trivy,debian,Debian,linux-libc-dev,6.12.111-1,CVE-2026-23007,MEDIUM,affected,,https://avd.aquasec.com/nvd/cve-2026-23007
ci-go,trivy,debian,Debian,linux-libc-dev,6.12.111-1,CVE-2026-23017,MEDIUM,affected,,https://avd.aquasec.com/nvd/cve-2026-23017
ci-go,trivy,debian,Debian,linux-libc-dev,6.12.111-1,CVE-2026-23102,HIGH,affected,,https://avd.aquasec.com/nvd/cve-2026-23102
ci-go,trivy,debian,Debian,linux-libc-dev,6.12.111-1,CVE-2026-23143,MEDIUM,affected,,https://avd.aquasec.com/nvd/cve-2026-23143
ci-go,trivy,debian,Debian,linux-libc-dev,6.12.111-1,CVE-2026-23152,MEDIUM,affected,,https://avd.aquasec.com/nvd/cve-2026-23152
ci-go,trivy,debian,Debian,linux-libc-dev,6.12.111-1,CVE-2026-23208,HIGH,affected,,https://avd.aquasec.com/nvd/cve-2026-23208
ci-go,trivy,debian,Debian,linux-libc-dev,6.12.111-1,CVE-2026-23217,MEDIUM,affected,,https://avd.aquasec.com/nvd/cve-2026-23217
ci-go,trivy,debian,Debian,linux-libc-dev,6.12.111-1,CVE-2026-23259,MEDIUM,affected,,https://avd.aquasec.com/nvd/cve-2026-23259
ci-go,trivy,debian,Debian,linux-libc-dev,6.12.111-1,CVE-2026-23265,MEDIUM,affected,,https://avd.aquasec.com/nvd/cve-2026-23265
ci-go,trivy,debian,Debian,linux-libc-dev,6.12.111-1,CVE-2026-23327,HIGH,affected,,https://avd.aquasec.com/nvd/cve-2026-23327
ci-go,trivy,debian,Debian,linux-libc-dev,6.12.111-1,CVE-2026-23348,MEDIUM,affected,,https://avd.aquasec.com/nvd/cve-2026-23348
ci-go,trivy,debian,Debian,linux-libc-dev,6.12.111-1,CVE-2026-23371,MEDIUM,affected,,https://avd.aquasec.com/nvd/cve-2026-23371
ci-go,trivy,debian,Debian,linux-libc-dev,6.12.111-1,CVE-2026-23377,MEDIUM,affected,,https://avd.aquasec.com/nvd/cve-2026-23377
ci-go,trivy,debian,Debian,linux-libc-dev,6.12.111-1,CVE-2026-23385,MEDIUM,affected,,https://avd.aquasec.com/nvd/cve-2026-23385
ci-go,trivy,debian,Debian,linux-libc-dev,6.12.111-1,CVE-2026-23472,MEDIUM,affected,,https://avd.aquasec.com/nvd/cve-2026-23472
ci-go,trivy,debian,Debian,linux-libc-dev,6.12.111-1,CVE-2026-31435,MEDIUM,affected,,https://avd.aquasec.com/nvd/cve-2026-31435
ci-go,trivy,debian,Debian,linux-libc-dev,6.12.111-1,CVE-2026-31493,HIGH,affected,,https://avd.aquasec.com/nvd/cve-2026-31493
ci-go,trivy,debian,Debian,linux-libc-dev,6.12.111-1,CVE-2026-31526,MEDIUM,affected,,https://avd.aquasec.com/nvd/cve-2026-31526
ci-go,trivy,debian,Debian,linux-libc-dev,6.12.111-1,CVE-2026-31536,HIGH,affected,,https://avd.aquasec.com/nvd/cve-2026-31536
ci-go,trivy,debian,Debian,linux-libc-dev,6.12.111-1,CVE-2026-31537,MEDIUM,affected,,https://avd.aquasec.com/nvd/cve-2026-31537
ci-go,trivy,debian,Debian,linux-libc-dev,6.12.111-1,CVE-2026-31562,MEDIUM,affected,,https://avd.aquasec.com/nvd/cve-2026-31562
ci-go,trivy,debian,Debian,linux-libc-dev,6.12.111-1,CVE-2026-31568,HIGH,affected,,https://avd.aquasec.com/nvd/cve-2026-31568
ci-go,trivy,debian,Debian,linux-libc-dev,6.12.111-1,CVE-2026-31579,MEDIUM,affected,,https://avd.aquasec.com/nvd/cve-2026-31579
ci-go,trivy,debian,Debian,linux-libc-dev,6.12.111-1,CVE-2026-31591,MEDIUM,affected,,https://avd.aquasec.com/nvd/cve-2026-31591
ci-go,trivy,debian,Debian,linux-libc-dev,6.12.111-1,CVE-2026-31592,MEDIUM,affected,,https://avd.aquasec.com/nvd/cve-2026-31592
ci-go,trivy,debian,Debian,linux-libc-dev,6.12.111-1,CVE-2026-31630,MEDIUM,affected,,https://avd.aquasec.com/nvd/cve-2026-31630
ci-go,trivy,debian,Debian,linux-libc-dev,6.12.111-1,CVE-2026-31692,MEDIUM,affected,,https://avd.aquasec.com/nvd/cve-2026-31692
ci-go,trivy,debian,Debian,linux-libc-dev,6.12.111-1,CVE-2026-31771,MEDIUM,affected,,https://avd.aquasec.com/nvd/cve-2026-31771
ci-go,trivy,debian,Debian,linux-libc-dev,6.12.111-1,CVE-2026-31777,MEDIUM,affected,,https://avd.aquasec.com/nvd/cve-2026-31777
ci-go,trivy,debian,Debian,linux-libc-dev,6.12.111-1,CVE-2026-43009,MEDIUM,affected,,https://avd.aquasec.com/nvd/cve-2026-43009
ci-go,trivy,debian,Debian,linux-libc-dev,6.12.111-1,CVE-2026-43022,MEDIUM,affected,,https://avd.aquasec.com/nvd/cve-2026-43022
ci-go,trivy,debian,Debian,linux-libc-dev,6.12.111-1,CVE-2026-43029,MEDIUM,affected,,https://avd.aquasec.com/nvd/cve-2026-43029
ci-go,trivy,debian,Debian,linux-libc-dev,6.12.111-1,CVE-2026-43034,MEDIUM,affected,,https://avd.aquasec.com/nvd/cve-2026-43034
ci-go,trivy,debian,Debian,linux-libc-dev,6.12.111-1,CVE-2026-43042,MEDIUM,affected,,https://avd.aquasec.com/nvd/cve-2026-43042
ci-go,trivy,debian,Debian,linux-libc-dev,6.12.111-1,CVE-2026-43048,MEDIUM,affected,,https://avd.aquasec.com/nvd/cve-2026-43048
ci-go,trivy,debian,Debian,linux-libc-dev,6.12.111-1,CVE-2026-43053,MEDIUM,affected,,https://avd.aquasec.com/nvd/cve-2026-43053
ci-go,trivy,debian,Debian,linux-libc-dev,6.12.111-1,CVE-2026-43083,MEDIUM,affected,,https://avd.aquasec.com/nvd/cve-2026-43083
ci-go,trivy,debian,Debian,linux-libc-dev,6.12.111-1,CVE-2026-43101,MEDIUM,affected,,https://avd.aquasec.com/nvd/cve-2026-43101
ci-go,trivy,debian,Debian,linux-libc-dev,6.12.111-1,CVE-2026-43115,MEDIUM,affected,,https://avd.aquasec.com/nvd/cve-2026-43115
ci-go,trivy,debian,Debian,linux-libc-dev,6.12.111-1,CVE-2026-43118,MEDIUM,affected,,https://avd.aquasec.com/nvd/cve-2026-43118
ci-go,trivy,debian,Debian,linux-libc-dev,6.12.111-1,CVE-2026-43127,MEDIUM,affected,,https://avd.aquasec.com/nvd/cve-2026-43127
ci-go,trivy,debian,Debian,linux-libc-dev,6.12.111-1,CVE-2026-43172,MEDIUM,affected,,https://avd.aquasec.com/nvd/cve-2026-43172
ci-go,trivy,debian,Debian,linux-libc-dev,6.12.111-1,CVE-2026-43185,CRITICAL,affected,,https://avd.aquasec.com/nvd/cve-2026-43185
ci-go,trivy,debian,Debian,linux-libc-dev,6.12.111-1,CVE-2026-43191,MEDIUM,affected,,https://avd.aquasec.com/nvd/cve-2026-43191
ci-go,trivy,debian,Debian,linux-libc-dev,6.12.111-1,CVE-2026-43204,MEDIUM,affected,,https://avd.aquasec.com/nvd/cve-2026-43204
ci-go,trivy,debian,Debian,linux-libc-dev,6.12.111-1,CVE-2026-43213,MEDIUM,affected,,https://avd.aquasec.com/nvd/cve-2026-43213
ci-go,trivy,debian,Debian,linux-libc-dev,6.12.111-1,CVE-2026-43234,MEDIUM,affected,,https://avd.aquasec.com/nvd/cve-2026-43234
ci-go,trivy,debian,Debian,linux-libc-dev,6.12.111-1,CVE-2026-43263,HIGH,affected,,https://avd.aquasec.com/nvd/cve-2026-43263
ci-go,trivy,debian,Debian,linux-libc-dev,6.12.111-1,CVE-2026-43272,MEDIUM,affected,,https://avd.aquasec.com/nvd/cve-2026-43272
ci-go,trivy,debian,Debian,linux-libc-dev,6.12.111-1,CVE-2026-43294,MEDIUM,affected,,https://avd.aquasec.com/nvd/cve-2026-43294
ci-go,trivy,debian,Debian,linux-libc-dev,6.12.111-1,CVE-2026-43298,MEDIUM,affected,,https://avd.aquasec.com/nvd/cve-2026-43298
ci-go,trivy,debian,Debian,linux-libc-dev,6.12.111-1,CVE-2026-43299,MEDIUM,affected,,https://avd.aquasec.com/nvd/cve-2026-43299
ci-go,trivy,debian,Debian,linux-libc-dev,6.12.111-1,CVE-2026-43301,MEDIUM,affected,,https://avd.aquasec.com/nvd/cve-2026-43301
ci-go,trivy,debian,Debian,linux-libc-dev,6.12.111-1,CVE-2026-43308,MEDIUM,affected,,https://avd.aquasec.com/nvd/cve-2026-43308
ci-go,trivy,debian,Debian,linux-libc-dev,6.12.111-1,CVE-2026-43309,MEDIUM,affected,,https://avd.aquasec.com/nvd/cve-2026-43309
ci-go,trivy,debian,Debian,linux-libc-dev,6.12.111-1,CVE-2026-43310,MEDIUM,affected,,https://avd.aquasec.com/nvd/cve-2026-43310
ci-go,trivy,debian,Debian,linux-libc-dev,6.12.111-1,CVE-2026-43311,MEDIUM,affected,,https://avd.aquasec.com/nvd/cve-2026-43311
ci-go,trivy,debian,Debian,linux-libc-dev,6.12.111-1,CVE-2026-43325,MEDIUM,affected,,https://avd.aquasec.com/nvd/cve-2026-43325
ci-go,trivy,debian,Debian,linux-libc-dev,6.12.111-1,CVE-2026-43326,MEDIUM,affected,,https://avd.aquasec.com/nvd/cve-2026-43326
ci-go,trivy,debian,Debian,linux-libc-dev,6.12.111-1,CVE-2026-43337,MEDIUM,affected,,https://avd.aquasec.com/nvd/cve-2026-43337
ci-go,trivy,debian,Debian,linux-libc-dev,6.12.111-1,CVE-2026-43346,MEDIUM,affected,,https://avd.aquasec.com/nvd/cve-2026-43346
ci-go,trivy,debian,Debian,linux-libc-dev,6.12.111-1,CVE-2026-43352,MEDIUM,affected,,https://avd.aquasec.com/nvd/cve-2026-43352
ci-go,trivy,debian,Debian,linux-libc-dev,6.12.111-1,CVE-2026-43353,MEDIUM,affected,,https://avd.aquasec.com/nvd/cve-2026-43353
ci-go,trivy,debian,Debian,linux-libc-dev,6.12.111-1,CVE-2026-43414,MEDIUM,affected,,https://avd.aquasec.com/nvd/cve-2026-43414
ci-go,trivy,debian,Debian,linux-libc-dev,6.12.111-1,CVE-2026-43416,MEDIUM,affected,,https://avd.aquasec.com/nvd/cve-2026-43416
ci-go,trivy,debian,Debian,linux-libc-dev,6.12.111-1,CVE-2026-43443,MEDIUM,affected,,https://avd.aquasec.com/nvd/cve-2026-43443
ci-go,trivy,debian,Debian,linux-libc-dev,6.12.111-1,CVE-2026-43463,MEDIUM,affected,,https://avd.aquasec.com/nvd/cve-2026-43463
ci-go,trivy,debian,Debian,linux-libc-dev,6.12.111-1,CVE-2026-43464,MEDIUM,affected,,https://avd.aquasec.com/nvd/cve-2026-43464
ci-go,trivy,debian,Debian,linux-libc-dev,6.12.111-1,CVE-2026-43465,MEDIUM,affected,,https://avd.aquasec.com/nvd/cve-2026-43465
ci-go,trivy,debian,Debian,linux-libc-dev,6.12.111-1,CVE-2026-43485,MEDIUM,affected,,https://avd.aquasec.com/nvd/cve-2026-43485
ci-go,trivy,debian,Debian,linux-libc-dev,6.12.111-1,CVE-2026-45932,MEDIUM,affected,,https://avd.aquasec.com/nvd/cve-2026-45932
ci-go,trivy,debian,Debian,linux-libc-dev,6.12.111-1,CVE-2026-45934,MEDIUM,affected,,https://avd.aquasec.com/nvd/cve-2026-45934
ci-go,trivy,debian,Debian,linux-libc-dev,6.12.111-1,CVE-2026-45940,MEDIUM,affected,,https://avd.aquasec.com/nvd/cve-2026-45940
ci-go,trivy,debian,Debian,linux-libc-dev,6.12.111-1,CVE-2026-45956,MEDIUM,affected,,https://avd.aquasec.com/nvd/cve-2026-45956
ci-go,trivy,debian,Debian,linux-libc-dev,6.12.111-1,CVE-2026-45961,MEDIUM,affected,,https://avd.aquasec.com/nvd/cve-2026-45961
ci-go,trivy,debian,Debian,linux-libc-dev,6.12.111-1,CVE-2026-46014,MEDIUM,affected,,https://avd.aquasec.com/nvd/cve-2026-46014
ci-go,trivy,debian,Debian,linux-libc-dev,6.12.111-1,CVE-2026-46017,MEDIUM,affected,,https://avd.aquasec.com/nvd/cve-2026-46017
ci-go,trivy,debian,Debian,linux-libc-dev,6.12.111-1,CVE-2026-46032,MEDIUM,affected,,https://avd.aquasec.com/nvd/cve-2026-46032
ci-go,trivy,debian,Debian,linux-libc-dev,6.12.111-1,CVE-2026-46044,MEDIUM,affected,,https://avd.aquasec.com/nvd/cve-2026-46044
ci-go,trivy,debian,Debian,linux-libc-dev,6.12.111-1,CVE-2026-46059,MEDIUM,affected,,https://avd.aquasec.com/nvd/cve-2026-46059
ci-go,trivy,debian,Debian,linux-libc-dev,6.12.111-1,CVE-2026-46066,MEDIUM,affected,,https://avd.aquasec.com/nvd/cve-2026-46066
ci-go,trivy,debian,Debian,linux-libc-dev,6.12.111-1,CVE-2026-46071,MEDIUM,affected,,https://avd.aquasec.com/nvd/cve-2026-46071
ci-go,trivy,debian,Debian,linux-libc-dev,6.12.111-1,CVE-2026-46096,MEDIUM,affected,,https://avd.aquasec.com/nvd/cve-2026-46096
ci-go,trivy,debian,Debian,linux-libc-dev,6.12.111-1,CVE-2026-46130,HIGH,affected,,https://avd.aquasec.com/nvd/cve-2026-46130
ci-go,trivy,debian,Debian,linux-libc-dev,6.12.111-1,CVE-2026-46147,MEDIUM,affected,,https://avd.aquasec.com/nvd/cve-2026-46147
ci-go,trivy,debian,Debian,linux-libc-dev,6.12.111-1,CVE-2026-46148,MEDIUM,affected,,https://avd.aquasec.com/nvd/cve-2026-46148
ci-go,trivy,debian,Debian,linux-libc-dev,6.12.111-1,CVE-2026-46153,MEDIUM,affected,,https://avd.aquasec.com/nvd/cve-2026-46153
ci-go,trivy,debian,Debian,linux-libc-dev,6.12.111-1,CVE-2026-46171,MEDIUM,affected,,https://avd.aquasec.com/nvd/cve-2026-46171
ci-go,trivy,debian,Debian,linux-libc-dev,6.12.111-1,CVE-2026-46175,MEDIUM,affected,,https://avd.aquasec.com/nvd/cve-2026-46175
ci-go,trivy,debian,Debian,linux-libc-dev,6.12.111-1,CVE-2026-46181,HIGH,affected,,https://avd.aquasec.com/nvd/cve-2026-46181
ci-go,trivy,debian,Debian,linux-libc-dev,6.12.111-1,CVE-2026-46228,MEDIUM,affected,,https://avd.aquasec.com/nvd/cve-2026-46228
ci-go,trivy,debian,Debian,linux-libc-dev,6.12.111-1,CVE-2026-46245,MEDIUM,affected,,https://avd.aquasec.com/nvd/cve-2026-46245
ci-go,trivy,debian,Debian,linux-libc-dev,6.12.111-1,CVE-2026-46256,MEDIUM,affected,,https://avd.aquasec.com/nvd/cve-2026-46256
ci-go,trivy,debian,Debian,linux-libc-dev,6.12.111-1,CVE-2026-46272,MEDIUM,affected,,https://avd.aquasec.com/nvd/cve-2026-46272
ci-go,trivy,debian,Debian,linux-libc-dev,6.12.111-1,CVE-2026-46279,HIGH,affected,,https://avd.aquasec.com/nvd/cve-2026-46279
ci-go,trivy,debian,Debian,linux-libc-dev,6.12.111-1,CVE-2026-46302,MEDIUM,affected,,https://avd.aquasec.com/nvd/cve-2026-46302
ci-go,trivy,debian,Debian,linux-libc-dev,6.12.111-1,CVE-2026-46314,MEDIUM,affected,,https://avd.aquasec.com/nvd/cve-2026-46314
ci-go,trivy,debian,Debian,linux-libc-dev,6.12.111-1,CVE-2026-46317,MEDIUM,affected,,https://avd.aquasec.com/nvd/cve-2026-46317
ci-go,trivy,debian,Debian,linux-libc-dev,6.12.111-1,CVE-2026-46324,MEDIUM,affected,,https://avd.aquasec.com/nvd/cve-2026-46324
ci-go,trivy,debian,Debian,linux-libc-dev,6.12.111-1,CVE-2026-46325,MEDIUM,affected,,https://avd.aquasec.com/nvd/cve-2026-46325
ci-go,trivy,debian,Debian,linux-libc-dev,6.12.111-1,CVE-2026-46330,MEDIUM,affected,,https://avd.aquasec.com/nvd/cve-2026-46330
ci-go,trivy,debian,Debian,linux-libc-dev,6.12.111-1,CVE-2026-52937,MEDIUM,affected,,https://avd.aquasec.com/nvd/cve-2026-52937
ci-go,trivy,debian,Debian,linux-libc-dev,6.12.111-1,CVE-2026-52953,MEDIUM,affected,,https://avd.aquasec.com/nvd/cve-2026-52953
ci-go,trivy,debian,Debian,linux-libc-dev,6.12.111-1,CVE-2026-52956,MEDIUM,affected,,https://avd.aquasec.com/nvd/cve-2026-52956
ci-go,trivy,debian,Debian,linux-libc-dev,6.12.111-1,CVE-2026-52983,MEDIUM,affected,,https://avd.aquasec.com/nvd/cve-2026-52983
ci-go,trivy,debian,Debian,linux-libc-dev,6.12.111-1,CVE-2026-52988,MEDIUM,affected,,https://avd.aquasec.com/nvd/cve-2026-52988
ci-go,trivy,debian,Debian,linux-libc-dev,6.12.111-1,CVE-2026-52991,HIGH,affected,,https://avd.aquasec.com/nvd/cve-2026-52991
ci-go,trivy,debian,Debian,linux-libc-dev,6.12.111-1,CVE-2026-52994,MEDIUM,affected,,https://avd.aquasec.com/nvd/cve-2026-52994
ci-go,trivy,debian,Debian,linux-libc-dev,6.12.111-1,CVE-2026-53000,HIGH,affected,,https://avd.aquasec.com/nvd/cve-2026-53000
ci-go,trivy,debian,Debian,linux-libc-dev,6.12.111-1,CVE-2026-53009,MEDIUM,affected,,https://avd.aquasec.com/nvd/cve-2026-53009
ci-go,trivy,debian,Debian,linux-libc-dev,6.12.111-1,CVE-2026-53017,MEDIUM,affected,,https://avd.aquasec.com/nvd/cve-2026-53017
ci-go,trivy,debian,Debian,linux-libc-dev,6.12.111-1,CVE-2026-53018,MEDIUM,affected,,https://avd.aquasec.com/nvd/cve-2026-53018
ci-go,trivy,debian,Debian,linux-libc-dev,6.12.111-1,CVE-2026-53024,MEDIUM,affected,,https://avd.aquasec.com/nvd/cve-2026-53024
ci-go,trivy,debian,Debian,linux-libc-dev,6.12.111-1,CVE-2026-53025,MEDIUM,affected,,https://avd.aquasec.com/nvd/cve-2026-53025
ci-go,trivy,debian,Debian,linux-libc-dev,6.12.111-1,CVE-2026-53091,HIGH,affected,,https://avd.aquasec.com/nvd/cve-2026-53091
ci-go,trivy,debian,Debian,linux-libc-dev,6.12.111-1,CVE-2026-53103,MEDIUM,affected,,https://avd.aquasec.com/nvd/cve-2026-53103
ci-go,trivy,debian,Debian,linux-libc-dev,6.12.111-1,CVE-2026-53104,MEDIUM,affected,,https://avd.aquasec.com/nvd/cve-2026-53104
ci-go,trivy,debian,Debian,linux-libc-dev,6.12.111-1,CVE-2026-53106,MEDIUM,affected,,https://avd.aquasec.com/nvd/cve-2026-53106
ci-go,trivy,debian,Debian,linux-libc-dev,6.12.111-1,CVE-2026-53107,MEDIUM,affected,,https://avd.aquasec.com/nvd/cve-2026-53107
ci-go,trivy,debian,Debian,linux-libc-dev,6.12.111-1,CVE-2026-53108,MEDIUM,affected,,https://avd.aquasec.com/nvd/cve-2026-53108
ci-go,trivy,debian,Debian,linux-libc-dev,6.12.111-1,CVE-2026-53109,HIGH,affected,,https://avd.aquasec.com/nvd/cve-2026-53109
ci-go,trivy,debian,Debian,linux-libc-dev,6.12.111-1,CVE-2026-53118,HIGH,affected,,https://avd.aquasec.com/nvd/cve-2026-53118
ci-go,trivy,debian,Debian,linux-libc-dev,6.12.111-1,CVE-2026-53178,MEDIUM,affected,,https://avd.aquasec.com/nvd/cve-2026-53178
ci-go,trivy,debian,Debian,linux-libc-dev,6.12.111-1,CVE-2026-53224,MEDIUM,affected,,https://avd.aquasec.com/nvd/cve-2026-53224
ci-go,trivy,debian,Debian,linux-libc-dev,6.12.111-1,CVE-2026-53246,MEDIUM,affected,,https://avd.aquasec.com/nvd/cve-2026-53246
ci-go,trivy,debian,Debian,linux-libc-dev,6.12.111-1,CVE-2026-53258,MEDIUM,affected,,https://avd.aquasec.com/nvd/cve-2026-53258
ci-go,trivy,debian,Debian,linux-libc-dev,6.12.111-1,CVE-2026-53277,HIGH,affected,,https://avd.aquasec.com/nvd/cve-2026-53277
ci-go,trivy,debian,Debian,linux-libc-dev,6.12.111-1,CVE-2026-53281,MEDIUM,affected,,https://avd.aquasec.com/nvd/cve-2026-53281
ci-go,trivy,debian,Debian,linux-libc-dev,6.12.111-1,CVE-2026-53284,LOW,affected,,https://avd.aquasec.com/nvd/cve-2026-53284
ci-go,trivy,debian,Debian,linux-libc-dev,6.12.111-1,CVE-2026-53285,MEDIUM,affected,,https://avd.aquasec.com/nvd/cve-2026-53285
ci-go,trivy,debian,Debian,linux-libc-dev,6.12.111-1,CVE-2026-53292,MEDIUM,affected,,https://avd.aquasec.com/nvd/cve-2026-53292
ci-go,trivy,debian,Debian,linux-libc-dev,6.12.111-1,CVE-2026-53297,MEDIUM,affected,,https://avd.aquasec.com/nvd/cve-2026-53297
ci-go,trivy,debian,Debian,linux-libc-dev,6.12.111-1,CVE-2026-53321,MEDIUM,affected,,https://avd.aquasec.com/nvd/cve-2026-53321
ci-go,trivy,debian,Debian,linux-libc-dev,6.12.111-1,CVE-2026-53330,HIGH,affected,,https://avd.aquasec.com/nvd/cve-2026-53330
ci-go,trivy,debian,Debian,linux-libc-dev,6.12.111-1,CVE-2026-53368,MEDIUM,affected,,https://avd.aquasec.com/nvd/cve-2026-53368
ci-go,trivy,debian,Debian,linux-libc-dev,6.12.111-1,CVE-2026-53377,MEDIUM,affected,,https://avd.aquasec.com/nvd/cve-2026-53377
ci-go,trivy,debian,Debian,linux-libc-dev,6.12.111-1,CVE-2026-53401,MEDIUM,affected,,https://avd.aquasec.com/nvd/cve-2026-53401
ci-go,trivy,debian,Debian,linux-libc-dev,6.12.111-1,CVE-2026-63805,MEDIUM,affected,,https://avd.aquasec.com/nvd/cve-2026-63805
ci-go,trivy,debian,Debian,linux-libc-dev,6.12.111-1,CVE-2026-63811,MEDIUM,affected,,https://avd.aquasec.com/nvd/cve-2026-63811
ci-go,trivy,debian,Debian,linux-libc-dev,6.12.111-1,CVE-2026-63819,MEDIUM,affected,,https://avd.aquasec.com/nvd/cve-2026-63819
ci-go,trivy,debian,Debian,linux-libc-dev,6.12.111-1,CVE-2026-63825,MEDIUM,affected,,https://avd.aquasec.com/nvd/cve-2026-63825
ci-go,trivy,debian,Debian,linux-libc-dev,6.12.111-1,CVE-2026-63832,MEDIUM,affected,,https://avd.aquasec.com/nvd/cve-2026-63832
ci-go,trivy,debian,Debian,linux-libc-dev,6.12.111-1,CVE-2026-63853,MEDIUM,affected,,https://avd.aquasec.com/nvd/cve-2026-63853
ci-go,trivy,debian,Debian,linux-libc-dev,6.12.111-1,CVE-2026-63857,MEDIUM,affected,,https://avd.aquasec.com/nvd/cve-2026-63857
ci-go,trivy,debian,Debian,linux-libc-dev,6.12.111-1,CVE-2026-63858,MEDIUM,affected,,https://avd.aquasec.com/nvd/cve-2026-63858
ci-go,trivy,debian,Debian,linux-libc-dev,6.12.111-1,CVE-2026-63859,MEDIUM,affected,,https://avd.aquasec.com/nvd/cve-2026-63859
ci-go,trivy,debian,Debian,linux-libc-dev,6.12.111-1,CVE-2026-63879,HIGH,affected,,https://avd.aquasec.com/nvd/cve-2026-63879
ci-go,trivy,debian,Debian,linux-libc-dev,6.12.111-1,CVE-2026-63941,MEDIUM,affected,,https://avd.aquasec.com/nvd/cve-2026-63941
ci-go,trivy,debian,Debian,linux-libc-dev,6.12.111-1,CVE-2026-63979,MEDIUM,affected,,https://avd.aquasec.com/nvd/cve-2026-63979
ci-go,trivy,debian,Debian,linux-libc-dev,6.12.111-1,CVE-2026-63998,LOW,affected,,https://avd.aquasec.com/nvd/cve-2026-63998
ci-go,trivy,debian,Debian,linux-libc-dev,6.12.111-1,CVE-2026-63999,MEDIUM,affected,,https://avd.aquasec.com/nvd/cve-2026-63999
ci-go,trivy,debian,Debian,linux-libc-dev,6.12.111-1,CVE-2026-64006,MEDIUM,affected,,https://avd.aquasec.com/nvd/cve-2026-64006
ci-go,trivy,debian,Debian,linux-libc-dev,6.12.111-1,CVE-2026-64024,MEDIUM,affected,,https://avd.aquasec.com/nvd/cve-2026-64024
ci-go,trivy,debian,Debian,linux-libc-dev,6.12.111-1,CVE-2026-64036,MEDIUM,affected,,https://avd.aquasec.com/nvd/cve-2026-64036
ci-go,trivy,debian,Debian,linux-libc-dev,6.12.111-1,CVE-2026-64038,MEDIUM,affected,,https://avd.aquasec.com/nvd/cve-2026-64038
ci-go,trivy,debian,Debian,linux-libc-dev,6.12.111-1,CVE-2026-64060,MEDIUM,affected,,https://avd.aquasec.com/nvd/cve-2026-64060
ci-go,trivy,debian,Debian,linux-libc-dev,6.12.111-1,CVE-2026-64066,MEDIUM,affected,,https://avd.aquasec.com/nvd/cve-2026-64066
ci-go,trivy,debian,Debian,linux-libc-dev,6.12.111-1,CVE-2026-64067,MEDIUM,affected,,https://avd.aquasec.com/nvd/cve-2026-64067
ci-go,trivy,debian,Debian,linux-libc-dev,6.12.111-1,CVE-2026-64068,MEDIUM,affected,,https://avd.aquasec.com/nvd/cve-2026-64068
ci-go,trivy,debian,Debian,linux-libc-dev,6.12.111-1,CVE-2026-64076,MEDIUM,affected,,https://avd.aquasec.com/nvd/cve-2026-64076
ci-go,trivy,debian,Debian,linux-libc-dev,6.12.111-1,CVE-2026-64077,MEDIUM,affected,,https://avd.aquasec.com/nvd/cve-2026-64077
ci-go,trivy,debian,Debian,linux-libc-dev,6.12.111-1,CVE-2026-64078,MEDIUM,affected,,https://avd.aquasec.com/nvd/cve-2026-64078
ci-go,trivy,debian,Debian,linux-libc-dev,6.12.111-1,CVE-2026-64079,MEDIUM,affected,,https://avd.aquasec.com/nvd/cve-2026-64079
ci-go,trivy,debian,Debian,linux-libc-dev,6.12.111-1,CVE-2026-64117,MEDIUM,affected,,https://avd.aquasec.com/nvd/cve-2026-64117
ci-go,trivy,debian,Debian,linux-libc-dev,6.12.111-1,CVE-2026-64146,MEDIUM,affected,,https://avd.aquasec.com/nvd/cve-2026-64146
ci-go,trivy,debian,Debian,linux-libc-dev,6.12.111-1,CVE-2026-64154,MEDIUM,affected,,https://avd.aquasec.com/nvd/cve-2026-64154
ci-go,trivy,debian,Debian,linux-libc-dev,6.12.111-1,CVE-2026-64159,MEDIUM,affected,,https://avd.aquasec.com/nvd/cve-2026-64159
ci-go,trivy,debian,Debian,linux-libc-dev,6.12.111-1,CVE-2026-64160,MEDIUM,affected,,https://avd.aquasec.com/nvd/cve-2026-64160
ci-go,trivy,debian,Debian,linux-libc-dev,6.12.111-1,CVE-2026-64190,MEDIUM,affected,,https://avd.aquasec.com/nvd/cve-2026-64190
ci-go,trivy,debian,Debian,linux-libc-dev,6.12.111-1,CVE-2026-64212,MEDIUM,affected,,https://avd.aquasec.com/nvd/cve-2026-64212
ci-go,trivy,debian,Debian,linux-libc-dev,6.12.111-1,CVE-2026-64213,MEDIUM,affected,,https://avd.aquasec.com/nvd/cve-2026-64213
ci-go,trivy,debian,Debian,linux-libc-dev,6.12.111-1,CVE-2026-64255,MEDIUM,affected,,https://avd.aquasec.com/nvd/cve-2026-64255
ci-go,trivy,debian,Debian,linux-libc-dev,6.12.111-1,CVE-2026-64283,HIGH,affected,,https://avd.aquasec.com/nvd/cve-2026-64283
ci-go,trivy,debian,Debian,linux-libc-dev,6.12.111-1,CVE-2026-64388,LOW,affected,,https://avd.aquasec.com/nvd/cve-2026-64388
ci-go,trivy,debian,Debian,linux-libc-dev,6.12.111-1,CVE-2026-64389,MEDIUM,affected,,https://avd.aquasec.com/nvd/cve-2026-64389
ci-go,trivy,debian,Debian,linux-libc-dev,6.12.111-1,CVE-2026-64400,MEDIUM,affected,,https://avd.aquasec.com/nvd/cve-2026-64400
ci-go,trivy,debian,Debian,linux-libc-dev,6.12.111-1,CVE-2026-64513,LOW,affected,,https://avd.aquasec.com/nvd/cve-2026-64513
ci-go,trivy,debian,Debian,linux-libc-dev,6.12.111-1,CVE-2026-64520,MEDIUM,affected,,https://avd.aquasec.com/nvd/cve-2026-64520
ci-go,trivy,debian,Debian,linux-libc-dev,6.12.111-1,CVE-2026-68081,MEDIUM,affected,,https://avd.aquasec.com/nvd/cve-2026-68081
ci-go,trivy,debian,Debian,linux-libc-dev,6.12.111-1,CVE-2026-68086,MEDIUM,affected,,https://avd.aquasec.com/nvd/cve-2026-68086
ci-go,trivy,debian,Debian,linux-libc-dev,6.12.111-1,CVE-2026-68105,LOW,affected,,https://avd.aquasec.com/nvd/cve-2026-68105
ci-go,trivy,debian,Debian,linux-libc-dev,6.12.111-1,CVE-2026-68211,MEDIUM,affected,,https://avd.aquasec.com/nvd/cve-2026-68211
ci-go,trivy,debian,Debian,linux-libc-dev,6.12.111-1,CVE-2026-68233,MEDIUM,affected,,https://avd.aquasec.com/nvd/cve-2026-68233
ci-go,trivy,debian,Debian,linux-libc-dev,6.12.111-1,CVE-2026-68238,LOW,affected,,https://avd.aquasec.com/nvd/cve-2026-68238
ci-go,trivy,debian,Debian,linux-libc-dev,6.12.111-1,CVE-2026-68241,LOW,affected,,https://avd.aquasec.com/nvd/cve-2026-68241
ci-go,trivy,debian,Debian,linux-libc-dev,6.12.111-1,CVE-2026-68242,MEDIUM,affected,,https://avd.aquasec.com/nvd/cve-2026-68242
ci-go,trivy,debian,Debian,linux-libc-dev,6.12.111-1,CVE-2026-68258,MEDIUM,affected,,https://avd.aquasec.com/nvd/cve-2026-68258
ci-go,trivy,debian,Debian,linux-libc-dev,6.12.111-1,CVE-2026-68291,MEDIUM,affected,,https://avd.aquasec.com/nvd/cve-2026-68291
ci-go,trivy,debian,Debian,linux-libc-dev,6.12.111-1,CVE-2026-68295,MEDIUM,affected,,https://avd.aquasec.com/nvd/cve-2026-68295
ci-go,trivy,debian,Debian,linux-libc-dev,6.12.111-1,CVE-2026-68312,MEDIUM,affected,,https://avd.aquasec.com/nvd/cve-2026-68312
ci-go,trivy,debian,Debian,linux-libc-dev,6.12.111-1,CVE-2026-68323,MEDIUM,affected,,https://avd.aquasec.com/nvd/cve-2026-68323
ci-go,trivy,debian,Debian,linux-libc-dev,6.12.111-1,CVE-2026-68375,LOW,affected,,https://avd.aquasec.com/nvd/cve-2026-68375
ci-go,trivy,debian,Debian,linux-libc-dev,6.12.111-1,CVE-2026-68382,MEDIUM,affected,,https://avd.aquasec.com/nvd/cve-2026-68382
ci-go,trivy,debian,Debian,linux-libc-dev,6.12.111-1,CVE-2026-68383,MEDIUM,affected,,https://avd.aquasec.com/nvd/cve-2026-68383
ci-go,trivy,debian,Debian,linux-libc-dev,6.12.111-1,CVE-2026-68393,MEDIUM,affected,,https://avd.aquasec.com/nvd/cve-2026-68393
ci-go,trivy,debian,Debian,linux-libc-dev,6.12.111-1,CVE-2026-68399,MEDIUM,affected,,https://avd.aquasec.com/nvd/cve-2026-68399
ci-go,trivy,debian,Debian,linux-libc-dev,6.12.111-1,CVE-2026-68400,MEDIUM,affected,,https://avd.aquasec.com/nvd/cve-2026-68400
ci-go,trivy,debian,Debian,linux-libc-dev,6.12.111-1,CVE-2026-68401,MEDIUM,affected,,https://avd.aquasec.com/nvd/cve-2026-68401
ci-go,trivy,debian,Debian,linux-libc-dev,6.12.111-1,CVE-2026-68404,MEDIUM,affected,,https://avd.aquasec.com/nvd/cve-2026-68404
ci-go,trivy,debian,Debian,linux-libc-dev,6.12.111-1,CVE-2026-68409,HIGH,affected,,https://avd.aquasec.com/nvd/cve-2026-68409
ci-go,trivy,debian,Debian,linux-libc-dev,6.12.111-1,CVE-2026-68412,LOW,affected,,https://avd.aquasec.com/nvd/cve-2026-68412
ci-go,trivy,debian,Debian,linux-libc-dev,6.12.111-1,CVE-2026-68418,LOW,affected,,https://avd.aquasec.com/nvd/cve-2026-68418
ci-go,trivy,debian,Debian,linux-libc-dev,6.12.111-1,CVE-2026-68421,MEDIUM,affected,,https://avd.aquasec.com/nvd/cve-2026-68421
ci-go,trivy,debian,Debian,linux-libc-dev,6.12.111-1,CVE-2026-68426,HIGH,affected,,https://avd.aquasec.com/nvd/cve-2026-68426
ci-go,trivy,debian,Debian,linux-libc-dev,6.12.111-1,CVE-2026-68435,MEDIUM,affected,,https://avd.aquasec.com/nvd/cve-2026-68435
ci-go,trivy,debian,Debian,linux-libc-dev,6.12.111-1,CVE-2026-68436,LOW,affected,,https://avd.aquasec.com/nvd/cve-2026-68436
ci-go,trivy,debian,Debian,linux-libc-dev,6.12.111-1,CVE-2026-68441,MEDIUM,affected,,https://avd.aquasec.com/nvd/cve-2026-68441
ci-go,trivy,debian,Debian,linux-libc-dev,6.12.111-1,CVE-2026-68447,MEDIUM,affected,,https://avd.aquasec.com/nvd/cve-2026-68447
ci-go,trivy,debian,Debian,linux-libc-dev,6.12.111-1,CVE-2026-68448,MEDIUM,affected,,https://avd.aquasec.com/nvd/cve-2026-68448
ci-go,trivy,debian,Debian,linux-libc-dev,6.12.111-1,CVE-2026-68453,MEDIUM,affected,,https://avd.aquasec.com/nvd/cve-2026-68453
ci-go,trivy,debian,Debian,linux-libc-dev,6.12.111-1,CVE-2026-68470,HIGH,affected,,https://avd.aquasec.com/nvd/cve-2026-68470
ci-go,trivy,debian,Debian,linux-libc-dev,6.12.111-1,CVE-2026-68471,MEDIUM,affected,,https://avd.aquasec.com/nvd/cve-2026-68471
ci-go,trivy,debian,Debian,linux-libc-dev,6.12.111-1,CVE-2026-72009,LOW,affected,,https://avd.aquasec.com/nvd/cve-2026-72009
ci-go,trivy,debian,Debian,linux-libc-dev,6.12.111-1,CVE-2026-72031,LOW,affected,,https://avd.aquasec.com/nvd/cve-2026-72031
ci-go,trivy,debian,Debian,linux-libc-dev,6.12.111-1,CVE-2026-72042,HIGH,affected,,https://avd.aquasec.com/nvd/cve-2026-72042
ci-go,trivy,debian,Debian,linux-libc-dev,6.12.111-1,CVE-2026-72073,MEDIUM,affected,,https://avd.aquasec.com/nvd/cve-2026-72073
ci-go,trivy,debian,Debian,linux-libc-dev,6.12.111-1,CVE-2026-72098,HIGH,affected,,https://avd.aquasec.com/nvd/cve-2026-72098
ci-go,trivy,debian,Debian,linux-libc-dev,6.12.111-1,CVE-2026-72162,MEDIUM,affected,,https://avd.aquasec.com/nvd/cve-2026-72162
ci-go,trivy,debian,Debian,linux-libc-dev,6.12.111-1,CVE-2026-72288,MEDIUM,affected,,https://avd.aquasec.com/nvd/cve-2026-72288
ci-go,trivy,debian,Debian,linux-libc-dev,6.12.111-1,CVE-2026-72315,LOW,affected,,https://avd.aquasec.com/nvd/cve-2026-72315
ci-go,trivy,debian,Debian,linux-libc-dev,6.12.111-1,CVE-2026-72321,LOW,affected,,https://avd.aquasec.com/nvd/cve-2026-72321
ci-go,trivy,debian,Debian,linux-libc-dev,6.12.111-1,CVE-2026-72329,MEDIUM,affected,,https://avd.aquasec.com/nvd/cve-2026-72329
ci-go,trivy,debian,Debian,linux-libc-dev,6.12.111-1,CVE-2026-72337,MEDIUM,affected,,https://avd.aquasec.com/nvd/cve-2026-72337
ci-go,trivy,debian,Debian,linux-libc-dev,6.12.111-1,CVE-2026-72341,MEDIUM,affected,,https://avd.aquasec.com/nvd/cve-2026-72341
ci-go,trivy,debian,Debian,linux-libc-dev,6.12.111-1,CVE-2026-72355,MEDIUM,affected,,https://avd.aquasec.com/nvd/cve-2026-72355
ci-go,trivy,debian,Debian,linux-libc-dev,6.12.111-1,CVE-2026-72365,MEDIUM,affected,,https://avd.aquasec.com/nvd/cve-2026-72365
ci-go,trivy,debian,Debian,linux-libc-dev,6.12.111-1,CVE-2026-72366,LOW,affected,,https://avd.aquasec.com/nvd/cve-2026-72366
ci-go,trivy,debian,Debian,linux-libc-dev,6.12.111-1,CVE-2026-72367,MEDIUM,affected,,https://avd.aquasec.com/nvd/cve-2026-72367
ci-go,trivy,debian,Debian,linux-libc-dev,6.12.111-1,CVE-2026-72375,MEDIUM,affected,,https://avd.aquasec.com/nvd/cve-2026-72375
ci-go,trivy,debian,Debian,linux-libc-dev,6.12.111-1,CVE-2026-72380,MEDIUM,affected,,https://avd.aquasec.com/nvd/cve-2026-72380
ci-go,trivy,debian,Debian,linux-libc-dev,6.12.111-1,CVE-2026-72383,MEDIUM,affected,,https://avd.aquasec.com/nvd/cve-2026-72383
ci-go,trivy,debian,Debian,linux-libc-dev,6.12.111-1,CVE-2026-72388,MEDIUM,affected,,https://avd.aquasec.com/nvd/cve-2026-72388
ci-go,trivy,debian,Debian,linux-libc-dev,6.12.111-1,CVE-2026-72397,MEDIUM,affected,,https://avd.aquasec.com/nvd/cve-2026-72397
ci-go,trivy,debian,Debian,linux-libc-dev,6.12.111-1,CVE-2026-72398,MEDIUM,affected,,https://avd.aquasec.com/nvd/cve-2026-72398
ci-go,trivy,debian,Debian,linux-libc-dev,6.12.111-1,CVE-2026-72404,MEDIUM,affected,,https://avd.aquasec.com/nvd/cve-2026-72404
ci-go,trivy,debian,Debian,linux-libc-dev,6.12.111-1,CVE-2026-72423,MEDIUM,affected,,https://avd.aquasec.com/nvd/cve-2026-72423
ci-go,trivy,debian,Debian,linux-libc-dev,6.12.111-1,CVE-2026-72439,LOW,affected,,https://avd.aquasec.com/nvd/cve-2026-72439
ci-go,trivy,debian,Debian,linux-libc-dev,6.12.111-1,CVE-2026-72440,MEDIUM,affected,,https://avd.aquasec.com/nvd/cve-2026-72440
ci-go,trivy,debian,Debian,linux-libc-dev,6.12.111-1,CVE-2026-72454,MEDIUM,affected,,https://avd.aquasec.com/nvd/cve-2026-72454
ci-go,trivy,debian,Debian,linux-libc-dev,6.12.111-1,CVE-2026-72463,HIGH,affected,,https://avd.aquasec.com/nvd/cve-2026-72463
ci-go,trivy,debian,Debian,linux-libc-dev,6.12.111-1,CVE-2026-72488,MEDIUM,affected,,https://avd.aquasec.com/nvd/cve-2026-72488
ci-go,trivy,debian,Debian,linux-libc-dev,6.12.111-1,CVE-2026-72493,MEDIUM,affected,,https://avd.aquasec.com/nvd/cve-2026-72493
ci-go,trivy,debian,Debian,linux-libc-dev,6.12.111-1,CVE-2026-72494,LOW,affected,,https://avd.aquasec.com/nvd/cve-2026-72494
ci-go,trivy,debian,Debian,linux-libc-dev,6.12.111-1,CVE-2026-72495,MEDIUM,affected,,https://avd.aquasec.com/nvd/cve-2026-72495
ci-go,trivy,debian,Debian,linux-libc-dev,6.12.111-1,CVE-2026-72497,LOW,affected,,https://avd.aquasec.com/nvd/cve-2026-72497
ci-go,trivy,debian,Debian,linux-libc-dev,6.12.111-1,CVE-2026-72499,MEDIUM,affected,,https://avd.aquasec.com/nvd/cve-2026-72499
ci-go,trivy,debian,Debian,linux-libc-dev,6.12.111-1,CVE-2026-72500,MEDIUM,affected,,https://avd.aquasec.com/nvd/cve-2026-72500
ci-go,trivy,debian,Debian,linux-libc-dev,6.12.111-1,CVE-2026-72501,MEDIUM,affected,,https://avd.aquasec.com/nvd/cve-2026-72501
ci-go,trivy,debian,Debian,linux-libc-dev,6.12.111-1,CVE-2026-74257,MEDIUM,affected,,https://avd.aquasec.com/nvd/cve-2026-74257
ci-go,trivy,debian,Debian,linux-libc-dev,6.12.111-1,CVE-2026-74261,LOW,affected,,https://avd.aquasec.com/nvd/cve-2026-74261
ci-go,trivy,debian,Debian,linux-libc-dev,6.12.111-1,CVE-2026-74264,MEDIUM,affected,,https://avd.aquasec.com/nvd/cve-2026-74264
ci-go,trivy,debian,Debian,linux-libc-dev,6.12.111-1,CVE-2026-74269,HIGH,affected,,https://avd.aquasec.com/nvd/cve-2026-74269
ci-go,trivy,debian,Debian,linux-libc-dev,6.12.111-1,CVE-2026-74272,MEDIUM,affected,,https://avd.aquasec.com/nvd/cve-2026-74272
ci-go,trivy,debian,Debian,linux-libc-dev,6.12.111-1,CVE-2026-74273,MEDIUM,affected,,https://avd.aquasec.com/nvd/cve-2026-74273
ci-go,trivy,debian,Debian,linux-libc-dev,6.12.111-1,CVE-2026-74314,MEDIUM,affected,,https://avd.aquasec.com/nvd/cve-2026-74314
ci-go,trivy,debian,Debian,linux-libc-dev,6.12.111-1,CVE-2026-74317,MEDIUM,affected,,https://avd.aquasec.com/nvd/cve-2026-74317
ci-go,trivy,debian,Debian,linux-libc-dev,6.12.111-1,CVE-2026-74324,MEDIUM,affected,,https://avd.aquasec.com/nvd/cve-2026-74324
ci-go,trivy,debian,Debian,linux-libc-dev,6.12.111-1,CVE-2026-74337,MEDIUM,affected,,https://avd.aquasec.com/nvd/cve-2026-74337
ci-go,trivy,debian,Debian,linux-libc-dev,6.12.111-1,CVE-2026-74338,LOW,affected,,https://avd.aquasec.com/nvd/cve-2026-74338
ci-go,trivy,debian,Debian,linux-libc-dev,6.12.111-1,CVE-2026-74342,MEDIUM,affected,,https://avd.aquasec.com/nvd/cve-2026-74342
ci-go,trivy,debian,Debian,linux-libc-dev,6.12.111-1,CVE-2026-74344,MEDIUM,affected,,https://avd.aquasec.com/nvd/cve-2026-74344
ci-go,trivy,debian,Debian,linux-libc-dev,6.12.111-1,CVE-2026-74347,MEDIUM,affected,,https://avd.aquasec.com/nvd/cve-2026-74347
ci-go,trivy,debian,Debian,linux-libc-dev,6.12.111-1,CVE-2026-74350,MEDIUM,affected,,https://avd.aquasec.com/nvd/cve-2026-74350
ci-go,trivy,debian,Debian,linux-libc-dev,6.12.111-1,CVE-2026-74354,MEDIUM,affected,,https://avd.aquasec.com/nvd/cve-2026-74354
ci-go,trivy,debian,Debian,linux-libc-dev,6.12.111-1,CVE-2026-74368,MEDIUM,affected,,https://avd.aquasec.com/nvd/cve-2026-74368
ci-go,trivy,debian,Debian,linux-libc-dev,6.12.111-1,CVE-2026-74373,LOW,affected,,https://avd.aquasec.com/nvd/cve-2026-74373
ci-go,trivy,debian,Debian,linux-libc-dev,6.12.111-1,CVE-2026-74374,LOW,affected,,https://avd.aquasec.com/nvd/cve-2026-74374
ci-go,trivy,debian,Debian,linux-libc-dev,6.12.111-1,CVE-2026-74375,LOW,affected,,https://avd.aquasec.com/nvd/cve-2026-74375
ci-go,trivy,debian,Debian,linux-libc-dev,6.12.111-1,CVE-2026-74385,MEDIUM,affected,,https://avd.aquasec.com/nvd/cve-2026-74385
ci-go,trivy,debian,Debian,linux-libc-dev,6.12.111-1,CVE-2026-74388,MEDIUM,affected,,https://avd.aquasec.com/nvd/cve-2026-74388
ci-go,trivy,debian,Debian,linux-libc-dev,6.12.111-1,CVE-2026-74405,MEDIUM,affected,,https://avd.aquasec.com/nvd/cve-2026-74405
ci-go,trivy,debian,Debian,linux-libc-dev,6.12.111-1,CVE-2026-74407,MEDIUM,affected,,https://avd.aquasec.com/nvd/cve-2026-74407
ci-go,trivy,debian,Debian,linux-libc-dev,6.12.111-1,CVE-2026-74449,MEDIUM,affected,,https://avd.aquasec.com/nvd/cve-2026-74449
ci-go,trivy,debian,Debian,linux-libc-dev,6.12.111-1,CVE-2026-74466,MEDIUM,affected,,https://avd.aquasec.com/nvd/cve-2026-74466
ci-go,trivy,debian,Debian,linux-libc-dev,6.12.111-1,CVE-2026-74506,MEDIUM,affected,,https://avd.aquasec.com/nvd/cve-2026-74506
ci-go,trivy,debian,Debian,linux-libc-dev,6.12.111-1,CVE-2026-74513,MEDIUM,affected,,https://avd.aquasec.com/nvd/cve-2026-74513
ci-go,trivy,debian,Debian,linux-libc-dev,6.12.111-1,CVE-2026-74520,HIGH,affected,,https://avd.aquasec.com/nvd/cve-2026-74520
ci-go,trivy,debian,Debian,linux-libc-dev,6.12.111-1,CVE-2026-74527,MEDIUM,affected,,https://avd.aquasec.com/nvd/cve-2026-74527
ci-go,trivy,debian,Debian,linux-libc-dev,6.12.111-1,CVE-2026-74529,MEDIUM,affected,,https://avd.aquasec.com/nvd/cve-2026-74529
ci-go,trivy,debian,Debian,linux-libc-dev,6.12.111-1,CVE-2026-74530,MEDIUM,affected,,https://avd.aquasec.com/nvd/cve-2026-74530
ci-go,trivy,debian,Debian,linux-libc-dev,6.12.111-1,CVE-2026-74533,MEDIUM,affected,,https://avd.aquasec.com/nvd/cve-2026-74533
ci-go,trivy,debian,Debian,linux-libc-dev,6.12.111-1,CVE-2026-74534,MEDIUM,affected,,https://avd.aquasec.com/nvd/cve-2026-74534
ci-go,trivy,debian,Debian,linux-libc-dev,6.12.111-1,CVE-2026-74537,MEDIUM,affected,,https://avd.aquasec.com/nvd/cve-2026-74537
ci-go,trivy,debian,Debian,linux-libc-dev,6.12.111-1,CVE-2026-74538,MEDIUM,affected,,https://avd.aquasec.com/nvd/cve-2026-74538
ci-go,trivy,debian,Debian,linux-libc-dev,6.12.111-1,CVE-2026-74542,MEDIUM,affected,,https://avd.aquasec.com/nvd/cve-2026-74542
ci-go,trivy,debian,Debian,linux-libc-dev,6.12.111-1,CVE-2026-74544,MEDIUM,affected,,https://avd.aquasec.com/nvd/cve-2026-74544
ci-go,trivy,debian,Debian,linux-libc-dev,6.12.111-1,CVE-2026-74558,LOW,affected,,https://avd.aquasec.com/nvd/cve-2026-74558
ci-go,trivy,debian,Debian,linux-libc-dev,6.12.111-1,CVE-2026-74559,LOW,affected,,https://avd.aquasec.com/nvd/cve-2026-74559
ci-go,trivy,debian,Debian,linux-libc-dev,6.12.111-1,CVE-2026-74560,LOW,affected,,https://avd.aquasec.com/nvd/cve-2026-74560
ci-go,trivy,debian,Debian,linux-libc-dev,6.12.111-1,CVE-2026-74571,LOW,affected,,https://avd.aquasec.com/nvd/cve-2026-74571
ci-go,trivy,debian,Debian,linux-libc-dev,6.12.111-1,CVE-2026-74600,MEDIUM,affected,,https://avd.aquasec.com/nvd/cve-2026-74600
ci-go,trivy,debian,Debian,linux-libc-dev,6.12.111-1,CVE-2026-74605,MEDIUM,affected,,https://avd.aquasec.com/nvd/cve-2026-74605
ci-go,trivy,debian,Debian,linux-libc-dev,6.12.111-1,CVE-2026-74611,MEDIUM,affected,,https://avd.aquasec.com/nvd/cve-2026-74611
ci-go,trivy,debian,Debian,linux-libc-dev,6.12.111-1,CVE-2026-74638,MEDIUM,affected,,https://avd.aquasec.com/nvd/cve-2026-74638
ci-go,trivy,debian,Debian,linux-libc-dev,6.12.111-1,CVE-2026-74687,MEDIUM,affected,,https://avd.aquasec.com/nvd/cve-2026-74687
ci-go,trivy,debian,Debian,linux-libc-dev,6.12.111-1,CVE-2026-74690,MEDIUM,affected,,https://avd.aquasec.com/nvd/cve-2026-74690
ci-go,trivy,debian,Debian,linux-libc-dev,6.12.111-1,CVE-2026-74695,MEDIUM,affected,,https://avd.aquasec.com/nvd/cve-2026-74695
ci-go,trivy,debian,Debian,linux-libc-dev,6.12.111-1,CVE-2026-74697,MEDIUM,affected,,https://avd.aquasec.com/nvd/cve-2026-74697
ci-go,trivy,debian,Debian,linux-libc-dev,6.12.111-1,CVE-2026-74711,MEDIUM,affected,,https://avd.aquasec.com/nvd/cve-2026-74711
ci-go,trivy,debian,Debian,linux-libc-dev,6.12.111-1,CVE-2026-74713,MEDIUM,affected,,https://avd.aquasec.com/nvd/cve-2026-74713
ci-go,trivy,debian,Debian,linux-libc-dev,6.12.111-1,CVE-2026-74715,MEDIUM,affected,,https://avd.aquasec.com/nvd/cve-2026-74715
ci-go,trivy,debian,Debian,linux-libc-dev,6.12.111-1,CVE-2026-74723,MEDIUM,affected,,https://avd.aquasec.com/nvd/cve-2026-74723
ci-go,trivy,debian,Debian,linux-libc-dev,6.12.111-1,CVE-2026-74728,LOW,affected,,https://avd.aquasec.com/nvd/cve-2026-74728
ci-go,trivy,debian,Debian,linux-libc-dev,6.12.111-1,CVE-2026-74729,MEDIUM,affected,,https://avd.aquasec.com/nvd/cve-2026-74729
ci-go,trivy,debian,Debian,linux-libc-dev,6.12.111-1,CVE-2026-74733,LOW,affected,,https://avd.aquasec.com/nvd/cve-2026-74733
ci-go,trivy,debian,Debian,linux-libc-dev,6.12.111-1,CVE-2026-74734,LOW,affected,,https://avd.aquasec.com/nvd/cve-2026-74734
ci-go,trivy,debian,Debian,linux-libc-dev,6.12.111-1,CVE-2026-74747,MEDIUM,affected,,https://avd.aquasec.com/nvd/cve-2026-74747
ci-go,trivy,debian,Debian,linux-libc-dev,6.12.111-1,CVE-2026-74752,HIGH,affected,,https://avd.aquasec.com/nvd/cve-2026-74752
ci-go,trivy,debian,Debian,linux-libc-dev,6.12.111-1,CVE-2026-74754,LOW,affected,,https://avd.aquasec.com/nvd/cve-2026-74754
ci-go,trivy,debian,Debian,linux-libc-dev,6.12.111-1,CVE-2026-80579,MEDIUM,affected,,https://avd.aquasec.com/nvd/cve-2026-80579
ci-go,trivy,debian,Debian,linux-libc-dev,6.12.111-1,CVE-2026-80580,MEDIUM,affected,,https://avd.aquasec.com/nvd/cve-2026-80580
ci-go,trivy,debian,Debian,linux-libc-dev,6.12.111-1,CVE-2026-80581,LOW,affected,,https://avd.aquasec.com/nvd/cve-2026-80581
ci-go,trivy,debian,Debian,linux-libc-dev,6.12.111-1,CVE-2026-80607,LOW,affected,,https://avd.aquasec.com/nvd/cve-2026-80607
ci-go,trivy,debian,Debian,linux-libc-dev,6.12.111-1,CVE-2026-80614,MEDIUM,affected,,https://avd.aquasec.com/nvd/cve-2026-80614
ci-go,trivy,debian,Debian,linux-libc-dev,6.12.111-1,CVE-2026-80616,LOW,affected,,https://avd.aquasec.com/nvd/cve-2026-80616
ci-go,trivy,debian,Debian,linux-libc-dev,6.12.111-1,CVE-2026-80623,MEDIUM,affected,,https://avd.aquasec.com/nvd/cve-2026-80623
ci-go,trivy,debian,Debian,linux-libc-dev,6.12.111-1,CVE-2026-80628,MEDIUM,affected,,https://avd.aquasec.com/nvd/cve-2026-80628
ci-go,trivy,debian,Debian,linux-libc-dev,6.12.111-1,CVE-2026-80631,MEDIUM,affected,,https://avd.aquasec.com/nvd/cve-2026-80631
ci-go,trivy,debian,Debian,linux-libc-dev,6.12.111-1,CVE-2026-80634,MEDIUM,affected,,https://avd.aquasec.com/nvd/cve-2026-80634
ci-go,trivy,debian,Debian,linux-libc-dev,6.12.111-1,CVE-2026-80643,LOW,affected,,https://avd.aquasec.com/nvd/cve-2026-80643
ci-go,trivy,debian,Debian,linux-libc-dev,6.12.111-1,CVE-2026-80653,LOW,affected,,https://avd.aquasec.com/nvd/cve-2026-80653
ci-go,trivy,debian,Debian,linux-libc-dev,6.12.111-1,CVE-2026-80655,MEDIUM,affected,,https://avd.aquasec.com/nvd/cve-2026-80655
ci-go,trivy,debian,Debian,linux-libc-dev,6.12.111-1,CVE-2026-80662,MEDIUM,affected,,https://avd.aquasec.com/nvd/cve-2026-80662
ci-go,trivy,debian,Debian,linux-libc-dev,6.12.111-1,CVE-2026-80668,MEDIUM,affected,,https://avd.aquasec.com/nvd/cve-2026-80668
ci-go,trivy,debian,Debian,linux-libc-dev,6.12.111-1,CVE-2026-80670,MEDIUM,affected,,https://avd.aquasec.com/nvd/cve-2026-80670
ci-go,trivy,debian,Debian,linux-libc-dev,6.12.111-1,CVE-2026-80692,MEDIUM,affected,,https://avd.aquasec.com/nvd/cve-2026-80692
ci-go,trivy,debian,Debian,linux-libc-dev,6.12.111-1,CVE-2026-80693,MEDIUM,affected,,https://avd.aquasec.com/nvd/cve-2026-80693
ci-go,trivy,debian,Debian,linux-libc-dev,6.12.111-1,CVE-2026-80698,MEDIUM,affected,,https://avd.aquasec.com/nvd/cve-2026-80698
ci-go,trivy,debian,Debian,linux-libc-dev,6.12.111-1,CVE-2026-80705,LOW,affected,,https://avd.aquasec.com/nvd/cve-2026-80705
ci-go,trivy,debian,Debian,linux-libc-dev,6.12.111-1,CVE-2026-80721,MEDIUM,affected,,https://avd.aquasec.com/nvd/cve-2026-80721
ci-go,trivy,debian,Debian,linux-libc-dev,6.12.111-1,CVE-2026-80738,MEDIUM,affected,,https://avd.aquasec.com/nvd/cve-2026-80738
ci-go,trivy,debian,Debian,linux-libc-dev,6.12.111-1,CVE-2026-80747,MEDIUM,affected,,https://avd.aquasec.com/nvd/cve-2026-80747
ci-go,trivy,debian,Debian,linux-libc-dev,6.12.111-1,CVE-2026-80761,MEDIUM,affected,,https://avd.aquasec.com/nvd/cve-2026-80761
ci-go,trivy,debian,Debian,linux-libc-dev,6.12.111-1,CVE-2026-80785,MEDIUM,affected,,https://avd.aquasec.com/nvd/cve-2026-80785
ci-go,trivy,debian,Debian,linux-libc-dev,6.12.111-1,CVE-2026-80786,MEDIUM,affected,,https://avd.aquasec.com/nvd/cve-2026-80786
ci-go,trivy,debian,Debian,linux-libc-dev,6.12.111-1,CVE-2026-80866,MEDIUM,affected,,https://avd.aquasec.com/nvd/cve-2026-80866
ci-go,trivy,debian,Debian,linux-libc-dev,6.12.111-1,CVE-2026-80872,MEDIUM,affected,,https://avd.aquasec.com/nvd/cve-2026-80872
ci-go,trivy,debian,Debian,linux-libc-dev,6.12.111-1,CVE-2026-80884,MEDIUM,affected,,https://avd.aquasec.com/nvd/cve-2026-80884
ci-go,trivy,debian,Debian,linux-libc-dev,6.12.111-1,CVE-2026-80899,MEDIUM,affected,,https://avd.aquasec.com/nvd/cve-2026-80899
ci-go,trivy,debian,Debian,linux-libc-dev,6.12.111-1,CVE-2026-80905,MEDIUM,affected,,https://avd.aquasec.com/nvd/cve-2026-80905
ci-go,trivy,debian,Debian,linux-libc-dev,6.12.111-1,CVE-2026-80920,MEDIUM,affected,,https://avd.aquasec.com/nvd/cve-2026-80920
ci-go,trivy,debian,Debian,linux-libc-dev,6.12.111-1,CVE-2026-80935,MEDIUM,affected,,https://avd.aquasec.com/nvd/cve-2026-80935
ci-go,trivy,debian,Debian,linux-libc-dev,6.12.111-1,CVE-2026-80937,MEDIUM,affected,,https://avd.aquasec.com/nvd/cve-2026-80937
ci-go,trivy,debian,Debian,linux-libc-dev,6.12.111-1,CVE-2026-80939,LOW,affected,,https://avd.aquasec.com/nvd/cve-2026-80939
ci-go,trivy,debian,Debian,linux-libc-dev,6.12.111-1,CVE-2026-80948,LOW,affected,,https://avd.aquasec.com/nvd/cve-2026-80948
ci-go,trivy,debian,Debian,linux-libc-dev,6.12.111-1,CVE-2026-80980,MEDIUM,affected,,https://avd.aquasec.com/nvd/cve-2026-80980
ci-go,trivy,debian,Debian,linux-libc-dev,6.12.111-1,CVE-2026-81010,MEDIUM,affected,,https://avd.aquasec.com/nvd/cve-2026-81010
ci-go,trivy,debian,Debian,linux-libc-dev,6.12.111-1,CVE-2026-81016,MEDIUM,affected,,https://avd.aquasec.com/nvd/cve-2026-81016
ci-go,trivy,debian,Debian,linux-libc-dev,6.12.111-1,CVE-2026-89437,MEDIUM,affected,,https://avd.aquasec.com/nvd/cve-2026-89437
ci-go,trivy,debian,Debian,linux-libc-dev,6.12.111-1,CVE-2026-89441,MEDIUM,affected,,https://avd.aquasec.com/nvd/cve-2026-89441
ci-go,trivy,debian,Debian,linux-libc-dev,6.12.111-1,CVE-2026-89445,MEDIUM,affected,,https://avd.aquasec.com/nvd/cve-2026-89445
ci-go,trivy,debian,Debian,linux-libc-dev,6.12.111-1,CVE-2026-89452,MEDIUM,affected,,https://avd.aquasec.com/nvd/cve-2026-89452
ci-go,trivy,debian,Debian,linux-libc-dev,6.12.111-1,CVE-2026-89467,MEDIUM,affected,,https://avd.aquasec.com/nvd/cve-2026-89467
ci-go,trivy,debian,Debian,linux-libc-dev,6.12.111-1,CVE-2026-89500,MEDIUM,affected,,https://avd.aquasec.com/nvd/cve-2026-89500
ci-go,trivy,debian,Debian,linux-libc-dev,6.12.111-1,CVE-2026-89503,MEDIUM,affected,,https://avd.aquasec.com/nvd/cve-2026-89503
ci-go,trivy,debian,Debian,linux-libc-dev,6.12.111-1,CVE-2026-89520,MEDIUM,affected,,https://avd.aquasec.com/nvd/cve-2026-89520
ci-go,trivy,debian,Debian,linux-libc-dev,6.12.111-1,CVE-2026-89527,LOW,affected,,https://avd.aquasec.com/nvd/cve-2026-89527
ci-go,trivy,debian,Debian,linux-libc-dev,6.12.111-1,CVE-2026-89528,MEDIUM,affected,,https://avd.aquasec.com/nvd/cve-2026-89528
ci-go,trivy,debian,Debian,linux-libc-dev,6.12.111-1,CVE-2026-89534,MEDIUM,affected,,https://avd.aquasec.com/nvd/cve-2026-89534
ci-go,trivy,debian,Debian,linux-libc-dev,6.12.111-1,CVE-2026-89537,MEDIUM,affected,,https://avd.aquasec.com/nvd/cve-2026-89537
ci-go,trivy,debian,Debian,linux-libc-dev,6.12.111-1,CVE-2026-89601,LOW,affected,,https://avd.aquasec.com/nvd/cve-2026-89601
ci-go,trivy,debian,Debian,linux-libc-dev,6.12.111-1,CVE-2026-89610,MEDIUM,affected,,https://avd.aquasec.com/nvd/cve-2026-89610
ci-go,trivy,debian,Debian,linux-libc-dev,6.12.111-1,CVE-2026-89611,MEDIUM,affected,,https://avd.aquasec.com/nvd/cve-2026-89611
ci-go,trivy,debian,Debian,linux-libc-dev,6.12.111-1,CVE-2026-89631,HIGH,affected,,https://avd.aquasec.com/nvd/cve-2026-89631
ci-go,trivy,debian,Debian,linux-libc-dev,6.12.111-1,CVE-2026-89633,HIGH,affected,,https://avd.aquasec.com/nvd/cve-2026-89633
ci-go,trivy,debian,Debian,linux-libc-dev,6.12.111-1,CVE-2026-89637,MEDIUM,affected,,https://avd.aquasec.com/nvd/cve-2026-89637
ci-go,trivy,debian,Debian,linux-libc-dev,6.12.111-1,CVE-2026-89638,HIGH,affected,,https://avd.aquasec.com/nvd/cve-2026-89638
ci-go,trivy,debian,Debian,linux-libc-dev,6.12.111-1,CVE-2026-89639,MEDIUM,affected,,https://avd.aquasec.com/nvd/cve-2026-89639
ci-go,trivy,debian,Debian,linux-libc-dev,6.12.111-1,CVE-2026-89642,MEDIUM,affected,,https://avd.aquasec.com/nvd/cve-2026-89642
ci-go,trivy,debian,Debian,linux-libc-dev,6.12.111-1,CVE-2026-89648,MEDIUM,affected,,https://avd.aquasec.com/nvd/cve-2026-89648
ci-go,trivy,debian,Debian,linux-libc-dev,6.12.111-1,CVE-2026-89654,MEDIUM,affected,,https://avd.aquasec.com/nvd/cve-2026-89654
ci-go,trivy,debian,Debian,linux-libc-dev,6.12.111-1,CVE-2026-89675,HIGH,affected,,https://avd.aquasec.com/nvd/cve-2026-89675
ci-go,trivy,debian,Debian,linux-libc-dev,6.12.111-1,CVE-2026-89682,MEDIUM,affected,,https://avd.aquasec.com/nvd/cve-2026-89682
ci-go,trivy,debian,Debian,linux-libc-dev,6.12.111-1,CVE-2026-89705,MEDIUM,affected,,https://avd.aquasec.com/nvd/cve-2026-89705
ci-go,trivy,debian,Debian,linux-libc-dev,6.12.111-1,CVE-2026-89709,MEDIUM,affected,,https://avd.aquasec.com/nvd/cve-2026-89709
ci-go,trivy,debian,Debian,linux-libc-dev,6.12.111-1,CVE-2026-89722,MEDIUM,affected,,https://avd.aquasec.com/nvd/cve-2026-89722
ci-go,trivy,debian,Debian,linux-libc-dev,6.12.111-1,CVE-2026-89757,MEDIUM,affected,,https://avd.aquasec.com/nvd/cve-2026-89757
ci-go,trivy,debian,Debian,linux-libc-dev,6.12.111-1,CVE-2026-89766,MEDIUM,affected,,https://avd.aquasec.com/nvd/cve-2026-89766
ci-go,trivy,debian,Debian,linux-libc-dev,6.12.111-1,CVE-2026-89788,MEDIUM,affected,,https://avd.aquasec.com/nvd/cve-2026-89788
ci-go,trivy,debian,Debian,linux-libc-dev,6.12.111-1,CVE-2026-89795,MEDIUM,affected,,https://avd.aquasec.com/nvd/cve-2026-89795
ci-go,trivy,debian,Debian,linux-libc-dev,6.12.111-1,CVE-2026-89797,MEDIUM,affected,,https://avd.aquasec.com/nvd/cve-2026-89797
ci-go,trivy,debian,Debian,linux-libc-dev,6.12.111-1,CVE-2026-89806,MEDIUM,affected,,https://avd.aquasec.com/nvd/cve-2026-89806
ci-go,trivy,debian,Debian,linux-libc-dev,6.12.111-1,CVE-2026-89808,MEDIUM,affected,,https://avd.aquasec.com/nvd/cve-2026-89808
ci-go,trivy,debian,Debian,linux-libc-dev,6.12.111-1,CVE-2026-89810,MEDIUM,affected,,https://avd.aquasec.com/nvd/cve-2026-89810
ci-go,trivy,debian,Debian,linux-libc-dev,6.12.111-1,CVE-2026-89811,HIGH,affected,,https://avd.aquasec.com/nvd/cve-2026-89811
ci-go,trivy,debian,Debian,linux-libc-dev,6.12.111-1,CVE-2026-89812,MEDIUM,affected,,https://avd.aquasec.com/nvd/cve-2026-89812
ci-go,trivy,debian,Debian,linux-libc-dev,6.12.111-1,CVE-2026-89813,MEDIUM,affected,,https://avd.aquasec.com/nvd/cve-2026-89813
ci-go,trivy,debian,Debian,linux-libc-dev,6.12.111-1,CVE-2026-89826,MEDIUM,affected,,https://avd.aquasec.com/nvd/cve-2026-89826
ci-go,trivy,debian,Debian,linux-libc-dev,6.12.111-1,CVE-2026-89827,MEDIUM,affected,,https://avd.aquasec.com/nvd/cve-2026-89827
ci-go,trivy,debian,Debian,linux-libc-dev,6.12.111-1,CVE-2026-89832,MEDIUM,affected,,https://avd.aquasec.com/nvd/cve-2026-89832
ci-go,trivy,debian,Debian,linux-libc-dev,6.12.111-1,CVE-2026-89833,MEDIUM,affected,,https://avd.aquasec.com/nvd/cve-2026-89833
ci-go,trivy,debian,Debian,linux-libc-dev,6.12.111-1,CVE-2026-89837,MEDIUM,affected,,https://avd.aquasec.com/nvd/cve-2026-89837
ci-go,trivy,debian,Debian,linux-libc-dev,6.12.111-1,CVE-2026-89838,MEDIUM,affected,,https://avd.aquasec.com/nvd/cve-2026-89838
ci-go,trivy,debian,Debian,linux-libc-dev,6.12.111-1,CVE-2026-89840,MEDIUM,affected,,https://avd.aquasec.com/nvd/cve-2026-89840
ci-go,trivy,debian,Debian,linux-libc-dev,6.12.111-1,CVE-2026-89859,MEDIUM,affected,,https://avd.aquasec.com/nvd/cve-2026-89859
ci-go,trivy,debian,Debian,linux-libc-dev,6.12.111-1,CVE-2026-89862,LOW,affected,,https://avd.aquasec.com/nvd/cve-2026-89862
ci-go,trivy,debian,Debian,linux-libc-dev,6.12.111-1,CVE-2026-89866,MEDIUM,affected,,https://avd.aquasec.com/nvd/cve-2026-89866
ci-go,trivy,debian,Debian,linux-libc-dev,6.12.111-1,CVE-2026-89868,MEDIUM,affected,,https://avd.aquasec.com/nvd/cve-2026-89868
ci-go,trivy,debian,Debian,linux-libc-dev,6.12.111-1,CVE-2026-89906,MEDIUM,affected,,https://avd.aquasec.com/nvd/cve-2026-89906
ci-go,trivy,debian,Debian,linux-libc-dev,6.12.111-1,CVE-2026-89912,MEDIUM,affected,,https://avd.aquasec.com/nvd/cve-2026-89912
ci-go,trivy,debian,Debian,linux-libc-dev,6.12.111-1,CVE-2026-89913,MEDIUM,affected,,https://avd.aquasec.com/nvd/cve-2026-89913
ci-go,trivy,debian,Debian,linux-libc-dev,6.12.111-1,CVE-2026-89920,MEDIUM,affected,,https://avd.aquasec.com/nvd/cve-2026-89920
ci-go,trivy,debian,Debian,linux-libc-dev,6.12.111-1,CVE-2026-89921,MEDIUM,affected,,https://avd.aquasec.com/nvd/cve-2026-89921
ci-go,trivy,debian,Debian,linux-libc-dev,6.12.111-1,CVE-2026-89935,MEDIUM,affected,,https://avd.aquasec.com/nvd/cve-2026-89935
ci-go,trivy,debian,Debian,linux-libc-dev,6.12.111-1,CVE-2026-89956,MEDIUM,affected,,https://avd.aquasec.com/nvd/cve-2026-89956
ci-go,trivy,debian,Debian,linux-libc-dev,6.12.111-1,CVE-2026-89971,MEDIUM,affected,,https://avd.aquasec.com/nvd/cve-2026-89971
ci-go,trivy,debian,Debian,linux-libc-dev,6.12.111-1,CVE-2026-89972,HIGH,affected,,https://avd.aquasec.com/nvd/cve-2026-89972
ci-go,trivy,debian,Debian,linux-libc-dev,6.12.111-1,CVE-2026-89987,MEDIUM,affected,,https://avd.aquasec.com/nvd/cve-2026-89987
ci-go,trivy,debian,Debian,linux-libc-dev,6.12.111-1,CVE-2026-89996,MEDIUM,affected,,https://avd.aquasec.com/nvd/cve-2026-89996
ci-go,trivy,debian,Debian,linux-libc-dev,6.12.111-1,CVE-2026-90002,MEDIUM,affected,,https://avd.aquasec.com/nvd/cve-2026-90002
ci-go,trivy,debian,Debian,linux-libc-dev,6.12.111-1,CVE-2026-90013,MEDIUM,affected,,https://avd.aquasec.com/nvd/cve-2026-90013
ci-go,trivy,debian,Debian,linux-libc-dev,6.12.111-1,CVE-2026-90016,MEDIUM,affected,,https://avd.aquasec.com/nvd/cve-2026-90016
ci-go,trivy,debian,Debian,linux-libc-dev,6.12.111-1,CVE-2026-90023,MEDIUM,affected,,https://avd.aquasec.com/nvd/cve-2026-90023
ci-go,trivy,debian,Debian,linux-libc-dev,6.12.111-1,CVE-2026-90029,MEDIUM,affected,,https://avd.aquasec.com/nvd/cve-2026-90029
ci-go,trivy,debian,Debian,linux-libc-dev,6.12.111-1,CVE-2026-90030,MEDIUM,affected,,https://avd.aquasec.com/nvd/cve-2026-90030
ci-go,trivy,debian,Debian,linux-libc-dev,6.12.111-1,CVE-2026-90040,MEDIUM,affected,,https://avd.aquasec.com/nvd/cve-2026-90040
ci-go,trivy,debian,Debian,linux-libc-dev,6.12.111-1,CVE-2026-90061,MEDIUM,affected,,https://avd.aquasec.com/nvd/cve-2026-90061
ci-go,trivy,debian,Debian,linux-libc-dev,6.12.111-1,CVE-2026-90083,MEDIUM,affected,,https://avd.aquasec.com/nvd/cve-2026-90083
ci-go,trivy,debian,Debian,linux-libc-dev,6.12.111-1,CVE-2026-90084,MEDIUM,affected,,https://avd.aquasec.com/nvd/cve-2026-90084
ci-go,trivy,debian,Debian,linux-libc-dev,6.12.111-1,CVE-2026-90086,MEDIUM,affected,,https://avd.aquasec.com/nvd/cve-2026-90086
ci-go,trivy,debian,Debian,linux-libc-dev,6.12.111-1,CVE-2026-90087,MEDIUM,affected,,https://avd.aquasec.com/nvd/cve-2026-90087
ci-go,trivy,debian,Debian,linux-libc-dev,6.12.111-1,CVE-2026-90093,MEDIUM,affected,,https://avd.aquasec.com/nvd/cve-2026-90093
ci-go,trivy,debian,Debian,linux-libc-dev,6.12.111-1,CVE-2026-90097,MEDIUM,affected,,https://avd.aquasec.com/nvd/cve-2026-90097
ci-go,trivy,debian,Debian,linux-libc-dev,6.12.111-1,CVE-2026-90098,MEDIUM,affected,,https://avd.aquasec.com/nvd/cve-2026-90098
ci-go,trivy,debian,Debian,linux-libc-dev,6.12.111-1,CVE-2026-90099,MEDIUM,affected,,https://avd.aquasec.com/nvd/cve-2026-90099
ci-go,trivy,debian,Debian,linux-libc-dev,6.12.111-1,CVE-2026-90104,MEDIUM,affected,,https://avd.aquasec.com/nvd/cve-2026-90104
ci-go,trivy,debian,Debian,linux-libc-dev,6.12.111-1,CVE-2026-90105,MEDIUM,affected,,https://avd.aquasec.com/nvd/cve-2026-90105
ci-go,trivy,debian,Debian,linux-libc-dev,6.12.111-1,CVE-2026-90106,MEDIUM,affected,,https://avd.aquasec.com/nvd/cve-2026-90106
ci-go,trivy,debian,Debian,linux-libc-dev,6.12.111-1,CVE-2026-90111,HIGH,affected,,https://avd.aquasec.com/nvd/cve-2026-90111
ci-go,trivy,debian,Debian,linux-libc-dev,6.12.111-1,CVE-2026-90116,MEDIUM,affected,,https://avd.aquasec.com/nvd/cve-2026-90116
ci-go,trivy,debian,Debian,linux-libc-dev,6.12.111-1,CVE-2026-90142,MEDIUM,affected,,https://avd.aquasec.com/nvd/cve-2026-90142
ci-go,trivy,debian,Debian,linux-libc-dev,6.12.111-1,CVE-2026-90144,MEDIUM,affected,,https://avd.aquasec.com/nvd/cve-2026-90144
ci-go,trivy,debian,Debian,linux-libc-dev,6.12.111-1,CVE-2026-90146,MEDIUM,affected,,https://avd.aquasec.com/nvd/cve-2026-90146
ci-go,trivy,debian,Debian,linux-libc-dev,6.12.111-1,CVE-2026-90149,MEDIUM,affected,,https://avd.aquasec.com/nvd/cve-2026-90149
ci-go,trivy,debian,Debian,linux-libc-dev,6.12.111-1,CVE-2026-90154,MEDIUM,affected,,https://avd.aquasec.com/nvd/cve-2026-90154
ci-go,trivy,debian,Debian,linux-libc-dev,6.12.111-1,CVE-2026-90155,MEDIUM,affected,,https://avd.aquasec.com/nvd/cve-2026-90155
ci-go,trivy,debian,Debian,linux-libc-dev,6.12.111-1,CVE-2026-90156,MEDIUM,affected,,https://avd.aquasec.com/nvd/cve-2026-90156
ci-go,trivy,debian,Debian,linux-libc-dev,6.12.111-1,CVE-2026-90161,MEDIUM,affected,,https://avd.aquasec.com/nvd/cve-2026-90161
ci-go,trivy,debian,Debian,linux-libc-dev,6.12.111-1,CVE-2026-90162,MEDIUM,affected,,https://avd.aquasec.com/nvd/cve-2026-90162
ci-go,trivy,debian,Debian,linux-libc-dev,6.12.111-1,CVE-2026-90167,MEDIUM,affected,,https://avd.aquasec.com/nvd/cve-2026-90167
ci-go,trivy,debian,Debian,linux-libc-dev,6.12.111-1,CVE-2026-90174,MEDIUM,affected,,https://avd.aquasec.com/nvd/cve-2026-90174
ci-go,trivy,debian,Debian,linux-libc-dev,6.12.111-1,CVE-2026-90177,MEDIUM,affected,,https://avd.aquasec.com/nvd/cve-2026-90177
ci-go,trivy,debian,Debian,linux-libc-dev,6.12.111-1,CVE-2026-90179,MEDIUM,affected,,https://avd.aquasec.com/nvd/cve-2026-90179
ci-go,trivy,debian,Debian,linux-libc-dev,6.12.111-1,CVE-2026-90182,LOW,affected,,https://avd.aquasec.com/nvd/cve-2026-90182
ci-go,trivy,debian,Debian,linux-libc-dev,6.12.111-1,CVE-2026-90183,LOW,affected,,https://avd.aquasec.com/nvd/cve-2026-90183
ci-go,trivy,debian,Debian,linux-libc-dev,6.12.111-1,CVE-2026-90204,MEDIUM,affected,,https://avd.aquasec.com/nvd/cve-2026-90204
ci-go,trivy,debian,Debian,linux-libc-dev,6.12.111-1,CVE-2026-90205,MEDIUM,affected,,https://avd.aquasec.com/nvd/cve-2026-90205
ci-go,trivy,debian,Debian,linux-libc-dev,6.12.111-1,CVE-2026-90206,MEDIUM,affected,,https://avd.aquasec.com/nvd/cve-2026-90206
ci-go,trivy,debian,Debian,linux-libc-dev,6.12.111-1,CVE-2026-90208,MEDIUM,affected,,https://avd.aquasec.com/nvd/cve-2026-90208
ci-go,trivy,debian,Debian,linux-libc-dev,6.12.111-1,CVE-2026-90211,MEDIUM,affected,,https://avd.aquasec.com/nvd/cve-2026-90211
ci-go,trivy,debian,Debian,linux-libc-dev,6.12.111-1,CVE-2026-90217,MEDIUM,affected,,https://avd.aquasec.com/nvd/cve-2026-90217
ci-go,trivy,debian,Debian,linux-libc-dev,6.12.111-1,CVE-2026-90231,MEDIUM,affected,,https://avd.aquasec.com/nvd/cve-2026-90231
ci-go,trivy,debian,Debian,linux-libc-dev,6.12.111-1,CVE-2026-90232,MEDIUM,affected,,https://avd.aquasec.com/nvd/cve-2026-90232
ci-go,trivy,debian,Debian,linux-libc-dev,6.12.111-1,CVE-2026-90234,MEDIUM,affected,,https://avd.aquasec.com/nvd/cve-2026-90234
ci-go,trivy,debian,Debian,linux-libc-dev,6.12.111-1,CVE-2026-90237,MEDIUM,affected,,https://avd.aquasec.com/nvd/cve-2026-90237
ci-go,trivy,debian,Debian,linux-libc-dev,6.12.111-1,CVE-2026-90240,MEDIUM,affected,,https://avd.aquasec.com/nvd/cve-2026-90240
ci-go,trivy,debian,Debian,linux-libc-dev,6.12.111-1,CVE-2026-90247,MEDIUM,affected,,https://avd.aquasec.com/nvd/cve-2026-90247
ci-go,trivy,debian,Debian,linux-libc-dev,6.12.111-1,CVE-2026-90256,MEDIUM,affected,,https://avd.aquasec.com/nvd/cve-2026-90256
ci-go,trivy,debian,Debian,linux-libc-dev,6.12.111-1,CVE-2026-90259,MEDIUM,affected,,https://avd.aquasec.com/nvd/cve-2026-90259
ci-go,trivy,debian,Debian,linux-libc-dev,6.12.111-1,CVE-2026-90260,MEDIUM,affected,,https://avd.aquasec.com/nvd/cve-2026-90260
ci-go,trivy,debian,Debian,linux-libc-dev,6.12.111-1,CVE-2026-90261,MEDIUM,affected,,https://avd.aquasec.com/nvd/cve-2026-90261
ci-go,trivy,debian,Debian,linux-libc-dev,6.12.111-1,CVE-2026-90263,MEDIUM,affected,,https://avd.aquasec.com/nvd/cve-2026-90263
ci-go,trivy,debian,Debian,linux-libc-dev,6.12.111-1,CVE-2026-90264,MEDIUM,affected,,https://avd.aquasec.com/nvd/cve-2026-90264
ci-go,trivy,debian,Debian,linux-libc-dev,6.12.111-1,CVE-2026-90265,MEDIUM,affected,,https://avd.aquasec.com/nvd/cve-2026-90265
ci-go,trivy,debian,Debian,linux-libc-dev,6.12.111-1,CVE-2026-90267,LOW,affected,,https://avd.aquasec.com/nvd/cve-2026-90267
ci-go,trivy,debian,Debian,linux-libc-dev,6.12.111-1,CVE-2026-90273,MEDIUM,affected,,https://avd.aquasec.com/nvd/cve-2026-90273
ci-go,trivy,debian,Debian,linux-libc-dev,6.12.111-1,CVE-2026-90289,MEDIUM,affected,,https://avd.aquasec.com/nvd/cve-2026-90289
ci-go,trivy,debian,Debian,linux-libc-dev,6.12.111-1,CVE-2026-90300,MEDIUM,affected,,https://avd.aquasec.com/nvd/cve-2026-90300
ci-go,trivy,debian,Debian,linux-libc-dev,6.12.111-1,CVE-2026-90301,MEDIUM,affected,,https://avd.aquasec.com/nvd/cve-2026-90301
ci-go,trivy,debian,Debian,linux-libc-dev,6.12.111-1,CVE-2026-90306,MEDIUM,affected,,https://avd.aquasec.com/nvd/cve-2026-90306
ci-go,trivy,debian,Debian,linux-libc-dev,6.12.111-1,CVE-2026-90311,MEDIUM,affected,,https://avd.aquasec.com/nvd/cve-2026-90311
ci-go,trivy,debian,Debian,linux-libc-dev,6.12.111-1,CVE-2026-90315,HIGH,affected,,https://avd.aquasec.com/nvd/cve-2026-90315
ci-go,trivy,debian,Debian,linux-libc-dev,6.12.111-1,CVE-2026-90317,MEDIUM,affected,,https://avd.aquasec.com/nvd/cve-2026-90317
ci-go,trivy,debian,Debian,linux-libc-dev,6.12.111-1,CVE-2026-90320,MEDIUM,affected,,https://avd.aquasec.com/nvd/cve-2026-90320
ci-go,trivy,debian,Debian,linux-libc-dev,6.12.111-1,CVE-2026-90321,MEDIUM,affected,,https://avd.aquasec.com/nvd/cve-2026-90321
ci-go,trivy,debian,Debian,linux-libc-dev,6.12.111-1,CVE-2026-90324,MEDIUM,affected,,https://avd.aquasec.com/nvd/cve-2026-90324
ci-go,trivy,debian,Debian,linux-libc-dev,6.12.111-1,CVE-2026-90326,MEDIUM,affected,,https://avd.aquasec.com/nvd/cve-2026-90326
ci-go,trivy,debian,Debian,linux-libc-dev,6.12.111-1,CVE-2026-90328,MEDIUM,affected,,https://avd.aquasec.com/nvd/cve-2026-90328
ci-go,trivy,debian,Debian,linux-libc-dev,6.12.111-1,CVE-2026-90330,LOW,affected,,https://avd.aquasec.com/nvd/cve-2026-90330
ci-go,trivy,debian,Debian,linux-libc-dev,6.12.111-1,CVE-2026-90333,MEDIUM,affected,,https://avd.aquasec.com/nvd/cve-2026-90333
ci-go,trivy,debian,Debian,linux-libc-dev,6.12.111-1,CVE-2026-90335,MEDIUM,affected,,https://avd.aquasec.com/nvd/cve-2026-90335
ci-go,trivy,debian,Debian,linux-libc-dev,6.12.111-1,CVE-2026-90336,MEDIUM,affected,,https://avd.aquasec.com/nvd/cve-2026-90336
ci-go,trivy,debian,Debian,linux-libc-dev,6.12.111-1,CVE-2026-90337,MEDIUM,affected,,https://avd.aquasec.com/nvd/cve-2026-90337
ci-go,trivy,debian,Debian,linux-libc-dev,6.12.111-1,CVE-2026-90343,MEDIUM,affected,,https://avd.aquasec.com/nvd/cve-2026-90343
ci-go,trivy,debian,Debian,linux-libc-dev,6.12.111-1,CVE-2026-90345,MEDIUM,affected,,https://avd.aquasec.com/nvd/cve-2026-90345
ci-go,trivy,debian,Debian,linux-libc-dev,6.12.111-1,CVE-2026-90346,LOW,affected,,https://avd.aquasec.com/nvd/cve-2026-90346
ci-go,trivy,debian,Debian,linux-libc-dev,6.12.111-1,CVE-2026-90347,MEDIUM,affected,,https://avd.aquasec.com/nvd/cve-2026-90347
ci-go,trivy,debian,Debian,linux-libc-dev,6.12.111-1,CVE-2026-90351,MEDIUM,affected,,https://avd.aquasec.com/nvd/cve-2026-90351
ci-go,trivy,debian,Debian,linux-libc-dev,6.12.111-1,CVE-2026-90359,MEDIUM,affected,,https://avd.aquasec.com/nvd/cve-2026-90359
ci-go,trivy,debian,Debian,linux-libc-dev,6.12.111-1,CVE-2026-90363,MEDIUM,affected,,https://avd.aquasec.com/nvd/cve-2026-90363
ci-go,trivy,debian,Debian,linux-libc-dev,6.12.111-1,CVE-2026-90365,MEDIUM,affected,,https://avd.aquasec.com/nvd/cve-2026-90365
ci-go,trivy,debian,Debian,linux-libc-dev,6.12.111-1,CVE-2026-90367,MEDIUM,affected,,https://avd.aquasec.com/nvd/cve-2026-90367
ci-go,trivy,debian,Debian,linux-libc-dev,6.12.111-1,CVE-2026-90379,MEDIUM,affected,,https://avd.aquasec.com/nvd/cve-2026-90379
ci-go,trivy,debian,Debian,linux-libc-dev,6.12.111-1,CVE-2026-90401,MEDIUM,affected,,https://avd.aquasec.com/nvd/cve-2026-90401
ci-go,trivy,debian,Debian,linux-libc-dev,6.12.111-1,CVE-2026-90408,MEDIUM,affected,,https://avd.aquasec.com/nvd/cve-2026-90408
ci-go,trivy,debian,Debian,linux-libc-dev,6.12.111-1,CVE-2026-90409,MEDIUM,affected,,https://avd.aquasec.com/nvd/cve-2026-90409
ci-go,trivy,debian,Debian,linux-libc-dev,6.12.111-1,CVE-2026-90417,MEDIUM,affected,,https://avd.aquasec.com/nvd/cve-2026-90417
ci-go,trivy,debian,Debian,linux-libc-dev,6.12.111-1,CVE-2026-90421,MEDIUM,affected,,https://avd.aquasec.com/nvd/cve-2026-90421
ci-go,trivy,debian,Debian,linux-libc-dev,6.12.111-1,CVE-2026-90422,MEDIUM,affected,,https://avd.aquasec.com/nvd/cve-2026-90422
ci-go,trivy,debian,Debian,linux-libc-dev,6.12.111-1,CVE-2026-90424,LOW,affected,,https://avd.aquasec.com/nvd/cve-2026-90424
ci-go,trivy,debian,Debian,linux-libc-dev,6.12.111-1,CVE-2026-90427,MEDIUM,affected,,https://avd.aquasec.com/nvd/cve-2026-90427
ci-go,trivy,debian,Debian,linux-libc-dev,6.12.111-1,CVE-2026-92480,MEDIUM,affected,,https://avd.aquasec.com/nvd/cve-2026-92480
ci-go,trivy,debian,Debian,linux-libc-dev,6.12.111-1,CVE-2026-92482,MEDIUM,affected,,https://avd.aquasec.com/nvd/cve-2026-92482
ci-go,trivy,debian,Debian,linux-libc-dev,6.12.111-1,CVE-2026-92485,MEDIUM,affected,,https://avd.aquasec.com/nvd/cve-2026-92485
ci-go,trivy,debian,Debian,linux-libc-dev,6.12.111-1,CVE-2026-92493,LOW,affected,,https://avd.aquasec.com/nvd/cve-2026-92493
ci-go,trivy,debian,Debian,linux-libc-dev,6.12.111-1,CVE-2026-92499,MEDIUM,affected,,https://avd.aquasec.com/nvd/cve-2026-92499
ci-go,trivy,debian,Debian,linux-libc-dev,6.12.111-1,CVE-2026-92500,MEDIUM,affected,,https://avd.aquasec.com/nvd/cve-2026-92500
ci-go,trivy,debian,Debian,linux-libc-dev,6.12.111-1,CVE-2026-92503,MEDIUM,affected,,https://avd.aquasec.com/nvd/cve-2026-92503
ci-go,trivy,debian,Debian,linux-libc-dev,6.12.111-1,CVE-2026-92518,MEDIUM,affected,,https://avd.aquasec.com/nvd/cve-2026-92518
ci-go,trivy,debian,Debian,linux-libc-dev,6.12.111-1,CVE-2026-92520,MEDIUM,affected,,https://avd.aquasec.com/nvd/cve-2026-92520
ci-go,trivy,debian,Debian,linux-libc-dev,6.12.111-1,CVE-2026-93044,MEDIUM,affected,,https://avd.aquasec.com/nvd/cve-2026-93044
ci-go,trivy,debian,Debian,linux-libc-dev,6.12.111-1,CVE-2026-93047,MEDIUM,affected,,https://avd.aquasec.com/nvd/cve-2026-93047
ci-go,trivy,debian,Debian,linux-libc-dev,6.12.111-1,CVE-2026-93058,MEDIUM,affected,,https://avd.aquasec.com/nvd/cve-2026-93058
ci-go,trivy,debian,Debian,linux-libc-dev,6.12.111-1,CVE-2026-93081,MEDIUM,affected,,https://avd.aquasec.com/nvd/cve-2026-93081
ci-go,trivy,debian,Debian,linux-libc-dev,6.12.111-1,CVE-2026-93099,MEDIUM,affected,,https://avd.aquasec.com/nvd/cve-2026-93099
ci-go,trivy,debian,Debian,linux-libc-dev,6.12.111-1,CVE-2026-93100,MEDIUM,affected,,https://avd.aquasec.com/nvd/cve-2026-93100
ci-go,trivy,debian,Debian,linux-libc-dev,6.12.111-1,CVE-2026-93104,MEDIUM,affected,,https://avd.aquasec.com/nvd/cve-2026-93104
ci-go,trivy,debian,Debian,linux-libc-dev,6.12.111-1,CVE-2026-93105,MEDIUM,affected,,https://avd.aquasec.com/nvd/cve-2026-93105
ci-go,trivy,debian,Debian,linux-libc-dev,6.12.111-1,CVE-2026-93116,LOW,affected,,https://avd.aquasec.com/nvd/cve-2026-93116
ci-go,trivy,debian,Debian,linux-libc-dev,6.12.111-1,CVE-2026-93122,MEDIUM,affected,,https://avd.aquasec.com/nvd/cve-2026-93122
ci-go,trivy,debian,Debian,linux-libc-dev,6.12.111-1,CVE-2026-93125,MEDIUM,affected,,https://avd.aquasec.com/nvd/cve-2026-93125
ci-go,trivy,debian,Debian,linux-libc-dev,6.12.111-1,CVE-2026-93129,MEDIUM,affected,,https://avd.aquasec.com/nvd/cve-2026-93129
ci-go,trivy,debian,Debian,linux-libc-dev,6.12.111-1,CVE-2026-93135,MEDIUM,affected,,https://avd.aquasec.com/nvd/cve-2026-93135
ci-go,trivy,debian,Debian,linux-libc-dev,6.12.111-1,CVE-2026-93144,MEDIUM,affected,,https://avd.aquasec.com/nvd/cve-2026-93144
ci-go,trivy,debian,Debian,linux-libc-dev,6.12.111-1,CVE-2026-93146,MEDIUM,affected,,https://avd.aquasec.com/nvd/cve-2026-93146
ci-go,trivy,debian,Debian,linux-libc-dev,6.12.111-1,CVE-2026-93148,MEDIUM,affected,,https://avd.aquasec.com/nvd/cve-2026-93148
ci-go,trivy,debian,Debian,linux-libc-dev,6.12.111-1,CVE-2026-93154,MEDIUM,affected,,https://avd.aquasec.com/nvd/cve-2026-93154
ci-go,trivy,debian,Debian,linux-libc-dev,6.12.111-1,CVE-2026-93168,MEDIUM,affected,,https://avd.aquasec.com/nvd/cve-2026-93168
ci-go,trivy,debian,Debian,linux-libc-dev,6.12.111-1,CVE-2026-93175,MEDIUM,affected,,https://avd.aquasec.com/nvd/cve-2026-93175
ci-go,trivy,debian,Debian,linux-libc-dev,6.12.111-1,CVE-2026-93176,MEDIUM,affected,,https://avd.aquasec.com/nvd/cve-2026-93176
ci-go,trivy,debian,Debian,linux-libc-dev,6.12.111-1,CVE-2026-93179,MEDIUM,affected,,https://avd.aquasec.com/nvd/cve-2026-93179
ci-go,trivy,debian,Debian,linux-libc-dev,6.12.111-1,CVE-2026-93181,MEDIUM,affected,,https://avd.aquasec.com/nvd/cve-2026-93181
ci-go,trivy,debian,Debian,linux-libc-dev,6.12.111-1,CVE-2026-93196,MEDIUM,affected,,https://avd.aquasec.com/nvd/cve-2026-93196
ci-go,trivy,debian,Debian,linux-libc-dev,6.12.111-1,CVE-2026-93199,MEDIUM,affected,,https://avd.aquasec.com/nvd/cve-2026-93199
ci-go,trivy,debian,Debian,linux-libc-dev,6.12.111-1,CVE-2026-93200,MEDIUM,affected,,https://avd.aquasec.com/nvd/cve-2026-93200
ci-go,trivy,debian,Debian,linux-libc-dev,6.12.111-1,CVE-2026-93202,MEDIUM,affected,,https://avd.aquasec.com/nvd/cve-2026-93202
ci-go,trivy,debian,Debian,linux-libc-dev,6.12.111-1,CVE-2026-93216,MEDIUM,affected,,https://avd.aquasec.com/nvd/cve-2026-93216
ci-go,trivy,debian,Debian,linux-libc-dev,6.12.111-1,CVE-2026-93221,MEDIUM,affected,,https://avd.aquasec.com/nvd/cve-2026-93221
ci-go,trivy,debian,Debian,linux-libc-dev,6.12.111-1,CVE-2026-93230,MEDIUM,affected,,https://avd.aquasec.com/nvd/cve-2026-93230
ci-go,trivy,debian,Debian,linux-libc-dev,6.12.111-1,CVE-2026-93231,MEDIUM,affected,,https://avd.aquasec.com/nvd/cve-2026-93231
ci-go,trivy,debian,Debian,linux-libc-dev,6.12.111-1,CVE-2026-93237,MEDIUM,affected,,https://avd.aquasec.com/nvd/cve-2026-93237
ci-go,trivy,debian,Debian,linux-libc-dev,6.12.111-1,CVE-2026-93243,MEDIUM,affected,,https://avd.aquasec.com/nvd/cve-2026-93243
ci-go,trivy,debian,Debian,linux-libc-dev,6.12.111-1,CVE-2026-93244,MEDIUM,affected,,https://avd.aquasec.com/nvd/cve-2026-93244
ci-go,trivy,debian,Debian,linux-libc-dev,6.12.111-1,CVE-2026-93251,MEDIUM,affected,,https://avd.aquasec.com/nvd/cve-2026-93251
ci-go,trivy,debian,Debian,linux-libc-dev,6.12.111-1,CVE-2026-93260,MEDIUM,affected,,https://avd.aquasec.com/nvd/cve-2026-93260
ci-go,trivy,debian,Debian,linux-libc-dev,6.12.111-1,CVE-2026-93270,MEDIUM,affected,,https://avd.aquasec.com/nvd/cve-2026-93270
ci-go,trivy,debian,Debian,linux-libc-dev,6.12.111-1,CVE-2026-93272,MEDIUM,affected,,https://avd.aquasec.com/nvd/cve-2026-93272
ci-go,trivy,debian,Debian,linux-libc-dev,6.12.111-1,CVE-2026-93276,MEDIUM,affected,,https://avd.aquasec.com/nvd/cve-2026-93276
ci-go,trivy,debian,Debian,linux-libc-dev,6.12.111-1,CVE-2026-93282,MEDIUM,affected,,https://avd.aquasec.com/nvd/cve-2026-93282
ci-go,trivy,debian,Debian,linux-libc-dev,6.12.111-1,CVE-2026-93285,MEDIUM,affected,,https://avd.aquasec.com/nvd/cve-2026-93285
ci-go,trivy,debian,Debian,linux-libc-dev,6.12.111-1,CVE-2026-97422,MEDIUM,affected,,https://avd.aquasec.com/nvd/cve-2026-97422
ci-go,trivy,debian,Debian,linux-libc-dev,6.12.111-1,CVE-2026-97424,LOW,affected,,https://avd.aquasec.com/nvd/cve-2026-97424
ci-go,trivy,debian,Debian,linux-libc-dev,6.12.111-1,CVE-2026-97432,MEDIUM,affected,,https://avd.aquasec.com/nvd/cve-2026-97432
ci-go,trivy,debian,Debian,linux-libc-dev,6.12.111-1,CVE-2026-97477,LOW,affected,,https://avd.aquasec.com/nvd/cve-2026-97477
ci-go,trivy,debian,Debian,linux-libc-dev,6.12.111-1,CVE-2026-97478,MEDIUM,affected,,https://avd.aquasec.com/nvd/cve-2026-97478
ci-go,trivy,debian,Debian,linux-libc-dev,6.12.111-1,CVE-2026-97479,LOW,affected,,https://avd.aquasec.com/nvd/cve-2026-97479
ci-go,trivy,debian,Debian,linux-libc-dev,6.12.111-1,CVE-2026-97480,LOW,affected,,https://avd.aquasec.com/nvd/cve-2026-97480
ci-go,trivy,debian,Debian,linux-libc-dev,6.12.111-1,CVE-2026-97493,MEDIUM,affected,,https://avd.aquasec.com/nvd/cve-2026-97493
ci-go,trivy,debian,Debian,linux-libc-dev,6.12.111-1,CVE-2026-97499,MEDIUM,affected,,https://avd.aquasec.com/nvd/cve-2026-97499
ci-go,trivy,debian,Debian,linux-libc-dev,6.12.111-1,CVE-2026-97501,LOW,affected,,https://avd.aquasec.com/nvd/cve-2026-97501
ci-go,trivy,debian,Debian,linux-libc-dev,6.12.111-1,CVE-2026-97503,LOW,affected,,https://avd.aquasec.com/nvd/cve-2026-97503
ci-go,trivy,debian,Debian,linux-libc-dev,6.12.111-1,CVE-2026-97513,MEDIUM,affected,,https://avd.aquasec.com/nvd/cve-2026-97513
ci-go,trivy,debian,Debian,linux-libc-dev,6.12.111-1,CVE-2026-97515,MEDIUM,affected,,https://avd.aquasec.com/nvd/cve-2026-97515
ci-go,trivy,debian,Debian,linux-libc-dev,6.12.111-1,CVE-2026-97526,MEDIUM,affected,,https://avd.aquasec.com/nvd/cve-2026-97526
ci-go,trivy,debian,Debian,linux-libc-dev,6.12.111-1,CVE-2026-97527,MEDIUM,affected,,https://avd.aquasec.com/nvd/cve-2026-97527
ci-go,trivy,debian,Debian,linux-libc-dev,6.12.111-1,CVE-2026-97528,MEDIUM,affected,,https://avd.aquasec.com/nvd/cve-2026-97528
ci-go,trivy,debian,Debian,linux-libc-dev,6.12.111-1,CVE-2026-97529,MEDIUM,affected,,https://avd.aquasec.com/nvd/cve-2026-97529
ci-go,trivy,debian,Debian,linux-libc-dev,6.12.111-1,CVE-2026-97530,LOW,affected,,https://avd.aquasec.com/nvd/cve-2026-97530
ci-go,trivy,debian,Debian,linux-libc-dev,6.12.111-1,CVE-2026-97531,MEDIUM,affected,,https://avd.aquasec.com/nvd/cve-2026-97531
ci-go,trivy,debian,Debian,linux-libc-dev,6.12.111-1,CVE-2026-97532,MEDIUM,affected,,https://avd.aquasec.com/nvd/cve-2026-97532
ci-go,trivy,debian,Debian,linux-libc-dev,6.12.111-1,CVE-2026-97534,MEDIUM,affected,,https://avd.aquasec.com/nvd/cve-2026-97534
ci-go,trivy,debian,Debian,linux-libc-dev,6.12.111-1,CVE-2026-97535,MEDIUM,affected,,https://avd.aquasec.com/nvd/cve-2026-97535
ci-go,trivy,debian,Debian,linux-libc-dev,6.12.111-1,CVE-2026-97536,MEDIUM,affected,,https://avd.aquasec.com/nvd/cve-2026-97536
ci-go,trivy,debian,Debian,linux-libc-dev,6.12.111-1,CVE-2026-97537,MEDIUM,affected,,https://avd.aquasec.com/nvd/cve-2026-97537
ci-go,trivy,debian,Debian,linux-libc-dev,6.12.111-1,CVE-2026-97538,MEDIUM,affected,,https://avd.aquasec.com/nvd/cve-2026-97538
ci-go,trivy,debian,Debian,linux-libc-dev,6.12.111-1,CVE-2026-97549,LOW,affected,,https://avd.aquasec.com/nvd/cve-2026-97549
ci-go,trivy,debian,Debian,linux-libc-dev,6.12.111-1,CVE-2026-97554,MEDIUM,affected,,https://avd.aquasec.com/nvd/cve-2026-97554
ci-go,trivy,debian,Debian,linux-libc-dev,6.12.111-1,CVE-2026-97558,MEDIUM,affected,,https://avd.aquasec.com/nvd/cve-2026-97558
ci-go,trivy,debian,Debian,linux-libc-dev,6.12.111-1,CVE-2026-97559,MEDIUM,affected,,https://avd.aquasec.com/nvd/cve-2026-97559
ci-go,trivy,debian,Debian,linux-libc-dev,6.12.111-1,CVE-2026-97561,MEDIUM,affected,,https://avd.aquasec.com/nvd/cve-2026-97561
ci-go,trivy,debian,Debian,linux-libc-dev,6.12.111-1,CVE-2026-97563,MEDIUM,affected,,https://avd.aquasec.com/nvd/cve-2026-97563
ci-go,trivy,debian,Debian,linux-libc-dev,6.12.111-1,CVE-2026-97565,MEDIUM,affected,,https://avd.aquasec.com/nvd/cve-2026-97565
ci-go,trivy,debian,Debian,linux-libc-dev,6.12.111-1,CVE-2026-97566,LOW,affected,,https://avd.aquasec.com/nvd/cve-2026-97566
ci-go,trivy,debian,Debian,linux-libc-dev,6.12.111-1,CVE-2026-97567,MEDIUM,affected,,https://avd.aquasec.com/nvd/cve-2026-97567
ci-go,trivy,debian,Debian,linux-libc-dev,6.12.111-1,CVE-2026-97571,MEDIUM,affected,,https://avd.aquasec.com/nvd/cve-2026-97571
ci-go,trivy,debian,Debian,linux-libc-dev,6.12.111-1,CVE-2026-97574,MEDIUM,affected,,https://avd.aquasec.com/nvd/cve-2026-97574
ci-go,trivy,debian,Debian,linux-libc-dev,6.12.111-1,CVE-2026-97594,MEDIUM,affected,,https://avd.aquasec.com/nvd/cve-2026-97594
ci-go,trivy,debian,Debian,linux-libc-dev,6.12.111-1,CVE-2026-97597,LOW,affected,,https://avd.aquasec.com/nvd/cve-2026-97597
ci-go,trivy,debian,Debian,linux-libc-dev,6.12.111-1,CVE-2026-97603,MEDIUM,affected,,https://avd.aquasec.com/nvd/cve-2026-97603
ci-go,trivy,debian,Debian,linux-libc-dev,6.12.111-1,CVE-2026-97609,MEDIUM,affected,,https://avd.aquasec.com/nvd/cve-2026-97609
ci-go,trivy,debian,Debian,linux-libc-dev,6.12.111-1,CVE-2026-97615,LOW,affected,,https://avd.aquasec.com/nvd/cve-2026-97615
ci-go,trivy,debian,Debian,linux-libc-dev,6.12.111-1,CVE-2026-97618,MEDIUM,affected,,https://avd.aquasec.com/nvd/cve-2026-97618
ci-go,trivy,debian,Debian,linux-libc-dev,6.12.111-1,CVE-2026-97619,LOW,affected,,https://avd.aquasec.com/nvd/cve-2026-97619
ci-go,trivy,debian,Debian,linux-libc-dev,6.12.111-1,CVE-2026-97620,MEDIUM,affected,,https://avd.aquasec.com/nvd/cve-2026-97620
ci-go,trivy,debian,Debian,linux-libc-dev,6.12.111-1,CVE-2026-97901,MEDIUM,affected,,https://avd.aquasec.com/nvd/cve-2026-97901
ci-go,trivy,debian,Debian,linux-libc-dev,6.12.111-1,CVE-2026-97906,LOW,affected,,https://avd.aquasec.com/nvd/cve-2026-97906
ci-go,trivy,debian,Debian,linux-libc-dev,6.12.111-1,CVE-2026-97918,MEDIUM,affected,,https://avd.aquasec.com/nvd/cve-2026-97918
ci-go,trivy,debian,Debian,linux-libc-dev,6.12.111-1,CVE-2026-97919,MEDIUM,affected,,https://avd.aquasec.com/nvd/cve-2026-97919
ci-go,trivy,debian,Debian,linux-libc-dev,6.12.111-1,CVE-2026-97928,LOW,affected,,https://avd.aquasec.com/nvd/cve-2026-97928
ci-go,trivy,debian,Debian,linux-libc-dev,6.12.111-1,CVE-2026-97933,MEDIUM,affected,,https://avd.aquasec.com/nvd/cve-2026-97933
ci-go,trivy,debian,Debian,linux-libc-dev,6.12.111-1,CVE-2026-97934,MEDIUM,affected,,https://avd.aquasec.com/nvd/cve-2026-97934
ci-go,trivy,debian,Debian,linux-libc-dev,6.12.111-1,CVE-2026-97935,MEDIUM,affected,,https://avd.aquasec.com/nvd/cve-2026-97935
ci-go,trivy,debian,Debian,linux-libc-dev,6.12.111-1,CVE-2026-97938,MEDIUM,affected,,https://avd.aquasec.com/nvd/cve-2026-97938
ci-go,trivy,debian,Debian,linux-libc-dev,6.12.111-1,CVE-2026-97939,MEDIUM,affected,,https://avd.aquasec.com/nvd/cve-2026-97939
ci-go,trivy,debian,Debian,linux-libc-dev,6.12.111-1,CVE-2026-97949,MEDIUM,affected,,https://avd.aquasec.com/nvd/cve-2026-97949
ci-go,trivy,debian,Debian,linux-libc-dev,6.12.111-1,CVE-2026-97950,MEDIUM,affected,,https://avd.aquasec.com/nvd/cve-2026-97950
ci-go,trivy,debian,Debian,linux-libc-dev,6.12.111-1,CVE-2026-97960,MEDIUM,affected,,https://avd.aquasec.com/nvd/cve-2026-97960
ci-go,trivy,debian,Debian,linux-libc-dev,6.12.111-1,CVE-2026-97962,MEDIUM,affected,,https://avd.aquasec.com/nvd/cve-2026-97962
ci-go,trivy,debian,Debian,linux-libc-dev,6.12.111-1,CVE-2026-97975,MEDIUM,affected,,https://avd.aquasec.com/nvd/cve-2026-97975
ci-go,trivy,debian,Debian,linux-libc-dev,6.12.111-1,CVE-2026-97988,MEDIUM,affected,,https://avd.aquasec.com/nvd/cve-2026-97988
ci-go,trivy,debian,Debian,linux-libc-dev,6.12.111-1,CVE-2026-97989,LOW,affected,,https://avd.aquasec.com/nvd/cve-2026-97989
ci-go,trivy,debian,Debian,linux-libc-dev,6.12.111-1,CVE-2026-97997,LOW,affected,,https://avd.aquasec.com/nvd/cve-2026-97997
ci-go,trivy,debian,Debian,linux-libc-dev,6.12.111-1,CVE-2026-98003,LOW,affected,,https://avd.aquasec.com/nvd/cve-2026-98003
ci-go,trivy,debian,Debian,linux-libc-dev,6.12.111-1,CVE-2026-98019,MEDIUM,affected,,https://avd.aquasec.com/nvd/cve-2026-98019
ci-go,trivy,debian,Debian,linux-libc-dev,6.12.111-1,CVE-2026-98032,MEDIUM,affected,,https://avd.aquasec.com/nvd/cve-2026-98032
ci-go,trivy,debian,Debian,linux-libc-dev,6.12.111-1,CVE-2026-98033,MEDIUM,affected,,https://avd.aquasec.com/nvd/cve-2026-98033
ci-go,trivy,debian,Debian,linux-libc-dev,6.12.111-1,CVE-2026-98034,MEDIUM,affected,,https://avd.aquasec.com/nvd/cve-2026-98034
ci-go,trivy,debian,Debian,linux-libc-dev,6.12.111-1,CVE-2026-98038,LOW,affected,,https://avd.aquasec.com/nvd/cve-2026-98038
ci-go,trivy,debian,Debian,linux-libc-dev,6.12.111-1,CVE-2026-98043,MEDIUM,affected,,https://avd.aquasec.com/nvd/cve-2026-98043
ci-go,trivy,debian,Debian,linux-libc-dev,6.12.111-1,CVE-2026-98044,LOW,affected,,https://avd.aquasec.com/nvd/cve-2026-98044
ci-go,trivy,debian,Debian,linux-libc-dev,6.12.111-1,CVE-2026-98047,MEDIUM,affected,,https://avd.aquasec.com/nvd/cve-2026-98047
ci-go,trivy,debian,Debian,linux-libc-dev,6.12.111-1,CVE-2026-98048,MEDIUM,affected,,https://avd.aquasec.com/nvd/cve-2026-98048
ci-go,trivy,debian,Debian,linux-libc-dev,6.12.111-1,CVE-2026-98049,MEDIUM,affected,,https://avd.aquasec.com/nvd/cve-2026-98049
ci-go,trivy,debian,Debian,linux-libc-dev,6.12.111-1,CVE-2026-98053,MEDIUM,affected,,https://avd.aquasec.com/nvd/cve-2026-98053
ci-go,trivy,debian,Debian,linux-libc-dev,6.12.111-1,CVE-2026-98058,LOW,affected,,https://avd.aquasec.com/nvd/cve-2026-98058
ci-go,trivy,debian,Debian,linux-libc-dev,6.12.111-1,CVE-2026-98062,MEDIUM,affected,,https://avd.aquasec.com/nvd/cve-2026-98062
ci-go,trivy,debian,Debian,linux-libc-dev,6.12.111-1,CVE-2026-98067,LOW,affected,,https://avd.aquasec.com/nvd/cve-2026-98067
ci-go,trivy,debian,Debian,linux-libc-dev,6.12.111-1,CVE-2026-98073,LOW,affected,,https://avd.aquasec.com/nvd/cve-2026-98073
ci-go,trivy,debian,Debian,linux-libc-dev,6.12.111-1,CVE-2026-98079,MEDIUM,affected,,https://avd.aquasec.com/nvd/cve-2026-98079
ci-go,trivy,debian,Debian,linux-libc-dev,6.12.111-1,CVE-2026-98084,MEDIUM,affected,,https://avd.aquasec.com/nvd/cve-2026-98084
ci-go,trivy,debian,Debian,linux-libc-dev,6.12.111-1,CVE-2026-98085,MEDIUM,affected,,https://avd.aquasec.com/nvd/cve-2026-98085
ci-go,trivy,debian,Debian,linux-libc-dev,6.12.111-1,CVE-2026-98087,LOW,affected,,https://avd.aquasec.com/nvd/cve-2026-98087
ci-go,trivy,debian,Debian,linux-libc-dev,6.12.111-1,CVE-2026-98099,MEDIUM,affected,,https://avd.aquasec.com/nvd/cve-2026-98099
ci-go,trivy,debian,Debian,linux-libc-dev,6.12.111-1,CVE-2026-98101,LOW,affected,,https://avd.aquasec.com/nvd/cve-2026-98101
ci-go,trivy,debian,Debian,linux-libc-dev,6.12.111-1,CVE-2026-98115,MEDIUM,affected,,https://avd.aquasec.com/nvd/cve-2026-98115
ci-go,trivy,debian,Debian,linux-libc-dev,6.12.111-1,CVE-2026-98118,MEDIUM,affected,,https://avd.aquasec.com/nvd/cve-2026-98118
ci-go,trivy,debian,Debian,linux-libc-dev,6.12.111-1,CVE-2026-98119,LOW,affected,,https://avd.aquasec.com/nvd/cve-2026-98119
ci-go,trivy,debian,Debian,linux-libc-dev,6.12.111-1,CVE-2026-98124,LOW,affected,,https://avd.aquasec.com/nvd/cve-2026-98124
ci-go,trivy,debian,Debian,linux-libc-dev,6.12.111-1,CVE-2026-98125,LOW,affected,,https://avd.aquasec.com/nvd/cve-2026-98125
ci-go,trivy,debian,Debian,linux-libc-dev,6.12.111-1,CVE-2026-98131,MEDIUM,affected,,https://avd.aquasec.com/nvd/cve-2026-98131
ci-go,trivy,debian,Debian,linux-libc-dev,6.12.111-1,CVE-2026-98134,LOW,affected,,https://avd.aquasec.com/nvd/cve-2026-98134
ci-go,trivy,debian,Debian,linux-libc-dev,6.12.111-1,CVE-2026-98147,LOW,affected,,https://avd.aquasec.com/nvd/cve-2026-98147
ci-go,trivy,debian,Debian,linux-libc-dev,6.12.111-1,CVE-2026-98148,LOW,affected,,https://avd.aquasec.com/nvd/cve-2026-98148
ci-go,trivy,debian,Debian,linux-libc-dev,6.12.111-1,CVE-2026-98156,MEDIUM,affected,,https://avd.aquasec.com/nvd/cve-2026-98156
ci-go,trivy,debian,Debian,linux-libc-dev,6.12.111-1,CVE-2026-98161,MEDIUM,affected,,https://avd.aquasec.com/nvd/cve-2026-98161
ci-go,trivy,debian,Debian,linux-libc-dev,6.12.111-1,CVE-2026-98162,MEDIUM,affected,,https://avd.aquasec.com/nvd/cve-2026-98162
ci-go,trivy,debian,Debian,linux-libc-dev,6.12.111-1,CVE-2026-98167,MEDIUM,affected,,https://avd.aquasec.com/nvd/cve-2026-98167
ci-go,trivy,debian,Debian,linux-libc-dev,6.12.111-1,CVE-2026-98168,MEDIUM,affected,,https://avd.aquasec.com/nvd/cve-2026-98168
ci-go,trivy,debian,Debian,linux-libc-dev,6.12.111-1,CVE-2026-98169,MEDIUM,affected,,https://avd.aquasec.com/nvd/cve-2026-98169
ci-go,trivy,debian,Debian,linux-libc-dev,6.12.111-1,CVE-2026-98170,MEDIUM,affected,,https://avd.aquasec.com/nvd/cve-2026-98170
ci-go,trivy,debian,Debian,linux-libc-dev,6.12.111-1,CVE-2026-98171,MEDIUM,affected,,https://avd.aquasec.com/nvd/cve-2026-98171
ci-go,trivy,debian,Debian,linux-libc-dev,6.12.111-1,CVE-2026-98172,MEDIUM,affected,,https://avd.aquasec.com/nvd/cve-2026-98172
ci-go,trivy,debian,Debian,linux-libc-dev,6.12.111-1,CVE-2026-98173,MEDIUM,affected,,https://avd.aquasec.com/nvd/cve-2026-98173
ci-go,trivy,debian,Debian,linux-libc-dev,6.12.111-1,CVE-2026-98174,MEDIUM,affected,,https://avd.aquasec.com/nvd/cve-2026-98174
ci-go,trivy,debian,Debian,linux-libc-dev,6.12.111-1,CVE-2026-98175,MEDIUM,affected,,https://avd.aquasec.com/nvd/cve-2026-98175
ci-go,trivy,debian,Debian,linux-libc-dev,6.12.111-1,CVE-2026-98176,MEDIUM,affected,,https://avd.aquasec.com/nvd/cve-2026-98176
ci-go,trivy,debian,Debian,linux-libc-dev,6.12.111-1,CVE-2026-98177,MEDIUM,affected,,https://avd.aquasec.com/nvd/cve-2026-98177
ci-go,trivy,debian,Debian,linux-libc-dev,6.12.111-1,CVE-2026-98179,MEDIUM,affected,,https://avd.aquasec.com/nvd/cve-2026-98179
ci-go,trivy,debian,Debian,linux-libc-dev,6.12.111-1,CVE-2026-98180,MEDIUM,affected,,https://avd.aquasec.com/nvd/cve-2026-98180
ci-go,trivy,debian,Debian,linux-libc-dev,6.12.111-1,CVE-2026-98181,MEDIUM,affected,,https://avd.aquasec.com/nvd/cve-2026-98181
ci-go,trivy,debian,Debian,linux-libc-dev,6.12.111-1,CVE-2026-98182,MEDIUM,affected,,https://avd.aquasec.com/nvd/cve-2026-98182
ci-go,trivy,debian,Debian,linux-libc-dev,6.12.111-1,CVE-2026-98184,MEDIUM,affected,,https://avd.aquasec.com/nvd/cve-2026-98184
ci-go,trivy,debian,Debian,linux-libc-dev,6.12.111-1,CVE-2026-98185,MEDIUM,affected,,https://avd.aquasec.com/nvd/cve-2026-98185
ci-go,trivy,debian,Debian,linux-libc-dev,6.12.111-1,CVE-2026-98186,MEDIUM,affected,,https://avd.aquasec.com/nvd/cve-2026-98186
ci-go,trivy,debian,Debian,linux-libc-dev,6.12.111-1,CVE-2026-98187,MEDIUM,affected,,https://avd.aquasec.com/nvd/cve-2026-98187
ci-go,trivy,debian,Debian,linux-libc-dev,6.12.111-1,CVE-2026-98188,MEDIUM,affected,,https://avd.aquasec.com/nvd/cve-2026-98188
ci-go,trivy,debian,Debian,linux-libc-dev,6.12.111-1,CVE-2026-98189,MEDIUM,affected,,https://avd.aquasec.com/nvd/cve-2026-98189
ci-go,trivy,debian,Debian,linux-libc-dev,6.12.111-1,CVE-2026-98190,MEDIUM,affected,,https://avd.aquasec.com/nvd/cve-2026-98190
ci-go,trivy,debian,Debian,linux-libc-dev,6.12.111-1,CVE-2026-98191,MEDIUM,affected,,https://avd.aquasec.com/nvd/cve-2026-98191
ci-go,trivy,debian,Debian,linux-libc-dev,6.12.111-1,CVE-2026-98192,MEDIUM,affected,,https://avd.aquasec.com/nvd/cve-2026-98192
ci-go,trivy,debian,Debian,linux-libc-dev,6.12.111-1,CVE-2026-98193,MEDIUM,affected,,https://avd.aquasec.com/nvd/cve-2026-98193
ci-go,trivy,debian,Debian,linux-libc-dev,6.12.111-1,CVE-2026-98194,MEDIUM,affected,,https://avd.aquasec.com/nvd/cve-2026-98194
ci-go,trivy,debian,Debian,linux-libc-dev,6.12.111-1,CVE-2026-98195,MEDIUM,affected,,https://avd.aquasec.com/nvd/cve-2026-98195
ci-go,trivy,debian,Debian,linux-libc-dev,6.12.111-1,CVE-2026-98196,MEDIUM,affected,,https://avd.aquasec.com/nvd/cve-2026-98196
ci-go,trivy,debian,Debian,linux-libc-dev,6.12.111-1,CVE-2026-98197,MEDIUM,affected,,https://avd.aquasec.com/nvd/cve-2026-98197
ci-go,trivy,debian,Debian,linux-libc-dev,6.12.111-1,CVE-2026-98198,MEDIUM,affected,,https://avd.aquasec.com/nvd/cve-2026-98198
ci-go,trivy,debian,Debian,linux-libc-dev,6.12.111-1,CVE-2026-98199,MEDIUM,affected,,https://avd.aquasec.com/nvd/cve-2026-98199
ci-go,trivy,debian,Debian,linux-libc-dev,6.12.111-1,CVE-2026-98200,MEDIUM,affected,,https://avd.aquasec.com/nvd/cve-2026-98200
ci-go,trivy,debian,Debian,linux-libc-dev,6.12.111-1,CVE-2026-98201,MEDIUM,affected,,https://avd.aquasec.com/nvd/cve-2026-98201
ci-go,trivy,debian,Debian,linux-libc-dev,6.12.111-1,CVE-2026-98202,MEDIUM,affected,,https://avd.aquasec.com/nvd/cve-2026-98202
ci-go,trivy,debian,Debian,linux-libc-dev,6.12.111-1,CVE-2026-98203,MEDIUM,affected,,https://avd.aquasec.com/nvd/cve-2026-98203
ci-go,trivy,debian,Debian,linux-libc-dev,6.12.111-1,CVE-2026-98204,MEDIUM,affected,,https://avd.aquasec.com/nvd/cve-2026-98204
ci-go,trivy,debian,Debian,linux-libc-dev,6.12.111-1,CVE-2026-98205,MEDIUM,affected,,https://avd.aquasec.com/nvd/cve-2026-98205
ci-go,trivy,debian,Debian,linux-libc-dev,6.12.111-1,CVE-2026-98206,MEDIUM,affected,,https://avd.aquasec.com/nvd/cve-2026-98206
ci-go,trivy,debian,Debian,linux-libc-dev,6.12.111-1,CVE-2026-98207,MEDIUM,affected,,https://avd.aquasec.com/nvd/cve-2026-98207
ci-go,trivy,debian,Debian,linux-libc-dev,6.12.111-1,CVE-2026-98208,MEDIUM,affected,,https://avd.aquasec.com/nvd/cve-2026-98208
ci-go,trivy,debian,Debian,linux-libc-dev,6.12.111-1,CVE-2026-98209,MEDIUM,affected,,https://avd.aquasec.com/nvd/cve-2026-98209
ci-go,trivy,debian,Debian,linux-libc-dev,6.12.111-1,CVE-2026-98210,MEDIUM,affected,,https://avd.aquasec.com/nvd/cve-2026-98210
ci-go,trivy,debian,Debian,linux-libc-dev,6.12.111-1,CVE-2026-98211,MEDIUM,affected,,https://avd.aquasec.com/nvd/cve-2026-98211
ci-go,trivy,debian,Debian,linux-libc-dev,6.12.111-1,CVE-2026-98212,MEDIUM,affected,,https://avd.aquasec.com/nvd/cve-2026-98212
ci-go,trivy,debian,Debian,linux-libc-dev,6.12.111-1,CVE-2026-98213,MEDIUM,affected,,https://avd.aquasec.com/nvd/cve-2026-98213
ci-go,trivy,debian,Debian,linux-libc-dev,6.12.111-1,CVE-2026-98214,MEDIUM,affected,,https://avd.aquasec.com/nvd/cve-2026-98214
ci-go,trivy,debian,Debian,linux-libc-dev,6.12.111-1,CVE-2026-98215,MEDIUM,affected,,https://avd.aquasec.com/nvd/cve-2026-98215
ci-go,trivy,debian,Debian,linux-libc-dev,6.12.111-1,CVE-2026-98216,MEDIUM,affected,,https://avd.aquasec.com/nvd/cve-2026-98216
ci-go,trivy,debian,Debian,linux-libc-dev,6.12.111-1,CVE-2026-98217,MEDIUM,affected,,https://avd.aquasec.com/nvd/cve-2026-98217
ci-go,trivy,debian,Debian,linux-libc-dev,6.12.111-1,CVE-2026-98218,MEDIUM,affected,,https://avd.aquasec.com/nvd/cve-2026-98218
ci-go,trivy,debian,Debian,linux-libc-dev,6.12.111-1,CVE-2026-98221,MEDIUM,affected,,https://avd.aquasec.com/nvd/cve-2026-98221
ci-go,trivy,debian,Debian,linux-libc-dev,6.12.111-1,CVE-2026-98222,MEDIUM,affected,,https://avd.aquasec.com/nvd/cve-2026-98222
ci-go,trivy,debian,Debian,linux-libc-dev,6.12.111-1,CVE-2026-98227,MEDIUM,affected,,https://avd.aquasec.com/nvd/cve-2026-98227
ci-go,trivy,debian,Debian,linux-libc-dev,6.12.111-1,CVE-2026-98228,MEDIUM,affected,,https://avd.aquasec.com/nvd/cve-2026-98228
ci-go,trivy,debian,Debian,linux-libc-dev,6.12.111-1,CVE-2026-98229,MEDIUM,affected,,https://avd.aquasec.com/nvd/cve-2026-98229
ci-go,trivy,debian,Debian,linux-libc-dev,6.12.111-1,CVE-2026-98230,MEDIUM,affected,,https://avd.aquasec.com/nvd/cve-2026-98230
ci-go,trivy,debian,Debian,linux-libc-dev,6.12.111-1,CVE-2026-98231,MEDIUM,affected,,https://avd.aquasec.com/nvd/cve-2026-98231
ci-go,trivy,debian,Debian,linux-libc-dev,6.12.111-1,CVE-2026-98232,MEDIUM,affected,,https://avd.aquasec.com/nvd/cve-2026-98232
ci-go,trivy,debian,Debian,linux-libc-dev,6.12.111-1,CVE-2026-98233,MEDIUM,affected,,https://avd.aquasec.com/nvd/cve-2026-98233
ci-go,trivy,debian,Debian,linux-libc-dev,6.12.111-1,CVE-2026-98234,MEDIUM,affected,,https://avd.aquasec.com/nvd/cve-2026-98234
ci-go,trivy,debian,Debian,linux-libc-dev,6.12.111-1,CVE-2026-98235,MEDIUM,affected,,https://avd.aquasec.com/nvd/cve-2026-98235
ci-go,trivy,debian,Debian,linux-libc-dev,6.12.111-1,CVE-2026-98236,MEDIUM,affected,,https://avd.aquasec.com/nvd/cve-2026-98236
ci-go,trivy,debian,Debian,linux-libc-dev,6.12.111-1,CVE-2026-98237,MEDIUM,affected,,https://avd.aquasec.com/nvd/cve-2026-98237
ci-go,trivy,debian,Debian,linux-libc-dev,6.12.111-1,CVE-2026-98238,MEDIUM,affected,,https://avd.aquasec.com/nvd/cve-2026-98238
ci-go,trivy,debian,Debian,linux-libc-dev,6.12.111-1,CVE-2026-98239,MEDIUM,affected,,https://avd.aquasec.com/nvd/cve-2026-98239
ci-go,trivy,debian,Debian,linux-libc-dev,6.12.111-1,CVE-2026-98241,MEDIUM,affected,,https://avd.aquasec.com/nvd/cve-2026-98241
ci-go,trivy,debian,Debian,linux-libc-dev,6.12.111-1,CVE-2026-98245,MEDIUM,affected,,https://avd.aquasec.com/nvd/cve-2026-98245
ci-go,trivy,debian,Debian,linux-libc-dev,6.12.111-1,CVE-2026-98246,MEDIUM,affected,,https://avd.aquasec.com/nvd/cve-2026-98246
ci-go,trivy,debian,Debian,linux-libc-dev,6.12.111-1,CVE-2026-98247,MEDIUM,affected,,https://avd.aquasec.com/nvd/cve-2026-98247
ci-go,trivy,debian,Debian,linux-libc-dev,6.12.111-1,CVE-2026-98248,MEDIUM,affected,,https://avd.aquasec.com/nvd/cve-2026-98248
ci-go,trivy,debian,Debian,linux-libc-dev,6.12.111-1,CVE-2026-98249,MEDIUM,affected,,https://avd.aquasec.com/nvd/cve-2026-98249
ci-go,trivy,debian,Debian,linux-libc-dev,6.12.111-1,CVE-2026-98251,MEDIUM,affected,,https://avd.aquasec.com/nvd/cve-2026-98251
ci-go,trivy,debian,Debian,linux-libc-dev,6.12.111-1,CVE-2026-98252,MEDIUM,affected,,https://avd.aquasec.com/nvd/cve-2026-98252
ci-go,trivy,debian,Debian,linux-libc-dev,6.12.111-1,CVE-2026-98253,MEDIUM,affected,,https://avd.aquasec.com/nvd/cve-2026-98253
ci-go,trivy,debian,Debian,linux-libc-dev,6.12.111-1,CVE-2026-98254,MEDIUM,affected,,https://avd.aquasec.com/nvd/cve-2026-98254
ci-go,trivy,debian,Debian,linux-libc-dev,6.12.111-1,CVE-2026-98255,MEDIUM,affected,,https://avd.aquasec.com/nvd/cve-2026-98255
ci-go,trivy,debian,Debian,linux-libc-dev,6.12.111-1,CVE-2026-98257,MEDIUM,affected,,https://avd.aquasec.com/nvd/cve-2026-98257
ci-go,trivy,debian,Debian,linux-libc-dev,6.12.111-1,CVE-2026-98260,MEDIUM,affected,,https://avd.aquasec.com/nvd/cve-2026-98260
ci-go,trivy,debian,Debian,linux-libc-dev,6.12.111-1,CVE-2026-98261,MEDIUM,affected,,https://avd.aquasec.com/nvd/cve-2026-98261
ci-go,trivy,debian,Debian,linux-libc-dev,6.12.111-1,CVE-2026-98262,MEDIUM,affected,,https://avd.aquasec.com/nvd/cve-2026-98262
ci-go,trivy,debian,Debian,linux-libc-dev,6.12.111-1,CVE-2026-98263,MEDIUM,affected,,https://avd.aquasec.com/nvd/cve-2026-98263
ci-go,trivy,debian,Debian,linux-libc-dev,6.12.111-1,CVE-2026-98264,MEDIUM,affected,,https://avd.aquasec.com/nvd/cve-2026-98264
ci-go,trivy,debian,Debian,linux-libc-dev,6.12.111-1,CVE-2026-98265,MEDIUM,affected,,https://avd.aquasec.com/nvd/cve-2026-98265
ci-go,trivy,debian,Debian,linux-libc-dev,6.12.111-1,CVE-2026-98266,MEDIUM,affected,,https://avd.aquasec.com/nvd/cve-2026-98266
ci-go,trivy,debian,Debian,linux-libc-dev,6.12.111-1,CVE-2026-98267,MEDIUM,affected,,https://avd.aquasec.com/nvd/cve-2026-98267
ci-go,trivy,debian,Debian,linux-libc-dev,6.12.111-1,CVE-2026-98269,MEDIUM,affected,,https://avd.aquasec.com/nvd/cve-2026-98269
ci-go,trivy,debian,Debian,linux-libc-dev,6.12.111-1,CVE-2026-98270,MEDIUM,affected,,https://avd.aquasec.com/nvd/cve-2026-98270
ci-go,trivy,debian,Debian,linux-libc-dev,6.12.111-1,CVE-2026-98271,MEDIUM,affected,,https://avd.aquasec.com/nvd/cve-2026-98271
ci-go,trivy,debian,Debian,linux-libc-dev,6.12.111-1,CVE-2026-98272,MEDIUM,affected,,https://avd.aquasec.com/nvd/cve-2026-98272
ci-go,trivy,debian,Debian,linux-libc-dev,6.12.111-1,CVE-2026-98273,MEDIUM,affected,,https://avd.aquasec.com/nvd/cve-2026-98273
ci-go,trivy,debian,Debian,linux-libc-dev,6.12.111-1,CVE-2026-98275,MEDIUM,affected,,https://avd.aquasec.com/nvd/cve-2026-98275
ci-go,trivy,debian,Debian,linux-libc-dev,6.12.111-1,CVE-2026-98276,MEDIUM,affected,,https://avd.aquasec.com/nvd/cve-2026-98276
ci-go,trivy,debian,Debian,linux-libc-dev,6.12.111-1,CVE-2026-98277,MEDIUM,affected,,https://avd.aquasec.com/nvd/cve-2026-98277
ci-go,trivy,debian,Debian,linux-libc-dev,6.12.111-1,CVE-2026-98279,MEDIUM,affected,,https://avd.aquasec.com/nvd/cve-2026-98279
ci-go,trivy,debian,Debian,linux-libc-dev,6.12.111-1,CVE-2026-98282,MEDIUM,affected,,https://avd.aquasec.com/nvd/cve-2026-98282
ci-go,trivy,debian,Debian,linux-libc-dev,6.12.111-1,CVE-2026-98283,MEDIUM,affected,,https://avd.aquasec.com/nvd/cve-2026-98283
ci-go,trivy,debian,Debian,linux-libc-dev,6.12.111-1,CVE-2026-98284,MEDIUM,affected,,https://avd.aquasec.com/nvd/cve-2026-98284
ci-go,trivy,debian,Debian,linux-libc-dev,6.12.111-1,CVE-2026-98285,MEDIUM,affected,,https://avd.aquasec.com/nvd/cve-2026-98285
ci-go,trivy,debian,Debian,linux-libc-dev,6.12.111-1,CVE-2026-98286,MEDIUM,affected,,https://avd.aquasec.com/nvd/cve-2026-98286
ci-go,trivy,debian,Debian,linux-libc-dev,6.12.111-1,CVE-2026-98287,MEDIUM,affected,,https://avd.aquasec.com/nvd/cve-2026-98287
ci-go,trivy,debian,Debian,linux-libc-dev,6.12.111-1,CVE-2026-98288,MEDIUM,affected,,https://avd.aquasec.com/nvd/cve-2026-98288
ci-go,trivy,debian,Debian,linux-libc-dev,6.12.111-1,CVE-2026-98289,MEDIUM,affected,,https://avd.aquasec.com/nvd/cve-2026-98289
ci-go,trivy,debian,Debian,linux-libc-dev,6.12.111-1,CVE-2026-98290,MEDIUM,affected,,https://avd.aquasec.com/nvd/cve-2026-98290
ci-go,trivy,debian,Debian,linux-libc-dev,6.12.111-1,CVE-2026-98291,MEDIUM,affected,,https://avd.aquasec.com/nvd/cve-2026-98291
ci-go,trivy,debian,Debian,linux-libc-dev,6.12.111-1,CVE-2026-98292,MEDIUM,affected,,https://avd.aquasec.com/nvd/cve-2026-98292
ci-go,trivy,debian,Debian,linux-libc-dev,6.12.111-1,CVE-2026-98293,MEDIUM,affected,,https://avd.aquasec.com/nvd/cve-2026-98293
ci-go,trivy,debian,Debian,linux-libc-dev,6.12.111-1,CVE-2026-98294,MEDIUM,affected,,https://avd.aquasec.com/nvd/cve-2026-98294
ci-go,trivy,debian,Debian,linux-libc-dev,6.12.111-1,CVE-2026-98295,MEDIUM,affected,,https://avd.aquasec.com/nvd/cve-2026-98295
ci-go,trivy,debian,Debian,linux-libc-dev,6.12.111-1,CVE-2026-98296,MEDIUM,affected,,https://avd.aquasec.com/nvd/cve-2026-98296
ci-go,trivy,debian,Debian,linux-libc-dev,6.12.111-1,CVE-2026-98297,MEDIUM,affected,,https://avd.aquasec.com/nvd/cve-2026-98297
ci-go,trivy,debian,Debian,linux-libc-dev,6.12.111-1,CVE-2026-98298,MEDIUM,affected,,https://avd.aquasec.com/nvd/cve-2026-98298
ci-go,trivy,debian,Debian,linux-libc-dev,6.12.111-1,CVE-2026-98299,MEDIUM,affected,,https://avd.aquasec.com/nvd/cve-2026-98299
ci-go,trivy,debian,Debian,linux-libc-dev,6.12.111-1,CVE-2026-98300,MEDIUM,affected,,https://avd.aquasec.com/nvd/cve-2026-98300
ci-go,trivy,debian,Debian,linux-libc-dev,6.12.111-1,CVE-2026-98301,MEDIUM,affected,,https://avd.aquasec.com/nvd/cve-2026-98301
ci-go,trivy,debian,Debian,linux-libc-dev,6.12.111-1,CVE-2026-98302,MEDIUM,affected,,https://avd.aquasec.com/nvd/cve-2026-98302
ci-go,trivy,debian,Debian,linux-libc-dev,6.12.111-1,CVE-2026-98303,MEDIUM,affected,,https://avd.aquasec.com/nvd/cve-2026-98303
ci-go,trivy,debian,Debian,linux-libc-dev,6.12.111-1,CVE-2026-98304,MEDIUM,affected,,https://avd.aquasec.com/nvd/cve-2026-98304
ci-go,trivy,debian,Debian,linux-libc-dev,6.12.111-1,CVE-2026-98306,MEDIUM,affected,,https://avd.aquasec.com/nvd/cve-2026-98306
ci-go,trivy,debian,Debian,linux-libc-dev,6.12.111-1,CVE-2026-98307,MEDIUM,affected,,https://avd.aquasec.com/nvd/cve-2026-98307
ci-go,trivy,debian,Debian,linux-libc-dev,6.12.111-1,CVE-2026-98308,MEDIUM,affected,,https://avd.aquasec.com/nvd/cve-2026-98308
ci-go,trivy,debian,Debian,linux-libc-dev,6.12.111-1,CVE-2026-98309,MEDIUM,affected,,https://avd.aquasec.com/nvd/cve-2026-98309
ci-go,trivy,debian,Debian,linux-libc-dev,6.12.111-1,CVE-2026-98311,MEDIUM,affected,,https://avd.aquasec.com/nvd/cve-2026-98311
ci-go,trivy,debian,Debian,linux-libc-dev,6.12.111-1,CVE-2026-98312,MEDIUM,affected,,https://avd.aquasec.com/nvd/cve-2026-98312
ci-go,trivy,debian,Debian,linux-libc-dev,6.12.111-1,CVE-2026-98313,MEDIUM,affected,,https://avd.aquasec.com/nvd/cve-2026-98313
ci-go,trivy,debian,Debian,linux-libc-dev,6.12.111-1,CVE-2026-98314,MEDIUM,affected,,https://avd.aquasec.com/nvd/cve-2026-98314
ci-go,trivy,debian,Debian,linux-libc-dev,6.12.111-1,CVE-2026-98316,MEDIUM,affected,,https://avd.aquasec.com/nvd/cve-2026-98316
ci-go,trivy,debian,Debian,linux-libc-dev,6.12.111-1,CVE-2026-98317,MEDIUM,affected,,https://avd.aquasec.com/nvd/cve-2026-98317
ci-go,trivy,debian,Debian,linux-libc-dev,6.12.111-1,CVE-2026-98319,MEDIUM,affected,,https://avd.aquasec.com/nvd/cve-2026-98319
ci-go,trivy,debian,Debian,linux-libc-dev,6.12.111-1,CVE-2026-98320,MEDIUM,affected,,https://avd.aquasec.com/nvd/cve-2026-98320
ci-go,trivy,debian,Debian,linux-libc-dev,6.12.111-1,CVE-2026-98321,MEDIUM,affected,,https://avd.aquasec.com/nvd/cve-2026-98321
ci-go,trivy,debian,Debian,linux-libc-dev,6.12.111-1,CVE-2026-98322,MEDIUM,affected,,https://avd.aquasec.com/nvd/cve-2026-98322
ci-go,trivy,debian,Debian,linux-libc-dev,6.12.111-1,CVE-2026-98323,MEDIUM,affected,,https://avd.aquasec.com/nvd/cve-2026-98323
ci-go,trivy,debian,Debian,linux-libc-dev,6.12.111-1,CVE-2026-98325,MEDIUM,affected,,https://avd.aquasec.com/nvd/cve-2026-98325
ci-go,trivy,debian,Debian,linux-libc-dev,6.12.111-1,CVE-2026-98326,MEDIUM,affected,,https://avd.aquasec.com/nvd/cve-2026-98326
ci-go,trivy,debian,Debian,linux-libc-dev,6.12.111-1,CVE-2026-98327,MEDIUM,affected,,https://avd.aquasec.com/nvd/cve-2026-98327
ci-go,trivy,debian,Debian,linux-libc-dev,6.12.111-1,CVE-2026-98328,MEDIUM,affected,,https://avd.aquasec.com/nvd/cve-2026-98328
ci-go,trivy,debian,Debian,linux-libc-dev,6.12.111-1,CVE-2026-98329,MEDIUM,affected,,https://avd.aquasec.com/nvd/cve-2026-98329
ci-go,trivy,debian,Debian,linux-libc-dev,6.12.111-1,CVE-2026-98330,MEDIUM,affected,,https://avd.aquasec.com/nvd/cve-2026-98330
ci-go,trivy,debian,Debian,linux-libc-dev,6.12.111-1,CVE-2026-98331,MEDIUM,affected,,https://avd.aquasec.com/nvd/cve-2026-98331
ci-go,trivy,debian,Debian,linux-libc-dev,6.12.111-1,CVE-2026-98332,MEDIUM,affected,,https://avd.aquasec.com/nvd/cve-2026-98332
ci-go,trivy,debian,Debian,linux-libc-dev,6.12.111-1,CVE-2026-98333,MEDIUM,affected,,https://avd.aquasec.com/nvd/cve-2026-98333
ci-go,trivy,debian,Debian,linux-libc-dev,6.12.111-1,CVE-2026-98334,MEDIUM,affected,,https://avd.aquasec.com/nvd/cve-2026-98334
ci-go,trivy,debian,Debian,linux-libc-dev,6.12.111-1,CVE-2026-98335,MEDIUM,affected,,https://avd.aquasec.com/nvd/cve-2026-98335
ci-go,trivy,debian,Debian,linux-libc-dev,6.12.111-1,CVE-2026-98336,MEDIUM,affected,,https://avd.aquasec.com/nvd/cve-2026-98336
ci-go,trivy,debian,Debian,linux-libc-dev,6.12.111-1,CVE-2026-98337,MEDIUM,affected,,https://avd.aquasec.com/nvd/cve-2026-98337
ci-go,trivy,debian,Debian,linux-libc-dev,6.12.111-1,CVE-2026-98338,MEDIUM,affected,,https://avd.aquasec.com/nvd/cve-2026-98338
ci-go,trivy,debian,Debian,linux-libc-dev,6.12.111-1,CVE-2026-98339,MEDIUM,affected,,https://avd.aquasec.com/nvd/cve-2026-98339
ci-go,trivy,debian,Debian,linux-libc-dev,6.12.111-1,CVE-2026-98340,MEDIUM,affected,,https://avd.aquasec.com/nvd/cve-2026-98340
ci-go,trivy,debian,Debian,linux-libc-dev,6.12.111-1,CVE-2026-98341,MEDIUM,affected,,https://avd.aquasec.com/nvd/cve-2026-98341
ci-go,trivy,debian,Debian,linux-libc-dev,6.12.111-1,CVE-2026-98342,MEDIUM,affected,,https://avd.aquasec.com/nvd/cve-2026-98342
ci-go,trivy,debian,Debian,linux-libc-dev,6.12.111-1,CVE-2026-98343,MEDIUM,affected,,https://avd.aquasec.com/nvd/cve-2026-98343
ci-go,trivy,debian,Debian,linux-libc-dev,6.12.111-1,CVE-2026-98344,MEDIUM,affected,,https://avd.aquasec.com/nvd/cve-2026-98344
ci-go,trivy,debian,Debian,linux-libc-dev,6.12.111-1,CVE-2026-98345,MEDIUM,affected,,https://avd.aquasec.com/nvd/cve-2026-98345
ci-go,trivy,debian,Debian,linux-libc-dev,6.12.111-1,CVE-2026-98346,MEDIUM,affected,,https://avd.aquasec.com/nvd/cve-2026-98346
ci-go,trivy,debian,Debian,linux-libc-dev,6.12.111-1,CVE-2026-98347,MEDIUM,affected,,https://avd.aquasec.com/nvd/cve-2026-98347
ci-go,trivy,debian,Debian,linux-libc-dev,6.12.111-1,CVE-2026-98348,MEDIUM,affected,,https://avd.aquasec.com/nvd/cve-2026-98348
ci-go,trivy,debian,Debian,linux-libc-dev,6.12.111-1,CVE-2026-98349,MEDIUM,affected,,https://avd.aquasec.com/nvd/cve-2026-98349
ci-go,trivy,debian,Debian,linux-libc-dev,6.12.111-1,CVE-2026-98351,MEDIUM,affected,,https://avd.aquasec.com/nvd/cve-2026-98351
ci-go,trivy,debian,Debian,linux-libc-dev,6.12.111-1,CVE-2026-98352,MEDIUM,affected,,https://avd.aquasec.com/nvd/cve-2026-98352
ci-go,trivy,debian,Debian,linux-libc-dev,6.12.111-1,CVE-2026-98353,MEDIUM,affected,,https://avd.aquasec.com/nvd/cve-2026-98353
ci-go,trivy,debian,Debian,linux-libc-dev,6.12.111-1,CVE-2026-98354,MEDIUM,affected,,https://avd.aquasec.com/nvd/cve-2026-98354
ci-go,trivy,debian,Debian,linux-libc-dev,6.12.111-1,CVE-2026-98355,MEDIUM,affected,,https://avd.aquasec.com/nvd/cve-2026-98355
ci-go,trivy,debian,Debian,linux-libc-dev,6.12.111-1,CVE-2026-98357,MEDIUM,affected,,https://avd.aquasec.com/nvd/cve-2026-98357
ci-go,trivy,debian,Debian,linux-libc-dev,6.12.111-1,CVE-2026-98358,MEDIUM,affected,,https://avd.aquasec.com/nvd/cve-2026-98358
ci-go,trivy,debian,Debian,linux-libc-dev,6.12.111-1,CVE-2026-98359,MEDIUM,affected,,https://avd.aquasec.com/nvd/cve-2026-98359
ci-go,trivy,debian,Debian,linux-libc-dev,6.12.111-1,CVE-2026-98360,MEDIUM,affected,,https://avd.aquasec.com/nvd/cve-2026-98360
ci-go,trivy,debian,Debian,linux-libc-dev,6.12.111-1,CVE-2026-98362,LOW,affected,,https://avd.aquasec.com/nvd/cve-2026-98362
ci-go,trivy,debian,Debian,linux-libc-dev,6.12.111-1,CVE-2026-98363,MEDIUM,affected,,https://avd.aquasec.com/nvd/cve-2026-98363
ci-go,trivy,debian,Debian,linux-libc-dev,6.12.111-1,CVE-2026-98364,MEDIUM,affected,,https://avd.aquasec.com/nvd/cve-2026-98364
ci-go,trivy,debian,Debian,linux-libc-dev,6.12.111-1,CVE-2026-98365,MEDIUM,affected,,https://avd.aquasec.com/nvd/cve-2026-98365
ci-go,trivy,debian,Debian,linux-libc-dev,6.12.111-1,CVE-2026-98366,MEDIUM,affected,,https://avd.aquasec.com/nvd/cve-2026-98366
ci-go,trivy,debian,Debian,linux-libc-dev,6.12.111-1,CVE-2026-98367,MEDIUM,affected,,https://avd.aquasec.com/nvd/cve-2026-98367
ci-go,trivy,debian,Debian,linux-libc-dev,6.12.111-1,CVE-2026-98368,MEDIUM,affected,,https://avd.aquasec.com/nvd/cve-2026-98368
ci-go,trivy,debian,Debian,linux-libc-dev,6.12.111-1,CVE-2026-98369,MEDIUM,affected,,https://avd.aquasec.com/nvd/cve-2026-98369
ci-go,trivy,debian,Debian,linux-libc-dev,6.12.111-1,CVE-2026-98370,MEDIUM,affected,,https://avd.aquasec.com/nvd/cve-2026-98370
ci-go,trivy,debian,Debian,linux-libc-dev,6.12.111-1,CVE-2026-98373,UNKNOWN,affected,,https://avd.aquasec.com/nvd/cve-2026-98373
ci-go,trivy,debian,Debian,linux-libc-dev,6.12.111-1,CVE-2026-98374,UNKNOWN,affected,,https://avd.aquasec.com/nvd/cve-2026-98374
ci-go,trivy,debian,Debian,linux-libc-dev,6.12.111-1,TEMP-0000000-F7A20F,LOW,affected,,https://security-tracker.debian.org/tracker/TEMP-0000000-F7A20F
ci-base;ci-go;ci-node;ci-playwright;ci-postgres;ci-vite,trivy,debian,Debian,locales,2.41-12+deb13u4,CVE-2010-4756,LOW,affected,,https://avd.aquasec.com/nvd/cve-2010-4756
ci-base;ci-go;ci-node;ci-playwright;ci-postgres;ci-vite,trivy,debian,Debian,locales,2.41-12+deb13u4,CVE-2018-20796,LOW,affected,,https://avd.aquasec.com/nvd/cve-2018-20796
ci-base;ci-go;ci-node;ci-playwright;ci-postgres;ci-vite,trivy,debian,Debian,locales,2.41-12+deb13u4,CVE-2019-1010022,LOW,affected,,https://avd.aquasec.com/nvd/cve-2019-1010022
ci-base;ci-go;ci-node;ci-playwright;ci-postgres;ci-vite,trivy,debian,Debian,locales,2.41-12+deb13u4,CVE-2019-1010023,LOW,affected,,https://avd.aquasec.com/nvd/cve-2019-1010023
ci-base;ci-go;ci-node;ci-playwright;ci-postgres;ci-vite,trivy,debian,Debian,locales,2.41-12+deb13u4,CVE-2019-1010024,LOW,affected,,https://avd.aquasec.com/nvd/cve-2019-1010024
ci-base;ci-go;ci-node;ci-playwright;ci-postgres;ci-vite,trivy,debian,Debian,locales,2.41-12+deb13u4,CVE-2019-1010025,LOW,affected,,https://avd.aquasec.com/nvd/cve-2019-1010025
ci-base;ci-go;ci-node;ci-playwright;ci-postgres;ci-vite,trivy,debian,Debian,locales,2.41-12+deb13u4,CVE-2019-9192,LOW,affected,,https://avd.aquasec.com/nvd/cve-2019-9192
ci-base;ci-go;ci-node;ci-playwright;ci-postgres;ci-vite,trivy,debian,Debian,locales,2.41-12+deb13u4,CVE-2026-18374,MEDIUM,affected,,https://avd.aquasec.com/nvd/cve-2026-18374
ci-base;ci-go;ci-node;ci-playwright;ci-postgres;ci-vite,trivy,debian,Debian,locales,2.41-12+deb13u4,CVE-2026-19499,MEDIUM,affected,,https://avd.aquasec.com/nvd/cve-2026-19499
ci-base;ci-go;ci-node;ci-playwright;ci-postgres;ci-vite,trivy,debian,Debian,locales,2.41-12+deb13u4,CVE-2026-19542,MEDIUM,affected,,https://avd.aquasec.com/nvd/cve-2026-19542
ci-base;ci-go;ci-node;ci-playwright;ci-postgres;ci-vite,trivy,debian,Debian,locales,2.41-12+deb13u4,CVE-2026-5435,MEDIUM,affected,,https://avd.aquasec.com/nvd/cve-2026-5435
ci-base;ci-go;ci-node;ci-playwright;ci-postgres;ci-vite,trivy,debian,Debian,locales,2.41-12+deb13u4,CVE-2026-6238,MEDIUM,affected,,https://avd.aquasec.com/nvd/cve-2026-6238
ci-base;ci-go;ci-node;ci-playwright;ci-postgres;ci-vite,trivy,debian,Debian,locales,2.41-12+deb13u4,CVE-2026-6368,MEDIUM,affected,,https://avd.aquasec.com/nvd/cve-2026-6368
ci-base;ci-go;ci-node;ci-playwright;ci-postgres;ci-vite,trivy,debian,Debian,locales,2.41-12+deb13u4,CVE-2026-6791,MEDIUM,affected,,https://avd.aquasec.com/nvd/cve-2026-6791
ci-base;ci-go;ci-node;ci-playwright;ci-postgres;ci-vite,trivy,debian,Debian,locales,2.41-12+deb13u4,CVE-2026-77117,MEDIUM,affected,,https://avd.aquasec.com/nvd/cve-2026-77117
ci-base;ci-go;ci-node;ci-playwright;ci-postgres;ci-vite,trivy,debian,Debian,locales,2.41-12+deb13u4,CVE-2026-80489,MEDIUM,affected,,https://avd.aquasec.com/nvd/cve-2026-80489
ci-base;ci-go;ci-node;ci-playwright;ci-postgres;ci-vite,trivy,debian,Debian,locales,2.41-12+deb13u4,CVE-2026-8674,MEDIUM,affected,,https://avd.aquasec.com/nvd/cve-2026-8674
ci-base;ci-go;ci-node;ci-playwright;ci-postgres;ci-vite,trivy,debian,Debian,locales,2.41-12+deb13u4,CVE-2026-86805,MEDIUM,affected,,https://avd.aquasec.com/nvd/cve-2026-86805
ci-base;ci-go;ci-node;ci-playwright;ci-postgres;ci-vite,trivy,debian,Debian,locales,2.41-12+deb13u4,CVE-2026-89092,MEDIUM,affected,,https://avd.aquasec.com/nvd/cve-2026-89092
ci-base;ci-go;ci-node;ci-playwright;ci-postgres;ci-vite,trivy,debian,Debian,locales,2.41-12+deb13u4,CVE-2026-95818,MEDIUM,affected,,https://avd.aquasec.com/nvd/cve-2026-95818
ci-base;ci-go;ci-node;ci-playwright;ci-postgres;ci-vite,trivy,debian,Debian,locales,2.41-12+deb13u4,CVE-2026-97399,LOW,affected,,https://avd.aquasec.com/nvd/cve-2026-97399
ci-base;ci-go;ci-node;ci-playwright;ci-postgres;ci-vite,trivy,debian,Debian,login,1:4.16.0-2+really2.41.5-0+deb13u1,CVE-2022-0563,LOW,affected,,https://avd.aquasec.com/nvd/cve-2022-0563
ci-base;ci-go;ci-node;ci-playwright;ci-postgres;ci-vite,trivy,debian,Debian,login,1:4.16.0-2+really2.41.5-0+deb13u1,CVE-2026-3184,MEDIUM,affected,,https://avd.aquasec.com/nvd/cve-2026-3184
ci-base;ci-go;ci-node;ci-playwright;ci-postgres;ci-vite,trivy,debian,Debian,login,1:4.16.0-2+really2.41.5-0+deb13u1,CVE-2026-76642,HIGH,affected,,https://avd.aquasec.com/nvd/cve-2026-76642
ci-base;ci-go;ci-node;ci-playwright;ci-postgres;ci-vite,trivy,debian,Debian,login,1:4.16.0-2+really2.41.5-0+deb13u1,CVE-2026-78408,HIGH,affected,,https://avd.aquasec.com/nvd/cve-2026-78408
ci-base;ci-go;ci-node;ci-playwright;ci-postgres;ci-vite,trivy,debian,Debian,login,1:4.16.0-2+really2.41.5-0+deb13u1,CVE-2026-78409,HIGH,affected,,https://avd.aquasec.com/nvd/cve-2026-78409
ci-base;ci-go;ci-node;ci-playwright;ci-postgres;ci-vite,trivy,debian,Debian,login,1:4.16.0-2+really2.41.5-0+deb13u1,CVE-2026-78410,HIGH,affected,,https://avd.aquasec.com/nvd/cve-2026-78410
ci-base;ci-go;ci-node;ci-playwright;ci-postgres;ci-vite,trivy,debian,Debian,login.defs,1:4.17.4-2,CVE-2007-5686,LOW,affected,,https://avd.aquasec.com/nvd/cve-2007-5686
ci-base;ci-go;ci-node;ci-playwright;ci-postgres;ci-vite,trivy,debian,Debian,login.defs,1:4.17.4-2,CVE-2024-56433,LOW,affected,,https://avd.aquasec.com/nvd/cve-2024-56433
ci-base;ci-go;ci-node;ci-playwright;ci-postgres;ci-vite,trivy,debian,Debian,login.defs,1:4.17.4-2,TEMP-0628843-DBAD28,LOW,affected,,https://security-tracker.debian.org/tracker/TEMP-0628843-DBAD28
ci-playwright,trivy,debian,Debian,mesa-libgallium,25.0.7-2+deb13u1,CVE-2023-45913,LOW,affected,,https://avd.aquasec.com/nvd/cve-2023-45913
ci-playwright,trivy,debian,Debian,mesa-libgallium,25.0.7-2+deb13u1,CVE-2023-45919,LOW,affected,,https://avd.aquasec.com/nvd/cve-2023-45919
ci-playwright,trivy,debian,Debian,mesa-libgallium,25.0.7-2+deb13u1,CVE-2023-45922,LOW,affected,,https://avd.aquasec.com/nvd/cve-2023-45922
ci-playwright,trivy,debian,Debian,mesa-libgallium,25.0.7-2+deb13u1,CVE-2023-45931,LOW,affected,,https://avd.aquasec.com/nvd/cve-2023-45931
ci-base;ci-go;ci-node;ci-playwright;ci-postgres;ci-vite,trivy,debian,Debian,mount,2.41.5-0+deb13u1,CVE-2022-0563,LOW,affected,,https://avd.aquasec.com/nvd/cve-2022-0563
ci-base;ci-go;ci-node;ci-playwright;ci-postgres;ci-vite,trivy,debian,Debian,mount,2.41.5-0+deb13u1,CVE-2026-3184,MEDIUM,affected,,https://avd.aquasec.com/nvd/cve-2026-3184
ci-base;ci-go;ci-node;ci-playwright;ci-postgres;ci-vite,trivy,debian,Debian,mount,2.41.5-0+deb13u1,CVE-2026-76642,HIGH,affected,,https://avd.aquasec.com/nvd/cve-2026-76642
ci-base;ci-go;ci-node;ci-playwright;ci-postgres;ci-vite,trivy,debian,Debian,mount,2.41.5-0+deb13u1,CVE-2026-78408,HIGH,affected,,https://avd.aquasec.com/nvd/cve-2026-78408
ci-base;ci-go;ci-node;ci-playwright;ci-postgres;ci-vite,trivy,debian,Debian,mount,2.41.5-0+deb13u1,CVE-2026-78409,HIGH,affected,,https://avd.aquasec.com/nvd/cve-2026-78409
ci-base;ci-go;ci-node;ci-playwright;ci-postgres;ci-vite,trivy,debian,Debian,mount,2.41.5-0+deb13u1,CVE-2026-78410,HIGH,affected,,https://avd.aquasec.com/nvd/cve-2026-78410
ci-base;ci-go;ci-node;ci-playwright;ci-postgres;ci-vite,trivy,debian,Debian,ncurses-base,6.5+20250216-2,CVE-2025-6141,LOW,affected,,https://avd.aquasec.com/nvd/cve-2025-6141
ci-base;ci-go;ci-node;ci-playwright;ci-postgres;ci-vite,trivy,debian,Debian,ncurses-base,6.5+20250216-2,CVE-2025-69720,HIGH,affected,,https://avd.aquasec.com/nvd/cve-2025-69720
ci-base;ci-go;ci-node;ci-playwright;ci-postgres;ci-vite,trivy,debian,Debian,ncurses-bin,6.5+20250216-2,CVE-2025-6141,LOW,affected,,https://avd.aquasec.com/nvd/cve-2025-6141
ci-base;ci-go;ci-node;ci-playwright;ci-postgres;ci-vite,trivy,debian,Debian,ncurses-bin,6.5+20250216-2,CVE-2025-69720,HIGH,affected,,https://avd.aquasec.com/nvd/cve-2025-69720
ci-base;ci-go;ci-node;ci-playwright;ci-postgres;ci-vite,trivy,debian,Debian,passwd,1:4.17.4-2,CVE-2007-5686,LOW,affected,,https://avd.aquasec.com/nvd/cve-2007-5686
ci-base;ci-go;ci-node;ci-playwright;ci-postgres;ci-vite,trivy,debian,Debian,passwd,1:4.17.4-2,CVE-2024-56433,LOW,affected,,https://avd.aquasec.com/nvd/cve-2024-56433
ci-base;ci-go;ci-node;ci-playwright;ci-postgres;ci-vite,trivy,debian,Debian,passwd,1:4.17.4-2,TEMP-0628843-DBAD28,LOW,affected,,https://security-tracker.debian.org/tracker/TEMP-0628843-DBAD28
ci-base;ci-go;ci-node;ci-playwright;ci-postgres;ci-vite,trivy,debian,Debian,perl,5.40.1-6+deb13u1,CVE-2011-4116,LOW,affected,,https://avd.aquasec.com/nvd/cve-2011-4116
ci-base;ci-go;ci-node;ci-playwright;ci-postgres;ci-vite,trivy,debian,Debian,perl,5.40.1-6+deb13u1,CVE-2026-15534,MEDIUM,fix_deferred,,https://avd.aquasec.com/nvd/cve-2026-15534
ci-base;ci-go;ci-node;ci-playwright;ci-postgres;ci-vite,trivy,debian,Debian,perl,5.40.1-6+deb13u1,CVE-2026-82560,UNKNOWN,affected,,https://avd.aquasec.com/nvd/cve-2026-82560
ci-base;ci-go;ci-node;ci-playwright;ci-postgres;ci-vite,trivy,debian,Debian,perl,5.40.1-6+deb13u1,CVE-2026-9538,HIGH,fix_deferred,,https://avd.aquasec.com/nvd/cve-2026-9538
ci-base;ci-go;ci-node;ci-playwright;ci-postgres;ci-vite,trivy,debian,Debian,perl-base,5.40.1-6+deb13u1,CVE-2011-4116,LOW,affected,,https://avd.aquasec.com/nvd/cve-2011-4116
ci-base;ci-go;ci-node;ci-playwright;ci-postgres;ci-vite,trivy,debian,Debian,perl-base,5.40.1-6+deb13u1,CVE-2026-15534,MEDIUM,fix_deferred,,https://avd.aquasec.com/nvd/cve-2026-15534
ci-base;ci-go;ci-node;ci-playwright;ci-postgres;ci-vite,trivy,debian,Debian,perl-base,5.40.1-6+deb13u1,CVE-2026-82560,UNKNOWN,affected,,https://avd.aquasec.com/nvd/cve-2026-82560
ci-base;ci-go;ci-node;ci-playwright;ci-postgres;ci-vite,trivy,debian,Debian,perl-base,5.40.1-6+deb13u1,CVE-2026-9538,HIGH,fix_deferred,,https://avd.aquasec.com/nvd/cve-2026-9538
ci-base;ci-go;ci-node;ci-playwright;ci-postgres;ci-vite,trivy,debian,Debian,perl-modules-5.40,5.40.1-6+deb13u1,CVE-2011-4116,LOW,affected,,https://avd.aquasec.com/nvd/cve-2011-4116
ci-base;ci-go;ci-node;ci-playwright;ci-postgres;ci-vite,trivy,debian,Debian,perl-modules-5.40,5.40.1-6+deb13u1,CVE-2026-15534,MEDIUM,fix_deferred,,https://avd.aquasec.com/nvd/cve-2026-15534
ci-base;ci-go;ci-node;ci-playwright;ci-postgres;ci-vite,trivy,debian,Debian,perl-modules-5.40,5.40.1-6+deb13u1,CVE-2026-82560,UNKNOWN,affected,,https://avd.aquasec.com/nvd/cve-2026-82560
ci-base;ci-go;ci-node;ci-playwright;ci-postgres;ci-vite,trivy,debian,Debian,perl-modules-5.40,5.40.1-6+deb13u1,CVE-2026-9538,HIGH,fix_deferred,,https://avd.aquasec.com/nvd/cve-2026-9538
ci-base;ci-go;ci-node;ci-playwright;ci-postgres;ci-vite,trivy,debian,Debian,sysvinit-utils,3.14-4,TEMP-0517018-A83CE6,LOW,affected,,https://security-tracker.debian.org/tracker/TEMP-0517018-A83CE6
ci-base;ci-go;ci-node;ci-playwright;ci-postgres;ci-vite,trivy,debian,Debian,tar,1.35+dfsg-3.1,CVE-2005-2541,LOW,affected,,https://avd.aquasec.com/nvd/cve-2005-2541
ci-base;ci-go;ci-node;ci-playwright;ci-postgres;ci-vite,trivy,debian,Debian,tar,1.35+dfsg-3.1,CVE-2026-18477,MEDIUM,affected,,https://avd.aquasec.com/nvd/cve-2026-18477
ci-base;ci-go;ci-node;ci-playwright;ci-postgres;ci-vite,trivy,debian,Debian,tar,1.35+dfsg-3.1,CVE-2026-18508,MEDIUM,affected,,https://avd.aquasec.com/nvd/cve-2026-18508
ci-base;ci-go;ci-node;ci-playwright;ci-postgres;ci-vite,trivy,debian,Debian,tar,1.35+dfsg-3.1,CVE-2026-5704,MEDIUM,affected,,https://avd.aquasec.com/nvd/cve-2026-5704
ci-base;ci-go;ci-node;ci-playwright;ci-postgres;ci-vite,trivy,debian,Debian,tar,1.35+dfsg-3.1,TEMP-0290435-0B57B5,LOW,affected,,https://security-tracker.debian.org/tracker/TEMP-0290435-0B57B5
ci-base;ci-go;ci-node;ci-playwright;ci-vite,trivy,debian,Debian,unzip,6.0-29+deb13u1,CVE-2021-4217,LOW,affected,,https://avd.aquasec.com/nvd/cve-2021-4217
ci-base;ci-go;ci-node;ci-playwright;ci-postgres;ci-vite,trivy,debian,Debian,util-linux,2.41.5-0+deb13u1,CVE-2022-0563,LOW,affected,,https://avd.aquasec.com/nvd/cve-2022-0563
ci-base;ci-go;ci-node;ci-playwright;ci-postgres;ci-vite,trivy,debian,Debian,util-linux,2.41.5-0+deb13u1,CVE-2026-3184,MEDIUM,affected,,https://avd.aquasec.com/nvd/cve-2026-3184
ci-base;ci-go;ci-node;ci-playwright;ci-postgres;ci-vite,trivy,debian,Debian,util-linux,2.41.5-0+deb13u1,CVE-2026-76642,HIGH,affected,,https://avd.aquasec.com/nvd/cve-2026-76642
ci-base;ci-go;ci-node;ci-playwright;ci-postgres;ci-vite,trivy,debian,Debian,util-linux,2.41.5-0+deb13u1,CVE-2026-78408,HIGH,affected,,https://avd.aquasec.com/nvd/cve-2026-78408
ci-base;ci-go;ci-node;ci-playwright;ci-postgres;ci-vite,trivy,debian,Debian,util-linux,2.41.5-0+deb13u1,CVE-2026-78409,HIGH,affected,,https://avd.aquasec.com/nvd/cve-2026-78409
ci-base;ci-go;ci-node;ci-playwright;ci-postgres;ci-vite,trivy,debian,Debian,util-linux,2.41.5-0+deb13u1,CVE-2026-78410,HIGH,affected,,https://avd.aquasec.com/nvd/cve-2026-78410
ci-base;ci-go;ci-node;ci-playwright;ci-vite,trivy,debian,Debian,wget,1.25.0-2,CVE-2021-31879,MEDIUM,fix_deferred,,https://avd.aquasec.com/nvd/cve-2021-31879
ci-base;ci-go;ci-node;ci-playwright;ci-vite,trivy,debian,Debian,wget,1.25.0-2,CVE-2026-15146,MEDIUM,affected,,https://avd.aquasec.com/nvd/cve-2026-15146
ci-base;ci-go;ci-node;ci-playwright;ci-vite,trivy,debian,Debian,wget,1.25.0-2,CVE-2026-16599,LOW,affected,,https://avd.aquasec.com/nvd/cve-2026-16599
ci-base;ci-go;ci-node;ci-playwright;ci-vite,trivy,debian,Debian,wget,1.25.0-2,CVE-2026-58469,MEDIUM,affected,,https://avd.aquasec.com/nvd/cve-2026-58469
ci-base;ci-go;ci-node;ci-playwright;ci-vite,trivy,debian,Debian,wget,1.25.0-2,CVE-2026-58470,MEDIUM,affected,,https://avd.aquasec.com/nvd/cve-2026-58470
ci-base;ci-go;ci-node;ci-playwright;ci-vite,trivy,debian,Debian,wget,1.25.0-2,CVE-2026-58471,HIGH,affected,,https://avd.aquasec.com/nvd/cve-2026-58471
ci-base;ci-go;ci-node;ci-playwright;ci-vite,trivy,debian,Debian,wget,1.25.0-2,CVE-2026-58472,HIGH,affected,,https://avd.aquasec.com/nvd/cve-2026-58472
ci-playwright,trivy,debian,Debian,x11-xkb-utils,7.7+9,CVE-2018-15853,LOW,affected,,https://avd.aquasec.com/nvd/cve-2018-15853
ci-playwright,trivy,debian,Debian,x11-xkb-utils,7.7+9,CVE-2018-15859,LOW,affected,,https://avd.aquasec.com/nvd/cve-2018-15859
ci-playwright,trivy,debian,Debian,x11-xkb-utils,7.7+9,CVE-2018-15861,LOW,affected,,https://avd.aquasec.com/nvd/cve-2018-15861
ci-playwright,trivy,debian,Debian,x11-xkb-utils,7.7+9,CVE-2018-15863,LOW,affected,,https://avd.aquasec.com/nvd/cve-2018-15863
ci-playwright,trivy,debian,Debian,xserver-common,2:21.1.16-1.3+deb13u4,CVE-2023-5574,HIGH,fix_deferred,,https://avd.aquasec.com/nvd/cve-2023-5574
ci-playwright,trivy,debian,Debian,xserver-common,2:21.1.16-1.3+deb13u4,CVE-2026-88812,HIGH,affected,,https://avd.aquasec.com/nvd/cve-2026-88812
ci-playwright,trivy,debian,Debian,xserver-common,2:21.1.16-1.3+deb13u4,CVE-2026-93515,MEDIUM,affected,,https://avd.aquasec.com/nvd/cve-2026-93515
ci-playwright,trivy,debian,Debian,xserver-common,2:21.1.16-1.3+deb13u4,CVE-2026-93516,UNKNOWN,affected,,https://avd.aquasec.com/nvd/cve-2026-93516
ci-playwright,trivy,debian,Debian,xserver-common,2:21.1.16-1.3+deb13u4,CVE-2026-93517,MEDIUM,affected,,https://avd.aquasec.com/nvd/cve-2026-93517
ci-playwright,trivy,debian,Debian,xserver-common,2:21.1.16-1.3+deb13u4,CVE-2026-93518,MEDIUM,affected,,https://avd.aquasec.com/nvd/cve-2026-93518
ci-playwright,trivy,debian,Debian,xserver-common,2:21.1.16-1.3+deb13u4,CVE-2026-93519,MEDIUM,affected,,https://avd.aquasec.com/nvd/cve-2026-93519
ci-playwright,trivy,debian,Debian,xserver-common,2:21.1.16-1.3+deb13u4,CVE-2026-93520,MEDIUM,affected,,https://avd.aquasec.com/nvd/cve-2026-93520
ci-playwright,trivy,debian,Debian,xserver-common,2:21.1.16-1.3+deb13u4,CVE-2026-93521,HIGH,affected,,https://avd.aquasec.com/nvd/cve-2026-93521
ci-playwright,trivy,debian,Debian,xserver-common,2:21.1.16-1.3+deb13u4,CVE-2026-93523,HIGH,affected,,https://avd.aquasec.com/nvd/cve-2026-93523
ci-playwright,trivy,debian,Debian,xserver-common,2:21.1.16-1.3+deb13u4,CVE-2026-93524,LOW,affected,,https://avd.aquasec.com/nvd/cve-2026-93524
ci-playwright,trivy,debian,Debian,xserver-common,2:21.1.16-1.3+deb13u4,CVE-2026-93536,LOW,affected,,https://avd.aquasec.com/nvd/cve-2026-93536
ci-playwright,trivy,debian,Debian,xvfb,2:21.1.16-1.3+deb13u4,CVE-2023-5574,HIGH,fix_deferred,,https://avd.aquasec.com/nvd/cve-2023-5574
ci-playwright,trivy,debian,Debian,xvfb,2:21.1.16-1.3+deb13u4,CVE-2026-88812,HIGH,affected,,https://avd.aquasec.com/nvd/cve-2026-88812
ci-playwright,trivy,debian,Debian,xvfb,2:21.1.16-1.3+deb13u4,CVE-2026-93515,MEDIUM,affected,,https://avd.aquasec.com/nvd/cve-2026-93515
ci-playwright,trivy,debian,Debian,xvfb,2:21.1.16-1.3+deb13u4,CVE-2026-93516,UNKNOWN,affected,,https://avd.aquasec.com/nvd/cve-2026-93516
ci-playwright,trivy,debian,Debian,xvfb,2:21.1.16-1.3+deb13u4,CVE-2026-93517,MEDIUM,affected,,https://avd.aquasec.com/nvd/cve-2026-93517
ci-playwright,trivy,debian,Debian,xvfb,2:21.1.16-1.3+deb13u4,CVE-2026-93518,MEDIUM,affected,,https://avd.aquasec.com/nvd/cve-2026-93518
ci-playwright,trivy,debian,Debian,xvfb,2:21.1.16-1.3+deb13u4,CVE-2026-93519,MEDIUM,affected,,https://avd.aquasec.com/nvd/cve-2026-93519
ci-playwright,trivy,debian,Debian,xvfb,2:21.1.16-1.3+deb13u4,CVE-2026-93520,MEDIUM,affected,,https://avd.aquasec.com/nvd/cve-2026-93520
ci-playwright,trivy,debian,Debian,xvfb,2:21.1.16-1.3+deb13u4,CVE-2026-93521,HIGH,affected,,https://avd.aquasec.com/nvd/cve-2026-93521
ci-playwright,trivy,debian,Debian,xvfb,2:21.1.16-1.3+deb13u4,CVE-2026-93523,HIGH,affected,,https://avd.aquasec.com/nvd/cve-2026-93523
ci-playwright,trivy,debian,Debian,xvfb,2:21.1.16-1.3+deb13u4,CVE-2026-93524,LOW,affected,,https://avd.aquasec.com/nvd/cve-2026-93524
ci-playwright,trivy,debian,Debian,xvfb,2:21.1.16-1.3+deb13u4,CVE-2026-93536,LOW,affected,,https://avd.aquasec.com/nvd/cve-2026-93536
ci-base;ci-go;ci-node;ci-playwright;ci-postgres;ci-vite,trivy,debian,Debian,zlib1g,1:1.3.dfsg+really1.3.1-1+b1,CVE-2026-27171,MEDIUM,affected,,https://avd.aquasec.com/nvd/cve-2026-27171
ci-base;ci-go;ci-node;ci-playwright;ci-postgres;ci-vite,trivy,debian,Debian,zlib1g,1:1.3.dfsg+really1.3.1-1+b1,CVE-2026-85091,MEDIUM,affected,,https://avd.aquasec.com/nvd/cve-2026-85091
ci-base;ci-go;ci-node;ci-playwright;ci-vite,trivy,gobinary,opt/ci-tools/docker-compose/5.6.0/docker-compose,golang.org/x/crypto,v0.57.0,GO-2026-5932,UNKNOWN,affected,,
ci-base;ci-go;ci-node;ci-playwright;ci-vite,trivy,gobinary,opt/ci-tools/gh/2.102.0/gh,golang.org/x/crypto,v0.57.0,GO-2026-5932,UNKNOWN,affected,,
ci-base;ci-go;ci-node;ci-playwright;ci-vite,trivy,gobinary,opt/ci-tools/git-lfs/3.8.0/git-lfs,golang.org/x/crypto,v0.57.0,GO-2026-5932,UNKNOWN,affected,,
ci-base;ci-go;ci-node;ci-playwright;ci-vite,trivy,gobinary,opt/ci-tools/gitleaks/8.30.1/gitleaks,golang.org/x/crypto,v0.57.0,GO-2026-5932,UNKNOWN,affected,,
ci-go,trivy,gobinary,opt/ci-tools/goose/3.28.0/goose,golang.org/x/crypto,v0.57.0,GO-2026-5932,UNKNOWN,affected,,
ci-base;ci-go;ci-node;ci-playwright;ci-vite,trivy,gobinary,opt/ci-tools/osv-scanner/2.6.0/osv-scanner,golang.org/x/crypto,v0.57.0,GO-2026-5932,UNKNOWN,affected,,
ci-base;ci-go;ci-node;ci-playwright;ci-vite,trivy,gobinary,opt/ci-tools/trivy/0.75.0/trivy,golang.org/x/crypto,v0.57.0,GO-2026-5932,UNKNOWN,affected,,
ci-node;ci-playwright;ci-vite,trivy,node-pkg,opt/ci-tools/markdownlint-cli2/0.23.3/node_modules/braces/package.json,braces,3.0.3,CVE-2026-93687,HIGH,affected,,https://avd.aquasec.com/nvd/cve-2026-93687
